ticker,sector,industry,marketCap,enterpriseValue,ebitda,netIncomeToCommon,freeCashflow,bookValue,sharesOutstanding,totalDebt,totalCash,totalAssets,grossProfits,operatingCashflow,returnOnAssets,returnOnEquity,operatingMargins,grossMargins,currentRatio,debtToEquity,totalRevenue,revenueGrowth,earningsGrowth,interestExpense,enterprise_value,book_value_total,net_debt,ebitda_yield,earnings_yield,fcf_yield,book_yield,gp_a,fcf_ni,revenue_cagr_3y,fcf_cagr_3y,revenue_trend_ols,fcf_trend_ols,delta_gross_margin,asset_growth,share_dilution,dn_ebitda,interest_coverage,cfo_debt,roce,country,currency
NVDA,Technology,Semiconductors,4918316367872.0,4809806053376.0,165514002432.0,159612993536.0,46335873024.0,8.07,24221000000.0,12814000128.0,53171998720.0,206803000000.0,187952005120.0,125648003072.0,0.52727,1.14288,0.65596,0.74144995,3.441,6.555,253491003392.0,0.852,2.145,,4809806053376.0,157293000000.0,-40357998592.0,0.0344117830522138,0.0324527707446073,0.0094210842813367,0.0319810659248127,0.908845641117392,0.2903013846021824,1.0004509499443963,1.9390518269164567,0.5861584828161011,0.6634939848586203,0.1413918986655575,0.8530568722502486,-0.0070678596233198,-0.2438343463332097,547.1389961389962,9.80552534859472,0.8114349519010536,United States,USD
AAPL,Technology,Consumer Electronics,4269614563328.0,4298743218176.0,159975997440.0,122575003648.0,101090746368.0,7.26,14687356000.0,84710998016.0,68507000832.0,359241000000.0,216070995968.0,140222005248.0,0.26229,1.4147099,0.32275,0.47862,1.07,0.79548,451442016256.0,0.166,0.218,,4298743218176.0,73733000000.0,16203997184.0,0.0372145972254373,0.0287086812708586,0.0236767850747641,0.0172692403275222,0.6014653003638226,0.8247256239804277,0.0181253574347939,-0.0394506348716261,0.0184877799154346,-0.0275250178571002,0.0359553354580036,-0.015724149268453,-0.0227248040688013,0.1012901775472749,33.82913806254767,1.655298704207395,0.6872062393471412,United States,USD
MSFT,Technology,Software - Infrastructure,2917777801216.0,2998966943744.0,184457003008.0,125215997952.0,37011251200.0,55.777,7428434704.0,125431996416.0,78227996672.0,619003000000.0,217409994752.0,170141007872.0,0.14814,0.34013999,0.46326,0.68309,1.283,0.30271,318272995328.0,0.183,0.234,,2998966943744.0,343479000000.0,47203999744.0,0.0615068476805944,0.0429148504385137,0.0126847394563682,0.1177193821465271,0.3512260760480967,0.295579253492735,0.1242311465286305,0.0320260542058479,0.1210499972786385,0.0502867120966608,0.0042206790187608,0.2086054634950201,2.6628504491861013e-06,0.2559078754085185,52.835220125786165,1.3564402443832662,0.2637420597130508,United States,USD
AMZN,Consumer Cyclical,Internet Retail,2559815712768.0,2652643000320.0,155860992000.0,90797998080.0,9806624768.0,41.093,10757109436.0,235540004864.0,143088992256.0,818042000000.0,375875010560.0,148531003392.0,0.06845,0.24285,0.1314,0.50604,1.177,0.5329999999999999,742775980032.0,0.166,0.748,,2652643000320.0,411065000000.0,92451012608.0,0.0587568670119566,0.0354705214235198,0.0038309885821412,0.1605838256049706,0.4594813109351353,0.1080048566639058,0.1173128360180639,,0.1099988500812923,0.3319469687677709,0.0648032500291637,0.3090892215319718,0.0124234785740007,0.5931632502890781,43.79287598944591,0.6305977767036275,0.1659647655061271,United States,USD
GOOGL,Communication Services,Internet Content & Information,4275056410624.0,4286935990272.0,161315995648.0,160207994880.0,27921750016.0,39.514,5863336837.0,95875997696.0,126839996416.0,595281000000.0,255053004800.0,174353006592.0,0.14641,0.38884997,0.36121,0.60368,1.922,0.20026,422498009088.0,0.218,0.82,,4286935990272.0,415265000000.0,-30963998720.0,0.037629672104753,0.0374750598569565,0.0065313173287284,0.0971367299313336,0.4284581647994812,0.1742843734915609,0.1251174560921597,0.0687914024922291,0.1199102960053131,0.0624777251528843,0.0427287258225685,0.322094541771792,-0.0100728851035951,-0.1919462394018574,216.7961956521739,1.81852612522304,0.3239600760147481,United States,USD
AVGO,Technology,Semiconductors,1808927162368.0,1815574609920.0,42083999744.0,29316999168.0,27212249088.0,18.43,4757580198.0,64907001856.0,19627999232.0,171092000000.0,57568002048.0,33621999616.0,0.121190004,0.37280998,0.48988,0.76284,2.238,0.7401800000000001,75464998912.0,0.479,0.854,,1815574609920.0,81292000000.0,45279002624.0,0.0231794383519465,0.0162068433588128,0.0150433083509992,0.0449393439886123,0.3364739558132467,0.928207178779151,0.2437842600004176,0.1816540426343054,0.2337494511689423,0.1673638707909259,0.012213335716367,0.0328835763228591,0.0117370892018779,1.0759196582890276,8.080685358255451,0.5180026600303058,0.1700048499783717,United States,USD
GOOG,Communication Services,Internet Content & Information,4245727477760.0,4249861226496.0,161315995648.0,160207994880.0,27921750016.0,39.514,5495819345.0,95875997696.0,126839996416.0,595281000000.0,255053004800.0,174353006592.0,0.14641,0.38884997,0.36121,0.60368,1.922,0.20026,422498009088.0,0.218,0.82,,4249861226496.0,415265000000.0,-30963998720.0,0.0379579442835136,0.0377339326933258,0.006576434818829,0.0978077378200188,0.4284581647994812,0.1742843734915609,0.1251174560921597,0.0687914024922291,0.1199102960053131,0.0624777251528843,0.0427287258225685,0.322094541771792,-0.0100728851035951,-0.1919462394018574,216.7961956521739,1.81852612522304,0.3239600760147481,United States,USD
META,Communication Services,Internet Content & Information,1431137550336.0,1454977974272.0,109308002304.0,70586998784.0,25558249472.0,96.013,2196045588.0,86769000448.0,81180000256.0,366021000000.0,176141991936.0,124000002048.0,0.16395001,0.32930002,0.40617,0.81941,2.348,0.3560799999999999,214962995200.0,0.331,0.624,,1454977974272.0,217243000000.0,5589000192.0,0.0751269120473747,0.0493223022255461,0.0178586953196773,0.1517974285204074,0.481234661224356,0.362081543517803,0.1989383144293925,0.3370839123575326,0.183260991477816,0.2212672284117453,0.0365214531338012,0.3259036275511313,-0.0019133389649935,0.0511307504866501,74.76137339055794,1.4290818311582631,0.268664497123556,United States,USD
TSLA,Consumer Cyclical,Auto Manufacturers,1458403934208.0,1404979642368.0,11093999616.0,3862000128.0,5251999744.0,21.897,3755723871.0,15889999872.0,44743000064.0,137806000000.0,18660999168.0,16528000000.0,0.022330001,0.04901,0.04203,0.19065,2.043,18.738,97878999040.0,0.158,0.083,,1404979642368.0,82137000000.0,-28853000192.0,0.0078961995472772,0.0026481004592855,0.0036011969117816,0.0563197877305544,0.1354149976633818,1.359917030018286,0.051943257367141,-0.062633415093298,0.0442473675125151,-0.0879226163058498,-0.0757192709914285,0.1289096420086835,0.1663557213930348,-2.600775301126529,16.615384615384617,1.0401510467677366,0.0529351883271123,United States,USD
MU,Technology,Semiconductors,1044135084032.0,1002012475392.0,36802998272.0,24110999552.0,2893499904.0,64.237,1127734051.0,10798000128.0,14588999680.0,82798000000.0,33962999808.0,30652999680.0,0.20145,0.39823002,0.67624,0.58437,2.897,14.902,58119000064.0,1.963,7.56,,1002012475392.0,54165000000.0,-3790999552.0,0.0367290818985085,0.0230918392847156,0.0027711930651985,0.0518754716974341,0.4101910650981907,0.1200074637204323,0.0671348972693626,-0.18786951546609,0.1082151359997058,0.0689655172413793,-0.0539420649840632,0.1927797625907572,0.0105030650944539,-0.1030078996276839,21.238993710691823,2.838766374943314,0.1420021305225386,United States,USD
LLY,Healthcare,Drug Manufacturers - General,1021008150528.0,1051436187648.0,36215001088.0,25276999680.0,9156599808.0,34.917,891741406.0,43370000384.0,5281999872.0,112476000000.0,59845001216.0,20480000000.0,0.20739001,1.07459,0.49386,0.82832,1.497,1.3901499999999998,72248999936.0,0.555,1.699,,1051436187648.0,26535000000.0,38088000512.0,0.0344433656682587,0.0247569029365028,0.0089681946253463,0.025989018781366,0.5320690744336569,0.3622502640313362,0.3168737488062043,0.0903870375710942,0.2795618419850145,0.2167468719923002,0.0627233172109146,0.4289017341040462,-0.0032735417020517,1.0517188835490778,38.04253138611325,0.4722158132042686,0.3844241922120961,United States,USD
JPM,Financial Services,Banks - Diversified,831184437248.0,587248173056.0,,57512001536.0,,128.379,2679511418.0,1321104965632.0,1582246002688.0,4424900000000.0,173559005184.0,-107704000512.0,0.01272,0.16465001,0.43741,0.0,,3.645050920797488,173559005184.0,0.127,0.172,,587248173056.0,362438000000.0,-261141037056.0,0.0,0.0691928276790391,0.0,0.4360500314467023,0.0392232604542475,0.0,0.1249705229407649,,0.1115815541867453,,,0.1054473178119193,0.0,,,-0.0815256950158201,,United States,USD
AMD,Technology,Semiconductors,778416291840.0,729207734272.0,7430000128.0,4931999744.0,7173374976.0,39.547,1630600639.0,3871000064.0,12346999808.0,76926000000.0,19872999424.0,9724999680.0,0.03647,0.08063,0.14396,0.5306,2.725,6.005,37454000128.0,0.378,0.912,,729207734272.0,62999000000.0,-8475999744.0,0.0101891405957421,0.0063359410584044,0.0092153453764999,0.0809322732070324,0.2583391756233263,1.4544556667357362,0.1364359933536842,0.2930833400930863,0.135772456773347,0.3631578947368421,0.0459037855082198,0.1112298847253921,0.0089285714285714,-1.1407805650040497,32.603053435114504,2.512270606875402,0.0633012701753345,United States,USD
BRK-B,Financial Services,Insurance - Diversified,1038093713408.0,-265532506112.0,118003998720.0,72471003136.0,61228249088.0,505559.44,1398308677.0,128885997568.0,397383008256.0,1222176000000.0,104282996736.0,45504000000.0,0.053940002,0.10499,0.14352,0.2778,2.876,17.669,375394009088.0,0.044,1.196,,,717419000000.0,-268497010688.0,,0.0698116193171828,0.0589814274926984,0.6910927122800465,0.0853256787369413,0.8448654832760945,0.2058649958540774,0.0459257907882495,0.1363463491869843,-0.0394108523621378,,0.0591872125461811,0.0,-2.2753212908071867,17.267311106727163,0.3530561958524019,,United States,USD
ASML.AS,Technology,Semiconductor Equipment & Materials,606262001664.0,575204163584.0,12704400384.0,10011100160.0,8243274752.0,54.046,385417665.0,2705600000.0,8376300032.0,50566600000.0,17723299840.0,10531500032.0,0.15664,0.52236,0.36020002,0.52603,1.36,12.989,33692700672.0,0.132,0.192,,575204163584.0,19612200000.0,-5670700032.0,0.0220867670790854,0.016512828005916,0.0135968850585634,0.032349380212137,0.3504941965645307,0.8234134730702765,0.1555113426332901,0.1544288265542819,0.1283437030660547,0.2282095717950145,0.0229401033902318,0.0406877191827057,-0.0144301043962312,-0.4463571566228119,97.4167371090448,3.8924822708456537,0.4381451333893478,Netherlands,EUR
XOM,Energy,Oil & Gas Integrated,625285988352.0,670152916992.0,56007000064.0,25314000896.0,11630499840.0,62.069,4144947162.0,47660998656.0,8434999808.0,448980000000.0,97044996096.0,47722000384.0,0.04221,0.09873,0.06355,0.29768,1.036,18.261,326008012800.0,0.026,-0.434,,670152916992.0,259386000000.0,39225998848.0,0.0835734630767392,0.0404838767660817,0.0186002885985871,0.4148277825377731,0.2161454766270212,0.4594492940006887,-0.0668899154629597,-0.2605114854361147,-0.0629448545101981,-0.2929998358053746,-0.0385828281944581,-0.0099123435691052,-1.1788862143425417e-05,0.7003767172527701,69.43781094527363,1.001279908724538,0.1111668657905217,United States,USD
JNJ,Healthcare,Drug Manufacturers - General,579681910784.0,607033163776.0,34325000192.0,21040001024.0,12511375360.0,33.735,2407216971.0,54987001856.0,22051000320.0,199210000000.0,65559998464.0,22869999616.0,0.08424,0.26416,0.27408,0.68035007,1.025,0.6773,96361996288.0,0.099,-0.529,,607033163776.0,81544000000.0,32936001536.0,0.0565455105920146,0.0362957695118416,0.0215831736806808,0.1406702511895093,0.3290999370714321,0.5946470889297234,0.055992849541788,0.0396809057324833,0.0531601577422069,0.0368562936337872,-0.013724392924292,0.1060831519566472,0.0,0.9595339068250398,34.55406797116375,0.4159164683299513,0.2312591326404014,United States,USD
V,Financial Services,Credit Services,611971629056.0,619189436416.0,30143000576.0,22033000448.0,20839749632.0,18.642,1659709932.0,23975999488.0,13912999936.0,99627000000.0,42070999040.0,22755999744.0,0.19193001,0.60349,0.67346,0.97778,1.088,0.6723300000000001,43027001344.0,0.171,0.355,,619189436416.0,37909000000.0,10062999552.0,0.048681386992766,0.0360033037511675,0.0340534571253678,0.0619456821200628,0.4222851138747528,0.945842563802593,0.1092124213025429,0.0646722772666168,0.1025259447816722,0.0518517566959984,-0.0007762282497441,0.0541312651437398,-0.0238590740896708,0.3338419984642208,45.08658743633277,0.9491157920398434,0.4112172687715821,United States,USD
WMT,Consumer Defensive,Discount Stores,960394493952.0,1031125794816.0,44837998592.0,22735998976.0,6862249984.0,12.501,7958079155.0,75545001984.0,10728999936.0,284668000000.0,181155004416.0,40891998208.0,0.06835,0.24132,0.042150002,0.24976,0.771,0.74816,725304999936.0,0.073,0.194,,1031125794816.0,99617000000.0,64816002048.0,0.043484508696634,0.0236736040441484,0.007145240864264,0.1037250844599061,0.6363729130636391,0.3018231128196194,0.0527229092916887,0.0758493113567035,0.0510230399741931,0.0464973394042459,0.0078623594719878,0.0914221521874988,-0.0068544366899302,1.4455596610764976,11.528403001071812,0.5412932309758982,0.182100350453445,United States,USD
CSCO,Technology,Communication Equipment,468518338560.0,484603428864.0,17006999552.0,11957999616.0,9288375296.0,12.401,3941434665.0,33001000960.0,16640000000.0,122291000000.0,39058001920.0,13025000448.0,0.07337,0.25229,0.24992001,0.64296997,0.925,0.67541,60745998336.0,0.12,0.371,,484603428864.0,46843000000.0,16361000960.0,0.0350946744059726,0.0255230129363839,0.0198249983651611,0.0999811451222439,0.3193857431863342,0.7767499242575657,0.0319238415772846,0.0138985441169641,0.022091940167662,-0.0521669922581578,0.023897974041091,-0.0170560954241116,-0.0117299276266533,0.9620157224074232,7.967984934086629,0.3946850116391136,0.14551686977656,United States,USD
INTC,Technology,Semiconductors,594374754304.0,563820036096.0,14174000128.0,-3174000128.0,-8301250048.0,22.177,5026000000.0,45030998016.0,32789000192.0,211429000000.0,20000000000.0,9980000256.0,0.0063099996,-0.02911,0.06879,0.372,2.312,0.36028,53762998272.0,0.072,,,563820036096.0,114281000000.0,12241997824.0,0.0251392274494953,0.0,0.0,0.1922709522442967,0.0945944028491834,,-0.0571288797823601,,-0.0568546291816732,0.1084456484930579,-0.0784168493236814,0.0760566964399318,0.1533487297921478,0.863693926446111,2.4271310724106323,0.2216251181564752,0.0147230531431049,United States,USD
COST,Consumer Defensive,Discount Stores,436192477184.0,434382209024.0,13790000128.0,8837999616.0,6954375168.0,37.278,443478804.0,10227999744.0,11125999616.0,77099000000.0,37802000384.0,15000000512.0,0.086660005,0.29152,0.036730003,0.12876001,1.072,0.6025699999999999,293586993152.0,0.215,0.455,,434382209024.0,29164000000.0,-897999872.0,0.0317462360140953,0.0202616965635375,0.0159433633814514,0.0668603919725504,0.4903046781929727,0.7868720830684408,0.0664044272694748,0.3081350392193374,0.0628695446737115,0.2086759469083846,0.0069448935303497,0.1040798499233864,0.0002504930877447,-0.0651196420351476,71.24675324675324,1.4665624645522088,0.2743617313895626,United States,USD
CAT,Industrials,Farm & Heavy Construction Machinery,406454009856.0,434127994880.0,14556999680.0,9429999616.0,3776624896.0,40.511,460591983.0,43065999360.0,3316000000.0,98585000000.0,20237000704.0,12320000000.0,0.085200004,0.51331,0.18180001,0.28601998,1.353,2.3079300000000003,70755000320.0,0.222,0.302,,434127994880.0,21318000000.0,39749999360.0,0.0335315848129623,0.0232006558856213,0.0092916413774291,0.0524487383149513,0.2052746432418725,0.4004904612712976,0.0438323160905727,0.1298762674135851,0.0343550225003379,0.0753690007364006,0.0230927332480928,0.123296568068912,0.0,2.7306450665526154,23.99003984063745,0.2860725440738965,0.1941573830751124,United States,USD
MA,Financial Services,Credit Services,431215443968.0,442887176192.0,21376999424.0,15569999872.0,16148124672.0,7.576,877036230.0,18959998976.0,8218999808.0,54157000000.0,33938999296.0,18267000832.0,0.25032,2.32076,0.60836,1.0,0.981,2.82059,33938999296.0,0.158,0.212,,442887176192.0,7737000000.0,10740999168.0,0.0482673705023526,0.0361072407999269,0.0374479274754322,0.0179423072810308,0.6266779787654412,1.03713068752426,0.1382198495222513,0.1762342728624237,0.1282853000655628,0.1701582073751691,0.0155498609221884,0.1263700838168923,0.0011611351389676,0.5024558851763385,26.73130193905817,0.9634494630048656,0.6147475712693103,United States,USD
ABBV,Healthcare,Drug Manufacturers - General,396583141376.0,461005029376.0,29915000832.0,3595000064.0,20811624448.0,-3.767,1766792821.0,72912003072.0,9390999552.0,133960000000.0,45246001152.0,21223999488.0,0.10032,-1.0993883987767583,0.32156,0.72026,0.796,-22.29724864587156,62819000320.0,0.124,-0.462,,461005029376.0,,63521003520.0,0.0648908339947871,0.0090649341561183,0.0524773301653499,,0.3377575481636309,5.789047031293738,0.0175250491815381,-0.0976436194834349,0.0197227950197071,-0.1148197857439176,0.0023165843000911,-0.0088856992771583,0.003867741480555,2.123382976879337,3.280331835464916,0.291090610513628,0.1046641153180178,United States,USD
LRCX,Technology,Semiconductor Equipment & Materials,435974045696.0,401417306112.0,7847764992.0,6708201984.0,4352341504.0,8.464,1250571000.0,3734479104.0,4750936064.0,21345260000.0,10836277248.0,6954616832.0,0.22778,0.66762,0.35042998,0.49979,2.536,0.3528199999999999,21681844224.0,0.238,0.408,,401417306112.0,9861619000.0,-1016456960.0,0.0195501411436665,0.0153867003098564,0.0099830289141451,0.0226197387146215,0.5076666785974966,0.6488089527388924,0.0228583053877879,0.2846602270332576,0.006485777833493,0.1931174277116664,0.0301053744482847,0.1387340483148115,0.0014606996588764,-0.1295218397895674,34.43450446962172,1.862272257609076,0.4152670040641315,United States,USD
ORCL,Technology,Software - Infrastructure,519629635584.0,703521292288.0,31737999360.0,16984000512.0,-25148874752.0,11.666,2876046000.0,156188999680.0,31893999616.0,168361000000.0,44336001024.0,31977000960.0,0.06523,0.53376,0.36259,0.65822,1.115,3.62758,67356999680.0,0.206,0.219,,703521292288.0,20451000000.0,124295000064.0,0.0451130615489707,0.0326848188574003,0.0,0.0393568776673323,0.2633389028575501,-1.4807391659127147,0.1058841925728881,,0.094467186837251,-0.2012374022335499,-0.0857347267804207,0.1942529224832595,0.0188747731397459,3.9162834006686422,4.957518166573505,0.2047327342227332,0.1306974756480348,United States,USD
BAC,Financial Services,Banks - Diversified,384706183168.0,360660041728.0,,30256001024.0,,38.664,7096590651.0,799901024256.0,851284983808.0,3411738000000.0,109590003712.0,56567001088.0,0.00927,0.10644,0.35956,0.0,,2.6378218928582027,109590003712.0,0.081,0.244,,360660041728.0,303243000000.0,-51383959552.0,0.0,0.0786470359661136,0.0,0.7882457139181844,0.0321214594180444,0.0,0.0600313396958087,,0.0552261731049842,,,0.0461285518439125,-0.0523459694474034,,,0.070717500506533,,United States,USD
UNH,Healthcare,Healthcare Plans,371199475712.0,424158527488.0,21464000512.0,12044000256.0,17687500800.0,107.798,908144404.0,77917003776.0,31228999680.0,309581000000.0,84551999488.0,23153000448.0,0.03783,0.121759996,0.080469996,0.18801,0.798,0.73982,449713012736.0,0.02,0.007,,424158527488.0,94110000000.0,46688004096.0,0.0506037227145156,0.0324461672067244,0.0476495845423097,0.2535294529160825,0.2731175346290631,1.4685735988081334,0.1135216144319346,-0.1176918367873717,0.103359291643264,-0.1256096708825379,-0.0603470291661825,0.0378941792555937,-0.0100124371584699,2.175177179570876,4.672413793103448,0.2971495222603976,0.0960479546341764,United States,USD
AMAT,Technology,Semiconductor Equipment & Materials,423958446080.0,393632776192.0,9274999808.0,8508000256.0,3040375040.0,30.114,793959430.0,7267999744.0,8240999936.0,36299000000.0,14209000448.0,7992999936.0,0.14858,0.39692003,0.31896,0.48956,2.508,0.30399,29024000000.0,0.114,0.335,,393632776192.0,20415000000.0,-973000192.0,0.0235625699102759,0.0200680050949959,0.0071713986786013,0.0481533041475195,0.3914433027907105,0.357354836450066,0.0323347045688675,0.0730279851789428,0.0311852085381006,0.0496396360915284,0.0216302517203466,0.054927489900898,-0.0123213405618531,-0.1049056832497995,35.46468401486989,1.0997523689511015,0.3371024734982332,United States,USD
CVX,Energy,Oil & Gas Integrated,378841890816.0,421073158144.0,37906001920.0,11009000448.0,11776499712.0,92.906,1991597732.0,45427998720.0,5327000064.0,324012000000.0,78792998912.0,31264000000.0,0.0346,0.06638,0.07312,0.42421,1.094,0.23989,185740001280.0,0.023,-0.445,,421073158144.0,186450000000.0,40100998656.0,0.0900223659163683,0.0290596175208801,0.0310855266998963,0.4921578223527478,0.2431792616075948,1.069715617473649,-0.0785287489536495,-0.2388635250565913,-0.0776600417532413,-0.3047661830106464,-0.0097581755986701,0.2610513042056838,0.0,1.0579063110014215,17.222678718159408,0.6882099339814369,0.0721204301075268,United States,USD
NFLX,Communication Services,Entertainment,341433024512.0,349902864384.0,14288497664.0,13373640704.0,25993676800.0,7.389,4210798528.0,16742200320.0,12288449536.0,55596993000.0,22989572096.0,12650278912.0,0.15402001,0.48494998,0.32303002,0.49029,1.407,0.5378799999999999,46889992192.0,0.162,0.864,,349902864384.0,26615488000.0,4453750784.0,0.0408356121609771,0.0391691481019287,0.0761311148420747,0.0779522954407843,0.4135038759380386,1.9436500034149564,0.1263971837136066,0.8013844914210329,0.1230049515709802,0.3774783132098985,0.091158705640727,0.0366698729343189,0.0095659224549012,0.3117018239938035,17.384273222495526,0.7555923755665588,0.3025605822728016,United States,USD
GE,Industrials,Aerospace & Defense,338326290432.0,343501996032.0,11036999680.0,8563999744.0,5667999744.0,17.809,1043337235.0,21321000960.0,10581000192.0,130169000000.0,15048999936.0,8851000320.0,0.048520003,0.45428002,0.20207001,0.31149,1.008,1.16527,48312999936.0,0.247,-0.018,,343501996032.0,18677000000.0,10740000768.0,0.0321308167273992,0.0253128414379646,0.0167530573422558,0.0552041048189067,0.115611243352872,0.6618402514515536,0.1631543559703441,0.11395514846114,0.1435871286331553,0.1048138764373416,0.0554159620448267,0.0570813707974663,-0.2826493146374829,0.973090611523874,12.862396204033216,0.4151306187080628,0.1189081896740799,United States,USD
PG,Consumer Defensive,Household & Personal Products,346379091968.0,372782661632.0,25041999872.0,16323000320.0,12733750272.0,23.081,2328598978.0,37026000896.0,12305999872.0,125231000000.0,44211998720.0,19409999872.0,0.10925999,0.31112,0.23047,0.50984,0.732,0.67651,86716997632.0,0.074,0.058,,372782661632.0,52012000000.0,24720001024.0,0.0671758706866059,0.0471246697578039,0.0367624679643666,0.150159178790171,0.3530435652514154,0.780110887849324,0.0167489304705175,0.0115848859193739,0.0173353181086543,0.0287909393829526,0.037337223551798,0.0233799133774617,-1.7247610954277228e-06,0.9871416480454488,23.2348401323043,0.5242262032704943,0.2363271393807542,United States,USD
HSBA.L,Financial Services,Banks - Diversified,227282370560.0,-166917816320.0,,21108000768.0,,7.6289682,17148209505.0,773452988416.0,1162820976640.0,3233034000000.0,63773999104.0,,0.00722,0.11611,0.50684,0.0,,3.901894253580527,63773999104.0,0.033,0.026,,,198225000000.0,-389367988224.0,,0.0928712628084267,0.0,0.8721529941437794,0.0197257434051111,0.0,0.0722494443319567,0.1887168420033735,0.0641338484199994,0.1650424440775535,,0.0715885196390644,-0.0428967123664914,,,0.0,,United Kingdom,GBP
KO,Consumer Defensive,Beverages - Non-Alcoholic,359214252032.0,392572502016.0,16714999808.0,13701000192.0,3124250112.0,7.816,4302482418.0,44646998016.0,13820000256.0,104816000000.0,30429999104.0,14631000064.0,0.0951,0.43372002,0.35055,0.61744,1.358,1.24943,49284001792.0,0.121,0.182,,392572502016.0,32169000000.0,30826997760.0,0.0425781218046666,0.0381415829536169,0.0086974558897002,0.0895537964265801,0.2903182634712257,0.2280308056505426,0.0368901411418778,-0.1779638000683169,0.035084893339138,-0.241762739613889,0.034823197973606,0.0424370207560492,-5.556178977272727e-05,1.844271499497465,10.672309552599758,0.3277040050656202,0.211312623451248,United States,USD
HD,Consumer Cyclical,Home Improvement Retail,321171193856.0,380130459648.0,24945999872.0,14012000256.0,10128249856.0,13.916,997116682.0,63730999296.0,1600999936.0,105095000000.0,55187001344.0,18032001024.0,0.12519,1.2838,0.11926,0.33126998,1.045,4.59356,166592004096.0,0.048,-0.043,,380130459648.0,12813000000.0,62129999360.0,0.0656248381018978,0.0436278238025369,0.0315353619806298,0.0398946114879307,0.5251153845948904,0.7228268392061326,0.0151851464155887,0.0322909995502436,0.0180901163386512,0.0125246092479413,-0.0021497046001841,0.0933842424494636,0.0008397138888888,2.49057963917238,8.712271973466004,0.2829392481396687,0.2891662423800415,United States,USD
GS,Financial Services,Capital Markets,298051895296.0,19120840704.0,,17064999936.0,,356.271,295007421.0,839667023872.0,1142199943168.0,1809320000000.0,50624000000.0,-39792001024.0,0.00944,0.14548,0.38599998,0.82271004,1.5,6.78596,61532999680.0,0.145,0.242,,19120840704.0,124972000000.0,-302532919296.0,0.0,0.057255129745283,0.0,0.4192961090748587,0.0279795724360533,0.0,0.0715886840511181,,0.0779148451420059,-0.7619634880559332,,0.0795645750644998,0.0048472028080044,,,-0.0473902152790341,,United States,USD
MRK,Healthcare,Drug Manufacturers - General,297366880256.0,337599397888.0,29517000704.0,8935000064.0,14049250304.0,18.576,2469824415.0,49116999680.0,5702000128.0,136866000000.0,50460999680.0,17890000896.0,0.12578,0.18944,0.38604,0.76725996,1.299,1.06936,65768001536.0,0.049,,,337599397888.0,52606000000.0,43414999552.0,0.0874320300588699,0.0300470585571195,0.0472455113088086,0.1769060493714432,0.3686890804144199,1.5723839063645697,0.0312221302788215,-0.0563054228067616,0.0341737167960028,0.0140831583987036,0.041704839169671,0.1687360169419158,0.0,1.470847258072417,16.524686809137805,0.3642323637957195,0.206598549830015,United States,USD
PLTR,Technology,Software - Infrastructure,311914266624.0,304446177280.0,2018253056.0,2281529088.0,1752997120.0,3.525,2296071334.0,211976992.0,8026413056.0,8900392000.0,4392168960.0,2723375104.0,0.14702,0.32587,0.46183997,0.84073997,6.907,2.477,5224174080.0,0.847,3.25,,304446177280.0,7387268000.0,-7814436064.0,0.0066292606267274,0.0073146031846959,0.0056201248470406,0.0236836489717382,0.4934803950208036,0.768343094646532,0.3291712528765784,1.2528705320847138,0.2911206192278202,0.6010579243540668,0.0380285786889553,0.4036516044135171,0.0224033340858717,-3.871881199817195,407.4971181556196,12.847503298848585,0.183048491412929,United States,USD
ROP.SW,Healthcare,Drug Manufacturers - General,259530489856.0,279489544192.0,24043999232.0,12880000000.0,11027874816.0,42.485,688926637.0,33197000704.0,15486000128.0,100703000000.0,47194001408.0,18851999744.0,0.12937,0.37273997,0.2999,0.7449,1.383,0.87637,63355998208.0,-0.004,1.713,,279489544192.0,33802000000.0,17711000576.0,0.0860282602038328,0.0496280803351715,0.042491634883126,0.1302428859852072,0.4686454366602782,0.8562014608695652,-0.0126075068395786,-0.0044978498069802,-0.008602969770561,0.0234982499290511,0.0371688380464811,-0.010785748666516,0.0,0.73660793302757,13.609955423476968,0.5678826202431134,0.2519738108992875,Switzerland,CHF
AZN.L,Healthcare,Drug Manufacturers - General,210638110720.0,234962354176.0,20025999360.0,10389000192.0,6558875136.0,22.854898,1550862203.0,34029000704.0,7674999808.0,114074000000.0,49260998656.0,14220999680.0,0.08487,0.23482999,0.27943,0.81504995,0.909,0.71815,60438999040.0,0.125,0.053,,234962354176.0,48667000000.0,26354000896.0,0.0852306720803427,0.049321559885286,0.0311381217462526,0.2310455588195659,0.4318337101881235,0.6313288107406746,0.0981821424788491,0.0620708966893683,0.1013449998521978,0.0673232713704662,0.0983637794064602,0.0964963714134666,0.000233264891367,1.315989300820591,8.684014869888475,0.4179082366743836,0.1679427729249793,United Kingdom,GBP
PM,Consumer Defensive,Tobacco,287211225088.0,333629325312.0,18594000896.0,11064999936.0,8575249920.0,-5.954,1558558846.0,51975000064.0,5463000064.0,69185000000.0,27917000704.0,12184000512.0,0.15456,-1.107164292175305,0.36044,0.67280996,0.976,-5.2006203786271765,41493000192.0,0.091,-0.093,,333629325312.0,,46512000000.0,0.0557325135571084,0.0385256527930262,0.0298569455889914,,0.4035123322107393,0.7749887003704724,0.0857015224550041,0.0311660922837657,0.0807413620051972,0.0584336423705373,0.0301593655112596,0.1197882947041305,0.0,2.5014519607776187,9.74606175173283,0.234420403982628,0.3534667946432652,United States,USD
NOVN.SW,Healthcare,Drug Manufacturers - General,231909490688.0,267660263424.0,22922000384.0,13534000128.0,12024750080.0,15.87329,1908091965.0,46997999616.0,6892000256.0,110949000000.0,42746998784.0,19175000064.0,0.10541,0.34929,0.30479,0.75554,0.848,1.20734,56577998848.0,-0.007,-0.093,,267660263424.0,46130000000.0,40105999360.0,0.0856384137517242,0.0583589748218109,0.0518510477700868,0.1989138084135638,0.3852851200461473,0.888484554919017,0.0925166147146356,0.0831171365466847,0.090069868071752,0.0897878713199749,0.0247760192853591,0.0851182442344932,-0.0353931917502311,1.749672746188189,15.293706293706292,0.4079960896351015,0.2091047077243011,Switzerland,CHF
RY.TO,Financial Services,Banks - Diversified,386281209856.0,83303981056.0,,21597999104.0,,93.28,1389700752.0,483078995968.0,794214006784.0,2325006000000.0,65716998144.0,-61369999360.0,0.00955,0.16203,0.45286998,0.0,,3.4730897245564085,65716998144.0,0.161,0.275,,83303981056.0,139092000000.0,-311135010816.0,0.0,0.0559126319192471,0.0,0.3600796426309513,0.02826530260309,0.0,0.1090329094401807,0.39673968952234,0.1054793238527735,0.3365086986718341,,0.0706507974370758,-0.0102081125786346,,,-0.1270392624647776,,Canada,CAD
IBM,Technology,Information Technology Services,257472184320.0,314087145472.0,16611000320.0,10732999680.0,13080750080.0,35.083,939885280.0,69802000384.0,11783000064.0,151880000000.0,40214999040.0,13991999488.0,0.05369,0.35772,0.13809,0.58358,0.796,2.1116900000000003,68910997504.0,0.095,0.142,,314087145472.0,32648000000.0,58019000320.0,0.0528865971099757,0.0416860551688195,0.0508045174454361,0.1268020469326634,0.2647814000526731,1.2187413090466055,0.0371817990592839,0.106174351015752,0.0346859058330925,0.0786775953788899,0.0418542318851096,0.1071988336067067,0.0050256183525983,3.492805923924033,6.337467700258398,0.2004527006536512,0.1083093391743654,United States,USD
TXN,Technology,Semiconductors,266748198912.0,265602269184.0,8664999936.0,5336000000.0,1068249984.0,18.437,910092791.0,14049999872.0,5103000064.0,34585000000.0,10568999936.0,7824000000.0,0.12161,0.32347,0.37824002,0.57322,4.456,0.83741,18438000640.0,0.186,0.313,,265602269184.0,16273000000.0,8946999808.0,0.0326239680203831,0.0200038838941152,0.0040047130153347,0.0610050979402055,0.305594909238109,0.2001967736131934,-0.0406775649113262,-0.2397131508052896,-0.0503231268519825,-0.345062868196606,-0.1173464546987458,-0.026021571995832,-0.000124403821017,1.032544705606793,11.515653775322283,0.5568683324753841,0.1989753707121491,United States,USD
KLAC,Technology,Semiconductor Equipment & Materials,304477044736.0,280160796672.0,5850215936.0,4670560768.0,2890187008.0,44.606,130627521.0,6145359872.0,4957938176.0,16067926000.0,8047422976.0,4401639936.0,0.21282,0.94975996,0.41215,0.61446,3.026,1.054,13096660992.0,0.115,0.118,,280160796672.0,4692453000.0,1187421696.0,0.0208816365654798,0.015339615411893,0.0094922985425911,0.0154115165038751,0.5008376921825505,0.6188094217298064,0.0968553433165166,0.0757785043368266,0.0782124959701363,0.0583501551636934,-0.0009229059661811,0.0411026200944098,0.0018777904072346,0.2029705756146639,16.370518191987188,0.71625421906618,0.4128325754408794,United States,USD
MS,Financial Services,Capital Markets,329818144768.0,253016686592.0,,17503000576.0,,66.178,1577284817.0,579511975936.0,663304994816.0,1420270000000.0,63944998912.0,-1011000000.0,0.0127,0.16388,0.40616,0.87388,1.961,5.02246,73173999616.0,0.163,0.319,,253016686592.0,111632000000.0,-83793018880.0,0.0,0.0530686405634593,0.0,0.3384653081428371,0.0450231286389207,0.0,0.0952417143164723,,0.096624848528049,0.0052633097677102,,0.1688781972411488,0.0,,,-0.001744571366911,,United States,USD
GEV,Industrials,Specialty Industrial Machinery,244263796736.0,228130422784.0,3415000064.0,9374999552.0,9315624960.0,51.809,268719995.0,3755000064.0,9772000256.0,63016000000.0,7985999872.0,9013999616.0,0.02384,0.75708,0.05461,0.20282,0.893,0.24925,39374999552.0,0.163,18.165,,228130422784.0,11178000000.0,-6017000192.0,0.014969507452469,0.038380634696072,0.0381375590017063,0.045762000547634,0.1267297174051034,0.9936667098840198,0.0868232631682299,,0.0792900453287808,0.8809384164222874,0.0813236867509929,0.2239681460619598,0.0074177674018451,-1.7619326732756395,14.173469387755102,2.4005324799909245,0.0630103429504627,United States,USD
WFC,Financial Services,Banks - Diversified,248395579392.0,276132724736.0,,20668999680.0,,53.194,3060189494.0,469223997440.0,461199998976.0,2148631000000.0,81135001600.0,1179000064.0,0.01051,0.12028,0.29447,0.0,,2.590723109592142,81135001600.0,0.057,0.151,,276132724736.0,181117000000.0,8023998464.0,0.0,0.0832100141660801,0.0,0.7291474366948142,0.0377612543056485,0.0,0.0401869216936836,,0.0342977458508793,,,0.1133697265842593,0.0,,,0.0025126593491219,,United States,USD
NESN.SW,Consumer Defensive,Packaged Foods,205597540352.0,256953483264.0,16652000256.0,9032999936.0,6238374912.0,12.755,2572220000.0,57851998208.0,6230000128.0,127151000000.0,41190998016.0,15904000000.0,0.06525,0.26534,0.14885001,0.45826,0.786,1.75002,89884999680.0,-0.022,-0.24,,256953483264.0,32810000000.0,51621998080.0,0.0648055050450176,0.04393535020183,0.0303426534253249,0.1595836212039627,0.3239533941219495,0.6906204977526527,-0.0175204801054492,0.1886301506740575,-0.0176515135123439,0.1507278422701308,0.0042118488298857,-0.0869786879595588,-0.0165954198473282,3.100047879317064,6.897421832144817,0.2749083954337939,0.1454364597429936,Switzerland,CHF
RTX,Industrials,Aerospace & Defense,243150405632.0,272786112512.0,15262999552.0,7256000000.0,7233375232.0,49.217,1346683428.0,38934999040.0,6817999872.0,171079000000.0,18267000832.0,11116999680.0,0.040510003,0.11571,0.13182001,0.20212999,1.024,0.57229,90372997120.0,0.087,0.325,,272786112512.0,65245000000.0,32116999168.0,0.0559522602211964,0.0298416117429049,0.0297485632943893,0.2683318575200986,0.1067752373581795,0.9968819228224918,0.0972310107198741,0.1924114973812372,0.1000933401018553,0.1634881109320834,-0.0030029522562865,0.050460208398573,0.0038149213286882,2.104239016621836,5.759128065395095,0.2855271594736374,0.0941092657731866,United States,USD
SHEL.L,Energy,Oil & Gas Integrated,182563438592.0,236178849792.0,49131999232.0,18751000576.0,15633999872.0,23.088808,5549040619.0,75645001728.0,23117000704.0,370350000000.0,69128003584.0,39644000256.0,0.049889997,0.10697,0.14873,0.25858,1.275,0.4332399999999999,267342004224.0,0.007,0.266,,236178849792.0,174392000000.0,52528001024.0,0.2080287852839913,0.1027095059153956,0.0856359849079063,0.9552405527907378,0.1866558757499662,0.833768833222183,-0.1121334782072029,-0.1948129567979154,-0.1202729575417169,-0.1817636419780317,-0.0473734739247241,-0.0445268298723713,-0.0648230155755487,1.0691199593968113,7.27631301413204,0.5240795736716306,0.1198082900654661,United Kingdom,GBP
LIN,Basic Materials,Specialty Chemicals,238991982592.0,259421175808.0,13589999616.0,7081999872.0,4694499840.0,83.368,462347310.0,26317000704.0,3959000064.0,86817000000.0,16899999744.0,10428999680.0,0.07237,0.18229,0.28471002,0.48766,0.828,0.65642,34654998528.0,0.082,0.134,,259421175808.0,38245000000.0,22358000640.0,0.0523858531350504,0.0296327926786154,0.0196429176790181,0.1600262886863896,0.1946623327689277,0.6628777075470695,0.0061760606091361,-0.0365822982153808,0.0060566478240959,-0.0451941198643045,0.0713118167735986,0.0832220794290491,0.0,1.6451803731971495,20.17456896551724,0.3962837481862006,0.1307055390329382,United States,USD
SIE.DE,Industrials,Specialty Industrial Machinery,198847201280.0,252895576064.0,11843999744.0,7629000192.0,-312375008.0,83.938,762743366.0,54160998400.0,8664000512.0,166202000000.0,30958999552.0,13027999744.0,0.03542,0.12593001,0.12725,0.38845003,1.393,0.7635200000000001,79699001344.0,-0.0,-0.086,,252895576064.0,62244000000.0,45496997888.0,0.0468335584526107,0.0383661431636519,0.0,0.3130242698882807,0.186273327348648,-0.0409457334039086,0.0311458670100261,0.09847925156983,0.0289808188847973,0.0771137969409146,0.0261159944342452,0.1244147971747896,0.0,3.841354176915457,7.603658536585366,0.2405420898592593,0.104841896402418,Germany,EUR
QCOM,Technology,Semiconductors,208913350656.0,206995800064.0,12999000064.0,9923999744.0,9589624832.0,25.758,1054000000.0,15269999616.0,9799000064.0,50143000000.0,24377999360.0,14284999680.0,0.12692,0.36083,0.22059,0.54799,2.366,0.55979,44486000640.0,-0.035,1.73,,206995800064.0,21206000000.0,5470999552.0,0.0627983759089841,0.0475029466180024,0.0459024030866769,0.1015061983038036,0.4861695423089963,0.9663064368575622,0.0006330832838727,0.2333064900651127,0.0083152646601251,0.1895534133385795,-0.0241076927981507,-0.0908546977553758,-0.0350404312668463,0.4208784925812583,20.07078313253012,0.9354944360988776,0.3250567087002122,United States,USD
C,Financial Services,Banks - Diversified,229954404352.0,17657853952.0,,14696999936.0,,112.225,1705576955.0,815575007232.0,1046570008576.0,2657202000000.0,78734000128.0,-30797000704.0,0.0060900003,0.07649,0.34078,0.0,,3.841778536216797,78734000128.0,0.159,0.561,,17657853952.0,212291000000.0,-230995001344.0,0.0,0.0639126698939096,0.0,0.9231873622869952,0.0296304158012827,0.0,0.0458965468107859,,0.0436871771521879,-0.4544261277452104,,0.1293090148728508,1.0835498293550806e-05,,,-0.037761089330732,,United States,USD
MRVL,Technology,Semiconductors,235444994048.0,222399332352.0,2712000000.0,2526700032.0,2269700096.0,20.804,875553173.0,5277199872.0,3843599872.0,22285300000.0,4489600000.0,2056400000.0,0.03808,0.16028,0.14479999,0.51502997,3.278,0.2897,8717100032.0,0.276,-0.804,,222399332352.0,14308400000.0,1433600000.0,0.0121942812117242,0.0107315937729594,0.0096400439736564,0.0607717316643519,0.2014601553490417,0.8982863289091849,0.114495876423557,0.0911185849674973,0.1116159626927985,0.1092073133195165,0.0054980636921803,0.1029869583508624,-0.0216398071593533,0.5286135693215339,16.03751233958539,0.3896763529672123,0.170429272795938,United States,USD
PANW,Technology,Software - Infrastructure,219642494976.0,213543305216.0,1483500032.0,842899968.0,3579375104.0,34.032,815000000.0,2130000000.0,3111000064.0,23576200000.0,7632900096.0,4216999936.0,0.017719999,0.048309997,-0.02465,0.71963996,0.856,7.698,10606499840.0,0.311,,,213543305216.0,7824400000.0,-981000064.0,0.0069470687947788,0.0038375996780226,0.0162963688078261,0.0356233432918113,0.3237544683197462,4.246500462555481,0.187882500331709,0.2464175567407251,0.165903816052248,0.2002346798621028,0.0465487428322538,0.1793466027042304,0.0272223931098123,-0.6612740430328484,840.8421052631579,1.9798121765258216,0.1024877792176133,United States,USD
BHP.AX,Basic Materials,Other Industrial Metals & Mining,308905967616.0,326380388352.0,26292000768.0,10243000320.0,8137124864.0,14.110909,5080690184.0,29195999232.0,13509000192.0,108790000000.0,44856000512.0,19747000320.0,0.122250006,0.24712999,0.40728,0.83085,1.649,0.52639,53987999744.0,0.108,0.275,,326380388352.0,46228000000.0,15686999040.0,0.0805563131435586,0.0331589590160752,0.0263417535336035,0.1496507184913497,0.4123173132824708,0.7944083383568614,-0.0765586871130041,-0.2931763136847644,-0.0702583744769411,-0.3445667171462224,-0.054364594523831,0.0627967409780973,0.0008796984896641,0.5966453134708809,10.79348986125934,0.6763598040637187,0.2171420596665629,Australia,AUD
8306.T,Financial Services,Banks - Diversified,35420700147712.0,-4119999283200.0,,2427229044736.0,,1973.318,11276885929.0,110384014950400.0,151902574608384.0,431731548000000.0,8514254143488.0,-33246165336064.0,0.00611,0.11911,0.39532003,0.0,,4.955724913414899,8514254143488.0,,,,,22274040000000.0,-41518559657984.0,,0.0685257218127797,0.0,0.628842453907247,0.0197211766963298,0.0,0.0748211395546463,,0.0813846489719134,-0.8454021381630166,,0.0450676314255824,-0.016573151389344,,,-0.3011864113748974,,Japan,JPY
MCD,Consumer Cyclical,Restaurants,200646852608.0,254457118720.0,14869000192.0,8677999616.0,5952249856.0,-1.81,710505859.0,54895001600.0,1170000000.0,59515000000.0,15740000256.0,10535000064.0,0.13561,-4.848044478212291,0.44252998,0.57348996,1.136,-30.66759865921788,27445999616.0,0.094,0.069,,254457118720.0,,53725001600.0,0.0584342079592655,0.0432501158288988,0.0296653038840773,,0.2644711460304125,0.6859011430497856,0.0506378594670431,0.0940177544032661,0.0454622494629589,0.0678320363896094,0.0043655056966321,0.0785219818056612,0.0,3.613222200972583,7.88811630847029,0.1919118272509532,0.2262573884033796,United States,USD
ADI,Technology,Semiconductors,196968267776.0,196533895168.0,6149394944.0,3313432064.0,3868954624.0,69.273,487087040.0,8708730880.0,3439308032.0,47992712000.0,8216337920.0,5106470912.0,0.054899998,0.09639,0.38076,0.64491,1.752,0.2581,12740193280.0,0.372,1.105,,196533895168.0,33815755000.0,5269422848.0,0.0312892335377742,0.0168221617695707,0.0196425275384963,0.171681232626042,0.1711997004878574,1.167657748603232,-0.0283838918415268,0.0425286250673988,-0.0523707580755512,0.0291472038143536,-0.0123076300965704,-0.004884375197563,-0.013384644586121,0.8569010278224862,9.536277681954951,0.5863622360552264,0.0677103275352347,United States,USD
SAP.DE,Technology,Software - Application,166914244608.0,172423102464.0,11603999744.0,7312999936.0,8143750144.0,38.187,1167559048.0,7862000128.0,10044999680.0,70362000000.0,27527999488.0,8888999936.0,0.09082,0.16350001,0.30025998,0.73719,1.069,17.331,37341999104.0,0.06,0.093,,172423102464.0,44586000000.0,-2182999552.0,0.0672995647229047,0.0438129169453132,0.0487900248605245,0.2671192030656864,0.3912338973877945,1.113599099585716,0.076255521562585,0.2084063053421367,0.0753580051935429,0.1715673518952207,0.0009066249887691,-0.0521976911782534,0.0,-0.18812475009996,21.8739837398374,1.1306283122970715,0.2032637026404261,Germany,EUR
PEP,Consumer Defensive,Beverages - Non-Alcoholic,197652824064.0,239304998912.0,18695999488.0,8732999680.0,8746250240.0,15.631,1366768315.0,52728000512.0,10828000256.0,107399000000.0,51908001792.0,13100999680.0,0.090909995,0.43879002,0.16961999,0.54383,0.897,2.44837,95448997888.0,0.085,0.278,,239304998912.0,20406000000.0,41900000256.0,0.0781262387873272,0.0441835310036969,0.0442505705720043,0.1032416313636507,0.4833192282237264,1.0015172976623767,0.0282590925616892,0.1103762291055594,0.0252798081629734,0.077058015428511,0.0111583454564783,0.0797450410688972,0.000188055202949,2.241121170488556,10.138269402319358,0.2484638058106989,0.1522744020901721,United States,USD
CBA.AX,Financial Services,Banks - Diversified,261553602560.0,490242113536.0,,10403000320.0,,46.188,1672123722.0,341171994624.0,118870999040.0,1353799000000.0,28466999296.0,-45702000640.0,0.0076599997,0.13644,0.55507,0.0,,4.330912900172642,28466999296.0,0.066,0.045,,490242113536.0,78776000000.0,222300995584.0,0.0,0.0397738750993252,0.0,0.3011849167014586,0.0210274932216673,0.0,0.0648454884737286,,0.057986290194019,-0.5916822172099891,,0.0795191041053333,-7.05075196634209e-05,,,-0.1339558972018422,,Australia,AUD
TD.TO,Financial Services,Banks - Diversified,266756669440.0,152125947904.0,,14328000512.0,,73.345,1652051000.0,522703994880.0,637163995136.0,2094558000000.0,59179999232.0,5490999808.0,0.00719,0.119090006,0.35381,0.0,,4.089151704100073,59179999232.0,-0.315,-0.612,,152125947904.0,127827000000.0,-114460000256.0,0.0,0.0537118736040551,0.0,0.479189518553917,0.0282541706804013,0.0,0.1022335235649167,,0.0955000162924826,-0.3629306433034311,,0.0159122027829742,-0.0347394703765068,,,0.0105049891751077,,Canada,CAD
VZ,Communication Services,Telecom Services,199111524352.0,389875499008.0,51101999104.0,17340000256.0,19608500224.0,24.77,4175558910.0,200921006080.0,8400999936.0,404258000000.0,81968996352.0,37339000832.0,0.0508,0.17198,0.25186002,0.58909,0.64,1.92045,139146002432.0,0.029,0.043,,389875499008.0,104460000000.0,192520006144.0,0.1310726096767404,0.0870868741145561,0.0984799864689652,0.524630607595219,0.202764067382711,1.130824679037421,0.003292396665705,0.2367651503565848,0.0035911053572348,0.2186041252766067,0.0213761603117059,0.0508095687412109,0.0,3.7673674126171424,4.386913654018524,0.1858392089532582,0.0858936259827779,United States,USD
AMGN,Healthcare,Drug Manufacturers - General,186315390976.0,227560669184.0,16917999616.0,7800000000.0,7436624896.0,17.028,539708274.0,57322999808.0,12037999616.0,90586000000.0,26591000576.0,10755999744.0,0.08347999,1.01318,0.33800998,0.71443003,1.261,6.23754,37219999744.0,0.058,0.044,,227560669184.0,8658000000.0,45285000192.0,0.0743450073189955,0.0418644963206756,0.0399141737944662,0.0464695909159499,0.2935442626454419,0.9534134482051282,0.1176639909760326,-0.0266976969461353,0.1171500064160143,0.0113170506380276,-0.0841671836271845,-0.0136434412395605,0.0033519553072625,2.6767349107380425,4.258076225045372,0.1876384658867572,0.1802079972963423,United States,USD
STX,Technology,Computer Hardware,190157389824.0,186000621568.0,3513999872.0,2377999872.0,1610000000.0,4.88,224228992.0,4177999872.0,1146000000.0,8023000000.0,4576999936.0,2876999936.0,0.24664,17.8797,0.35668,0.41571,1.326,3.81553,11009999872.0,0.441,1.083,,186000621568.0,,3031999872.0,0.0188924092961448,0.0125054297085217,0.0084666706957333,,0.5704848480618223,0.6770395654588159,-0.0794356906329795,-0.1377480012465475,-0.0982907214711901,-0.157919621749409,0.0542769669079455,0.036697247706422,0.0118291519633371,0.8628343717822423,5.713395638629284,0.6886069947682373,0.3412093023255814,United States,USD
NEE,Utilities,Utilities - Regulated Electric,178417074176.0,291319250944.0,14158999552.0,8184000000.0,-18453374976.0,26.481,2085605358.0,104403001344.0,1998000000.0,212721000000.0,17109999616.0,12330000384.0,0.02412,0.10325,0.30175,0.61401004,0.542,1.56686,27865999360.0,0.073,1.6,,291319250944.0,54608000000.0,102405001344.0,0.0486030343210025,0.0458700493649328,0.0,0.306069361647147,0.0804339938981106,-2.254811214076246,0.0936477012822172,,0.0632469007754235,0.6100446827524576,0.1388602475674157,0.1187363261528105,0.0126397666504618,7.2325026191229025,1.9908136482939636,0.1181000567538626,0.0479294801583958,United States,USD
SAN.MC,Financial Services,Banks - Diversified,151443603456.0,243008684032.0,,12467999744.0,,7.291,14387573546.0,392526004224.0,307914997760.0,1867515000000.0,47374000128.0,-15418000384.0,0.0077600004,0.12886,0.43257,0.0,,3.8046525562082,47374000128.0,0.046,0.674,,243008684032.0,103170000000.0,84611006464.0,0.0,0.0823276748537115,0.0,0.6812436949836229,0.0253674000626501,0.0,0.0344989998658109,,0.0363947740571117,-0.6971392659020317,,0.0165664987009282,-0.0305674347267291,,,-0.0392789273018495,,Spain,EUR
TJX,Consumer Cyclical,Apparel Retail,186744750080.0,193814740992.0,8835000320.0,5790000128.0,4314250240.0,9.204,1104704446.0,14179999744.0,5580000256.0,35767000000.0,19307999232.0,7599000064.0,0.13871999,0.6125,0.11771,0.31351998,1.139,1.3630699999999998,61583998976.0,0.092,0.293,,193814740992.0,10190000000.0,8599999488.0,0.0455847696350644,0.0310048883597509,0.0231023910345635,0.0545664603456572,0.5398271935583079,0.7451209230785012,0.0653049312367179,0.2323858745197178,0.060576317993526,0.1675188156994464,0.0335368926370059,0.1265551670918769,-0.0109401082566605,0.9734011518405922,99.63513513513512,0.5358956418328127,0.3290636436668749,United States,USD
WDC,Technology,Computer Hardware,175012364288.0,167412269056.0,3928000000.0,6350000128.0,2075000064.0,20.915,344682131.0,1724000000.0,3236999936.0,14002000000.0,5350000128.0,3286000128.0,0.14648,0.85920995,0.37008998,0.45428002,1.49,17.81,11777000448.0,0.455,4.829,,167412269056.0,5540000000.0,-1512999936.0,0.0234630354283416,0.0362831515009445,0.0118563055384211,0.0316549063406936,0.3820882822453935,0.326771657035154,-0.2028373451127182,0.1905120062935703,-0.2715616974440504,0.1987645169261181,0.0752519376291995,-0.4211179097072928,0.0116618075801749,-0.385183283095723,4.165266106442577,1.9060325568445475,0.1732292637465051,United States,USD
DIS,Communication Services,Entertainment,171801755648.0,219517386752.0,19719999488.0,11224000512.0,3751375104.0,62.297,1736511424.0,47358001152.0,5681999872.0,197514000000.0,36143001600.0,15792000000.0,0.04449,0.1101,0.15512,0.3716,0.679,0.41069,97263001600.0,0.065,-0.298,,219517386752.0,109869000000.0,41676001280.0,0.0898334285943313,0.065331116493341,0.0218354875935382,0.6395103448483241,0.1829895683343965,0.3342279876047104,0.0450939232231049,1.1137596974046584,0.042049657812124,0.4990569105691056,0.0352800532954392,0.0065997686258721,0.0077671470259729,2.113387543714728,7.624172185430464,0.3334600197612665,0.0845719672853714,United States,USD
TMO,Healthcare,Diagnostics & Research,179019350016.0,219169406976.0,11296000000.0,6848000000.0,5520625152.0,141.956,371621465.0,43161001984.0,3256000000.0,110343000000.0,18499999744.0,8287000064.0,0.04997,0.13523,0.17892,0.40932,1.526,0.82903,45197000704.0,0.062,0.113,,219169406976.0,53407000000.0,39905001984.0,0.0515400399894176,0.0382528480825561,0.0308381476723415,0.2983308787302976,0.1676590245325938,0.8061660560747663,-0.0026639607700198,-0.0307429998157471,-0.0024017168165837,-0.0221038031973136,-0.013034754040663,0.1338046259286279,0.002971920770589,3.5326666062322944,6.150105708245243,0.1920020315346718,0.0917144838892742,United States,USD
TTE.PA,Energy,Oil & Gas Integrated,174163673088.0,201872343040.0,36652998656.0,15086000128.0,10052124672.0,49.82434,2221191979.0,64250998784.0,29866000384.0,291055000000.0,70728998912.0,28141000704.0,0.04892,0.12512,0.20353001,0.38448003,1.076,0.51304,183960993792.0,0.034,0.571,,201872343040.0,114883000000.0,34384998400.0,0.1815652312943997,0.0866196713730162,0.0577165403885398,0.6596266486751968,0.2430090495335933,0.6663213964411283,-0.1152755255674791,-0.3103577909319339,-0.1237992162369842,-0.3501241215773938,-0.0240873314885295,0.0195035150462192,-0.079699603374164,0.9381223818196732,9.775996872556686,0.4379854202516735,0.1259849263446385,France,EUR
9984.T,Communication Services,Telecom Services,36324937564160.0,59968770277376.0,929463009280.0,4983632166912.0,-1433729105920.0,3058.231,5698923701.0,25663566249984.0,5362149752832.0,45013756000000.0,4016138878976.0,-428831997952.0,0.00013,0.32724,-0.20402001,0.51498,0.797,1.25381,7798649782272.0,0.071,2.607,,59968770277376.0,11561541000000.0,20301416497152.0,0.0154991173736082,0.1371958907874104,0.0,0.3182810976503148,0.0892202570026815,-0.2876875856607168,0.0520152404767433,,0.0485620735119983,-1.0729793991978975,-0.006614705590173,-0.0366081265350837,0.0,21.842091933145685,3.93129501907803,-0.016709758642849,0.0701798523708476,Japan,JPY
APH,Technology,Electronic Components,185888440320.0,197856083968.0,8171299840.0,4465500160.0,3563725056.0,11.37,1230234445.0,18748899328.0,4583099904.0,36236900000.0,9822799872.0,5731299840.0,0.13453001,0.36825,0.27305,0.37919998,1.714,1.33051,25903800320.0,0.584,0.241,,197856083968.0,13413100000.0,14165799424.0,0.041299209385553,0.0240224736530835,0.0191713107596426,0.0721567192500504,0.2710717492942277,0.798057312352666,0.2230660589034148,0.3471404099096959,0.2147132613382765,0.2961705540332821,0.0497003223552834,0.6901381516963461,0.0132739714733283,1.7336041635206965,16.22756933115824,0.3056872694089704,0.2027750126553895,United States,USD
SU.PA,Industrials,Specialty Industrial Machinery,147836092416.0,160415842304.0,7927000064.0,4163000064.0,3984000000.0,43.042,562649251.0,19908999168.0,4633999872.0,62504000000.0,16894999552.0,6130999808.0,0.0678,0.15613,0.17626,0.42078,1.191,0.81411,40151998464.0,0.042,-0.062,,160415842304.0,24199000000.0,15274999296.0,0.0494153192736272,0.0281595650694393,0.0269487642353892,0.1636880385873956,0.2703026934596186,0.9570021471899742,0.0551851012974173,0.1205318449442658,0.0543970670494598,0.0869985500241662,0.0147601334031802,-0.0521511001925905,0.0025899130679528,1.9269583919105164,12.444444444444445,0.3079511810847045,0.1527342151915996,France,EUR
7203.T,Consumer Cyclical,Auto Manufacturers,35809222721536.0,67826098372608.0,5612894158848.0,3848098021376.0,-1204836106240.0,3062.816,13033383648.0,43916481003520.0,13867543429120.0,105522331000000.0,8469411790848.0,5472919748608.0,0.02368,0.10233,0.04566,0.1671,1.274,1.07061,50684951003136.0,0.019,0.232,,67826098372608.0,39918854000000.0,30048937574400.0,0.0827541948235489,0.1074610876449356,0.0,1.1147646043708297,0.0802617958737852,-0.3130991205388203,0.1090641312932687,,0.0962215468455632,0.2486407935339368,-0.0029262429265748,0.1273590712099772,0.0,5.353554997475188,60.40326931501164,0.1246210903867578,0.0728578676577901,Japan,JPY
8035.T,Technology,Semiconductor Equipment & Materials,28962210185216.0,27617107378176.0,706282979328.0,574453972992.0,229109252096.0,4550.941,454847594.0,0.0,506250002432.0,2625981000000.0,1107880968192.0,539731984384.0,0.14237,0.2927,0.2889,0.45339,2.702,0.0,2443533090816.0,0.086,0.505,,27617107378176.0,1855206000000.0,-506250002432.0,0.0255741113526657,0.0198346041037032,0.0079106273530516,0.064056091994906,0.421892225492873,0.3988296066657905,0.0666214694855762,0.2379601855709303,0.0427043779148488,0.1694386572103433,,0.0690094127244793,0.0,-0.7167806916622522,,,0.3579568554497406,Japan,JPY
AXP,Financial Services,Credit Services,212510588928.0,220392161280.0,,11086999552.0,,49.846,682326443.0,60458999808.0,53866999808.0,300052000000.0,43185999872.0,17468000256.0,0.03796,0.34419,0.21245001,0.62759,1.574,1.77847,68811997184.0,0.116,0.176,,220392161280.0,33474000000.0,6592000000.0,0.0,0.052171515819178,0.0,0.1575168567780931,0.1439283853198779,0.0,0.1096636032642015,-0.0592969564410076,0.1010319769753056,-0.0902395823622634,,0.1053226798692998,-0.0227920227920227,,,0.2889230769856139,,United States,USD
CRWD,Technology,Software - Infrastructure,171212685312.0,161201815552.0,59319000.0,-30464000.0,1926365056.0,18.205,254564820.0,821342976.0,4552800768.0,11086684000.0,3827581952.0,1819179008.0,-0.0100300005,-0.0024899999,-0.022079999,0.75136,1.531,17.568,5094199808.0,0.256,,,161201815552.0,4428390000.0,-3731457792.0,0.0003679797265116,0.0,0.0112512986551761,0.0258648475253464,0.345241368113315,,0.2900686653697968,0.2254776664235522,0.2449187550933623,0.1880441935354445,0.0149486723288122,0.2741003988012289,0.0221525626129615,-62.9049342032064,-3.531922486706399,2.214883503185885,-0.0143380100983818,United States,USD
ANET,Technology,Computer Hardware,194176516096.0,178743377920.0,4237199872.0,3720499968.0,4362237440.0,10.711,1259169438.0,0.0,12353200128.0,19448600000.0,6169399808.0,5423699968.0,0.14359,0.31520998,0.42738998,0.63537,2.829,0.0,9709899776.0,0.351,0.25,,178743377920.0,12370500000.0,-12353200128.0,0.023705492876477,0.0191604012823085,0.0224653193275098,0.0637074979442111,0.3172156251863887,1.1724868908801451,0.2714652572159763,1.1170482953420318,0.2288136025822171,0.5045808606074051,0.0298541346602132,0.384843241549712,-0.0038324504056816,-2.915415958928831,,,0.2740244881716304,United States,USD
ALV.DE,Financial Services,Insurance - Diversified,145873502208.0,120803713024.0,19718750208.0,11870000128.0,,173.747,379286270.0,0.0,27517999104.0,1024276000000.0,28113999872.0,,0.0115,0.18706,0.19285999,0.24341999,174.873,0.0,115495002112.0,0.088,0.524,,120803713024.0,62722000000.0,-27517999104.0,0.1632296699695189,0.0813718732211875,0.0,0.4299752802984406,0.027447679992502,0.0,0.1984092323628479,0.2373559006708738,0.1619125898466002,0.2068361649997991,,-0.019435599830745,-0.0148841921305503,-1.3955245040243882,21.395778364116094,,,Germany,EUR
ABBN.SW,Industrials,Electrical Equipment & Parts,148442775552.0,148325007360.0,7009999872.0,4863000064.0,475500000.0,6.4808545,1815147741.0,9176999936.0,5926000128.0,44885000000.0,13957999616.0,5814000128.0,0.08927,0.3355,0.20586,0.40374002,1.376,0.59719,34572001280.0,0.183,0.212,,148325007360.0,16087000000.0,3250999808.0,0.0472610788751623,0.032760099276751,0.0032032545755884,0.1083717273553987,0.3109724766848613,0.0977791473868259,0.0410168844085985,1.041665641960838,0.0308246469669439,0.3934135119864396,0.0808398626647588,0.1141034551231135,-0.0089839569208047,0.4637660295808918,73.31395348837209,0.6335403910370039,0.2215078695896571,Switzerland,CHF
BA,Industrials,Aerospace & Defense,168243429376.0,194197192704.0,-3259000064.0,1922000000.0,2554249984.0,7.591,788302331.0,49614000128.0,20177999872.0,168235000000.0,4448000000.0,2502000128.0,-0.02069,1.69947,0.01715,0.048249997,1.176,8.28696,92184002560.0,0.14,,,194197192704.0,5454000000.0,29436000256.0,0.0,0.0114239231043288,0.0151818706589225,0.0324173135333035,0.0264392070615508,1.3289542060353798,0.1033306630373902,,0.0762868613964884,-0.5452079801799452,-0.0050550298957425,0.0759258903960655,0.0,,1.950920245398773,0.0504293167562592,0.0899201596806387,United States,USD
UNP,Industrials,Railroads,158669864960.0,189009231872.0,12586000384.0,7213000192.0,4034374912.0,32.708,593713213.0,31505000448.0,1035000000.0,69698000000.0,13962000384.0,9520000000.0,0.09137999,0.40686,0.40357,0.56526,0.916,1.62246,24700000256.0,0.032,0.062,,189009231872.0,18467000000.0,30470000448.0,0.0665893420090899,0.0454591689090954,0.0254262201144309,0.1163863094271584,0.2003213920628999,0.5593199507293178,-0.0049152423014988,-0.0143103935737419,-0.0039445956175706,0.0071572028482746,0.0073200765147647,0.0292845012183415,0.0001279924549122,2.4209438676591097,8.002291825821237,0.3021742537573698,0.1619411291818688,United States,USD
GILD,Healthcare,Drug Manufacturers - General,155301773312.0,163098902528.0,14737999872.0,9216000000.0,7934125056.0,18.933,1241569874.0,22173999104.0,9816999936.0,59023000000.0,23601000448.0,10805999616.0,0.13292,0.4336,0.39282,0.79367995,1.967,0.94635,29735999488.0,0.044,0.548,,163098902528.0,22702000000.0,12356999168.0,0.0903623485110199,0.0593425290868065,0.0510884382502214,0.1461799148577129,0.3998610786981346,0.8609076666666666,0.0257361798626141,0.0425840006992996,0.0288508166582291,0.0700332151100602,-0.0043778989919963,0.0004746164929231,-0.0044823774707646,0.8384447873063464,10.56640625,0.4873275030506648,0.2291887312010167,United States,USD
T,Communication Services,Telecom Services,160054984704.0,327019954176.0,44411998208.0,21325000704.0,8849000448.0,15.745,6948338835.0,159750995968.0,11964000256.0,420198000000.0,75175002112.0,38791999488.0,0.041160002,0.18370001,0.22723,0.59414,0.918,1.25175,126527995904.0,0.029,-0.113,,327019954176.0,110533000000.0,147786995712.0,0.1358082209995594,0.1332354674453763,0.0552872530922109,0.6905939243592807,0.1789037599227031,0.4149589756562195,0.0133674193286914,0.1618269489660424,0.0119140064297683,0.1083606372161337,0.0166695756108508,0.0643447865347838,0.0,3.3276367124904302,4.96928277483833,0.2428279038446213,0.0922743970001473,United States,USD
ABT,Healthcare,Medical Devices,155509080064.0,182798417920.0,11744000000.0,6252000256.0,6341125120.0,29.889,1741813154.0,34136000512.0,7295000064.0,86713000000.0,25501999104.0,9464000512.0,0.0559,0.123339996,0.13472,0.56503,1.388,0.6477299999999999,45134000128.0,0.078,-0.197,,182798417920.0,52130000000.0,26841000448.0,0.064245632613405,0.0402034418403541,0.0407765586253246,0.335221583064769,0.2940966072445884,1.0142554159230028,0.0051279441696463,-0.0177840720137882,0.0090943307457068,0.0009771130068773,0.0026843071269927,0.065087085759206,0.0026728436634351,2.28550753133515,18.17241379310345,0.2772439761557032,0.1275901847131036,United States,USD
285A.T,Technology,Semiconductors,41196739100672.0,39281703780352.0,1183194939392.0,554490003456.0,186846117888.0,2561.737,546086129.0,1253188960256.0,470707011584.0,1618948000000.0,1012903968768.0,616540012544.0,0.16459998,0.519,0.5951,0.43330002,1.473,0.8957200000000001,2337627963392.0,1.889,18.668,,39281703780352.0,1170389000000.0,782481948672.0,0.0301207642623641,0.0134595605273757,0.0045354589214308,0.0284097485759718,0.6256556534045565,0.3369693172526719,,,,,,-0.1347572084949369,0.0005429426086956,0.6613296952352488,5.3440488468029255,0.4919768942251565,0.3097018828096665,Japan,JPY
ETN,Industrials,Specialty Industrial Machinery,147829686272.0,166917111808.0,6343000064.0,3988999936.0,2646500096.0,50.788,388300000.0,21833000960.0,751000000.0,41251000000.0,10583000064.0,4741000192.0,0.07022,0.20844999,0.16104999,0.37105,1.193,1.10463,28522000384.0,0.168,-0.094,,166917111808.0,19425000000.0,21082000960.0,0.0380008975430642,0.0269837543229336,0.0179023588748646,0.1314012123671755,0.2565513578822331,0.6634495207973852,0.0976997924793441,0.2245355919676825,0.0904501734632403,0.18548088260064,0.0440027538158929,0.0747765821630494,-0.0127258844489692,3.3236639992567403,21.46473029045643,0.2171483526559603,0.1622596530849095,United States,USD
UBSG.SW,Financial Services,Banks - Diversified,123442135040.0,163393781760.0,,9114999808.0,,23.320074,3277805164.0,574302978048.0,528411983872.0,1617427000000.0,51311001600.0,,0.00567,0.1016,0.31471002,0.0,,6.3660778163679295,51311001600.0,0.138,0.844,,163393781760.0,90213000000.0,45890994176.0,0.0,0.0738402637401434,0.0,0.7308120519040563,0.0317238438581772,0.0,0.1243999293442164,0.1443815962187546,0.1108188517279154,-0.2155179564440908,,0.0334811901128925,-0.0348073236949598,,,0.0,,Switzerland,CHF
ISRG,Healthcare,Medical Instruments & Supplies,145474158592.0,141527580672.0,3885600000.0,2979099904.0,2254087424.0,49.307,354162842.0,0.0,4517300224.0,20458700000.0,7015099904.0,3360800000.0,0.102419995,0.17232999,0.30868,0.66292,4.61,0.0,10582099968.0,0.23,0.188,,141527580672.0,17824000000.0,-4517300224.0,0.0274547192960582,0.0204785505056966,0.0154947617213711,0.1225234788948983,0.3428907948207852,0.7566337137514136,0.1738671679306886,0.3748591401760199,0.1606329357021197,0.3744552476147206,-0.0143994928621021,0.0915265269537752,-0.004206393718452,-1.1625746921968294,,,0.1596260669286004,United States,USD
CRM,Technology,Software - Application,136961449984.0,170694475776.0,12894999552.0,8023000064.0,16552999936.0,41.801,819000000.0,42547998720.0,11836999680.0,112305000000.0,33254000640.0,15221000192.0,0.05703,0.16908,0.218,0.77643996,0.786,1.24282,42829000704.0,0.133,0.522,,170694475776.0,59142000000.0,30710999040.0,0.075544328504936,0.0585785274976079,0.120858825150681,0.4318149377573692,0.2961043643648992,2.063193294771984,0.0982000611383049,0.3164236393248525,0.092171202164404,0.2551457312354913,0.0434106428813823,0.091102518265195,0.0160984848484848,2.381620791544484,,0.3577371592061569,0.1185976299094258,United States,USD
PFE,Healthcare,Drug Manufacturers - General,149980872704.0,197858770944.0,25460000768.0,7479000064.0,12376625152.0,15.81,5699444169.0,64731000832.0,13080999936.0,208160000000.0,47360000000.0,11984000000.0,0.05687,0.083100006,0.31617,0.74801004,1.247,0.71602,63315001344.0,0.054,-0.101,,197858770944.0,86476000000.0,51650000896.0,0.128677645406005,0.0498663591507461,0.0825213570828216,0.5765801894663444,0.2275172943889316,1.6548502535218057,-0.1479760515726192,-0.2961956817150133,-0.1557356195654068,-0.3685687859412072,0.0827039743187887,-0.0245365423906727,0.0029198367659932,2.0286724013346267,3.815424934481468,0.1851354041489756,0.0595352152170865,United States,USD
SCHW,Financial Services,Capital Markets,155635236864.0,124998623232.0,,9018500096.0,,24.435,1739135507.0,59457998848.0,96474996736.0,490995000000.0,24174000128.0,10293999616.0,0.019709999,0.19083,0.49352002,0.9746,0.632,1.20766,24803999744.0,0.158,0.386,,124998623232.0,49425000000.0,-37016997888.0,0.0,0.0579463897618552,0.0,0.3175694720289432,0.0492347175185083,0.0,0.0483429560308108,1.005738583040797,0.0493034670259605,0.0804781394140193,,0.0232409350558411,0.0,,,0.1731306101020293,,United States,USD
BLK,Financial Services,Asset Management,164891033600.0,165339889664.0,10341000192.0,6255000064.0,7082375168.0,364.87,155233989.0,14965000192.0,13144999936.0,169998000000.0,12021999616.0,4075000064.0,0.03615,0.118990004,0.35638002,0.46890998,2.168,0.23635,25638000640.0,0.27,0.459,,165339889664.0,55888000000.0,1820000256.0,0.0625438919368747,0.0379341430970325,0.0429518513734393,0.338938987644262,0.0707184767820797,1.1322741959287692,0.1065430569599104,-0.0704944100613911,0.1074083753344533,-0.0420197611686973,-0.0188259644068376,0.2264040688237203,0.0061687502498902,0.1759984742489404,13.408794788273616,0.2723020388719017,0.0489308086391137,United States,USD
6501.T,Industrials,Conglomerates,20963573891072.0,21250575433728.0,1657248022528.0,802367995904.0,1145363628032.0,1446.995,4503453230.0,1009037017088.0,1678783938560.0,13284813000000.0,3179529109504.0,1668060938240.0,0.05292,0.13299,0.121070005,0.30033,1.098,14.899,10586780860416.0,0.113,-0.101,,21250575433728.0,5847091000000.0,-669746921472.0,0.0779860304346247,0.0382743896662445,0.0546358952907256,0.2789167071598497,0.2393356315594355,1.4274792039051345,-0.0158783457861396,0.3909166471520404,-0.0255412498815111,0.3160470630296983,,0.0870226892689835,-0.0119714458140141,-0.4041319780550134,21.52210521828104,1.6531216496436278,0.1368644950066206,Japan,JPY
WELL,Real Estate,REIT - Healthcare Facilities,149586804736.0,165620989952.0,2988736000.0,1407559936.0,2600212736.0,60.487,705914450.0,19987095552.0,4703775232.0,67303047000.0,4691538944.0,2952730112.0,0.0074400003,0.03665,0.18039,0.39870998,1.646,0.44486,11766873088.0,0.383,1.579,,165620989952.0,42129498000.0,15283320320.0,0.0180456354044628,0.0094096530672217,0.0173826343880331,0.2816391330395266,0.0697076752557726,1.847319371272585,0.2268887331608464,0.2993456483498427,0.2085922126600399,0.2683090236883677,0.0078924550437972,0.31852207693755,0.0935173814390907,5.113640120773464,0.2637145201739383,0.1477318254829945,0.0026269963980828,United States,USD
COP,Energy,Oil & Gas E&P,145878515712.0,163061809152.0,23346999296.0,7297999872.0,5289124864.0,52.977,1218294007.0,23327000576.0,6362999808.0,121939000000.0,27071000576.0,17976000512.0,0.05865,0.112840004,0.22051,0.45591,1.289,0.36143,59377999872.0,-0.053,-0.202,,163061809152.0,64487000000.0,16964000768.0,0.1431788314959563,0.0500279279397662,0.0362570515485778,0.442059611624464,0.2220044495690468,0.7247362231798077,-0.0910617473935962,-0.2638368447938533,-0.0967220244519257,-0.3176277866147527,-0.131478241924312,-0.0068496497800944,0.0012643099803065,0.7266030444823122,11.264395782643955,0.7706091682654914,0.1263015268216828,United States,USD
DE,Industrials,Farm & Heavy Construction Machinery,153723469824.0,190824448000.0,8613999616.0,4783000064.0,1098749952.0,101.527,270107282.0,48473001984.0,8830000128.0,105996000000.0,12291000320.0,7933000192.0,0.03828,0.18349001,0.17479,0.25965,2.213,3.76022,47337000960.0,-0.111,-0.085,,190824448000.0,25950000000.0,39643001856.0,0.0451409644114364,0.0311143124044501,0.0071475744937189,0.1688096165778101,0.1159572089512811,0.2297198279945496,-0.0450056665565175,0.5250105928832174,-0.0572407153880017,0.2290576741254333,0.0580917390499837,-0.0123369362653745,0.0,4.602159696218868,2.9738170347003154,0.16365811621526,0.1281869977291579,United States,USD
IBE.MC,Utilities,Utilities - Diversified,138400677888.0,203721375744.0,13939550208.0,5491999744.0,,7.352,6757845603.0,59747000320.0,4872000000.0,160762000000.0,23455399936.0,,0.03601,0.09969,0.21564,0.53907,0.822,0.94885,43510697984.0,-0.045,-0.186,,203721375744.0,50068000000.0,54875000320.0,0.0684245831204119,0.0396818847118969,0.0,0.3617612338612767,0.1459013942100745,0.0,-0.0651550382399269,-0.0319158831180933,-0.0755794649799315,-0.0465619924201407,0.1711938850678754,0.0155976575085442,0.0498057630033762,3.936640673563977,4.7261849976990336,0.0,0.0775568460719383,Spain,EUR
ENR.DE,Industrials,Specialty Industrial Machinery,123713380352.0,111787335680.0,3675000064.0,2224999936.0,4672875008.0,12.489,850848567.0,3729999872.0,11694999552.0,56637000000.0,7558000128.0,7793999872.0,0.0299,0.23313999,0.11852,0.18827999,0.912,0.33549,40142000128.0,0.033,0.807,,111787335680.0,10301000000.0,-7964999680.0,0.0328749230996968,0.0179851195535134,0.0377717834134378,0.0832650435279571,0.1334463359288097,2.100168603330693,0.1044586181301701,0.5688576028088825,0.1004354136429608,0.5825898657427457,0.0532073448998721,0.1132798679089515,0.0773107108199381,-2.167346813956409,8.552901023890785,2.08954427331412,0.1381020610602887,Germany,EUR
NOVO-B.CO,Healthcare,Drug Manufacturers - General,1246779146240.0,1382440108032.0,173876002816.0,121956999168.0,-12039249920.0,45.709,3354183520.0,146381996032.0,21625999360.0,542902000000.0,272715005952.0,118456000512.0,0.19249001,0.71402,0.61574,0.83195996,0.788,0.72086,327799996416.0,0.24,0.671,,1382440108032.0,194047000000.0,124755996672.0,0.1257747093749505,0.0978176443965993,0.0,0.1556386314169604,0.5023282396307253,-0.098717170823591,0.2042851902310494,-0.2325531598835351,0.1802240944123123,-0.1817710078438447,-0.0294480857490105,0.1659515065610033,0.0,0.7174997967029411,32.02923698597576,0.8092252033925319,0.4117668629542141,Denmark,DKK
GLW,Technology,Electronic Components,150056501248.0,153439469568.0,3907000064.0,1810000000.0,612000000.0,13.023,860637825.0,9923999744.0,1755000064.0,30976000000.0,5937999872.0,2905999872.0,0.05375,0.1674,0.15661,0.36383,1.61,0.80363,16321000448.0,0.2,1.389,,153439469568.0,11807000000.0,8168999680.0,0.025462810025347,0.0120621231665837,0.0040784637447233,0.0786836951535105,0.1916967933884297,0.3381215469613259,0.0327450787688683,0.1180562887910405,0.0349398458324328,0.155993022676302,0.0420819805544538,0.1168559581755904,0.0045412254209668,2.0908624382351686,7.107142857142857,0.2928254682550705,0.0942086160643837,United States,USD
8316.T,Financial Services,Banks - Diversified,23645841784832.0,-21113620922368.0,,1582973059072.0,,4135.867,3812000785.0,57452091408384.0,102480427876352.0,328511145000000.0,6058299883520.0,-21584777576448.0,0.00511,0.09776,0.26917,0.0,,3.63942183432878,6058299883520.0,,,,,15786049000000.0,-45028336467968.0,,0.066945092227058,0.0,0.6676035957462175,0.0184416875218038,0.0,0.1590585508843109,,0.1441130952784861,-0.1746358505076645,,0.0725773271408051,-0.01466034691843,,,-0.3757004670729554,,Japan,JPY
RR.L,Industrials,Aerospace & Defense,103167180800.0,101448048640.0,4597000192.0,5840999936.0,3590249984.0,0.326,8295848794.0,4361999872.0,6248999936.0,38115000000.0,5910000128.0,4565000192.0,0.07093,6.23504,0.20329,0.27868,1.202,1.58445,21206999040.0,0.166,0.041,,101448048640.0,2726000000.0,-1887000064.0,0.0453138355407207,0.0566168416225637,0.0348003110694675,0.0264231316476954,0.1550570675062311,0.6146635889981972,0.1618966911544397,0.5683573256192342,0.1453694988733921,0.3958151700087184,0.0872573230676596,0.0680659081992938,-0.0071827368490188,-0.410485095755245,23.9635761589404,1.0465383599167606,0.3843743360951774,United Kingdom,GBP
MC.PA,Consumer Cyclical,Luxury Goods,247335059456.0,266801070080.0,20586999808.0,10878000128.0,11697125376.0,135.925,494077227.0,36778999808.0,13520000000.0,142037000000.0,53527998464.0,18873999360.0,0.075830005,0.16236,0.21165001,0.66242,1.584,0.53342,80807002112.0,-0.047,-0.014,,266801070080.0,67472000000.0,23258999808.0,0.0771623584636561,0.0439808256537733,0.0472926296891641,0.2727959398412865,0.3768595398663728,1.0753010882847454,0.0067902721054364,0.0365962326365196,0.0041121438827174,0.0560252911029512,-0.022009353072987,-0.0479455727595683,-0.0053058939520731,1.129790645791995,15.507384882710689,0.5131732635071444,0.1599071859237957,France,EUR
HON,Industrials,Conglomerates,132531716096.0,156894511104.0,8526000128.0,3968000000.0,2936875008.0,21.447,633653119.0,37751001088.0,12389999616.0,73681000000.0,13905999872.0,5160999936.0,0.05953,0.24264,0.21,0.36925,1.385,2.57387,37660000256.0,0.024,-0.419,,156894511104.0,13904000000.0,25361001472.0,0.0543422460607841,0.0299400031696998,0.0221597900827954,0.1049107369131821,0.1887325073221047,0.7401398709677419,0.0182371617394117,0.0634698990952182,0.0217187877753601,0.068215641609719,-0.0005589833225029,-0.0201473482632054,-1.3358395989974938e-05,2.974548568057446,5.074404761904762,0.1367116046530628,0.1356754928680844,United States,USD
PLD,Real Estate,REIT - Industrial,138256154624.0,174854930432.0,6560574976.0,3711323904.0,4854310400.0,57.321,932338000.0,35310190592.0,871209984.0,98724256000.0,7088380928.0,5135817216.0,0.024820002,0.06844,0.38491002,0.756,0.531,0.60934,9376112640.0,0.083,0.652,,174854930432.0,53193178000.0,34438980608.0,0.0375201028635069,0.0268438241617038,0.0351109895483621,0.3847436531463182,0.0717997908031841,1.3079727142026352,0.1374110443739591,,0.1113617657523671,,-0.0015998398287853,0.0356171809330158,0.0030984051310452,5.249384502728073,4.876864086627123,0.1454485838194141,0.0493691896004174,United States,USD
SHOP.TO,Technology,Software - Application,194518417408.0,190291017728.0,2148000000.0,1332000000.0,1256749952.0,13.268533,1219581025.0,179000000.0,5743000064.0,15189000000.0,5932000256.0,2147000064.0,0.0962,0.11311,0.1571,0.4797,6.196,1.432,12366000128.0,0.343,,,190291017728.0,13473000000.0,-5564000064.0,0.0112879736818178,0.0068476806348169,0.0064608275593975,0.0692633642589254,0.3905458065705445,0.94350596996997,0.2731312217202477,,0.2379502054628958,0.6194675186368477,-0.0110830490036097,0.0908503303648377,0.0072024594784838,-2.590316603351955,1639.1304347826087,11.994413765363127,0.1366239037471914,Canada,CAD
BKNG,Consumer Cyclical,Travel Services,125755023360.0,127628468224.0,10378000384.0,6153999872.0,7075125248.0,-11.185,774878436.0,19175999488.0,16024000512.0,29264000000.0,24084000768.0,9340999680.0,0.22259001,-1.1032627952671208,0.25035998,0.86987,1.057,-3.4377912312656864,27687000064.0,0.162,2.4,,127628468224.0,,3151998976.0,0.0813141498006983,0.0489364138908621,0.0562611739790781,,0.8229907315472936,1.1496791347349575,0.1634869878187224,0.1367637188673198,0.1429902032296798,0.1272691109195783,,0.0561570665511765,0.0038120527791576,0.3037192965284053,5.225108225108225,0.4871193121300108,0.6723698869966577,United States,USD
6758.T,Technology,Consumer Electronics,19840012124160.0,19852821528576.0,2692355981312.0,1030893010944.0,-282762608640.0,1374.318,5888991249.0,1669669060608.0,2208879083520.0,35293173000000.0,3844394975232.0,1945617039360.0,0.03707,0.12367,0.07552,0.30805,1.182,19.612,12479619923968.0,0.154,-0.575,,19852821528576.0,8179745000000.0,-539210022912.0,0.135615785264409,0.0519603014601306,0.0,0.4122852823279874,0.1089274397411646,-0.2742889956942003,0.0930572253811865,0.2830874998397643,0.0951752792471039,0.420268877745237,0.0103639217592487,0.0347631268088035,-0.0247930299516871,-0.2002744164050847,37.053576670907134,1.1652710619501538,0.0615582141150855,Japan,JPY
SPGI,Financial Services,Financial Data & Stock Exchanges,124438396928.0,143330476032.0,7872999936.0,4776000000.0,5298874880.0,105.314,296000000.0,13900000256.0,1810000000.0,61200000000.0,11084999680.0,5735000064.0,0.06919,0.13939999,0.44282,0.7047,0.677,0.38392,15729999872.0,0.104,0.325,,143330476032.0,31127000000.0,12090000256.0,0.0549290015212275,0.0383804365686532,0.0425823139064217,0.2501398343954082,0.1811274457516339,1.1094796649916248,0.1110761300338631,0.2947016339666841,0.1065424072751869,0.2531633727049467,0.0381234954670335,0.0162567874993772,0.0,1.5356281410237775,22.696864111498257,0.412589925063092,0.1216138005712898,United States,USD
APP,Communication Services,Advertising Agencies,162920595456.0,166702874624.0,4872055808.0,3914972928.0,3180097280.0,7.028,305732000.0,3849840128.0,2758671104.0,7259610000.0,5447099904.0,4439283200.0,0.44236,2.66444,0.78151,0.88367,3.244,1.62888,6164192256.0,0.59,1.131,,166702874624.0,2134671000.0,1091169024.0,0.029225985568569,0.024029944876167,0.0195193079861953,0.0131025239259975,0.7503295499345006,0.8122910013644927,0.2483811324958407,1.1228988372325643,0.28056142078535,0.6284896921015961,0.3245182548931226,0.2368869732959475,-0.0050839023617627,0.2239648039762355,20.09470765544692,1.1531084544817751,0.7019998238219103,United States,USD
UBER,Technology,Software - Application,137942368256.0,147051446272.0,7020000256.0,8540000256.0,6536625152.0,12.154,2035599013.0,12419000320.0,6090999808.0,61802000000.0,21279000576.0,10126000128.0,0.06943,0.3531,0.14565,0.39635,1.069,0.48113,53687001088.0,0.145,-0.846,,147051446272.0,27041000000.0,6328000512.0,0.0477383965541906,0.0619099147272218,0.04738663859873,0.196031142149278,0.3443092549755671,0.7654127583201796,0.177305807366942,1.9253167244957807,0.1625571439816412,0.6203233708966193,0.0142573562867319,0.2060338771368355,-0.0189985260582185,0.9014245414865124,14.181818181818182,0.8153635451391952,0.1261064629562265,United States,USD
BBVA.MC,Financial Services,Banks - Diversified,107480743936.0,125170491392.0,,10405000192.0,,9.601,5557432414.0,168716992512.0,160842006528.0,859576000000.0,32611000320.0,5050999808.0,0.013710001,0.19042999,0.54861,0.0,,2.941626580280708,32611000320.0,0.119,0.133,,125170491392.0,57355000000.0,7874985984.0,0.0,0.0968080403146047,0.0,0.533630470906978,0.0379384723631185,0.0,0.1198645442652805,-0.1479260234187056,0.113764610181102,-0.2938351492680879,,0.1128609195729684,-0.0094246181852107,,,0.0299377065273419,,Spain,EUR
ENB.TO,Energy,Oil & Gas Midstream,173822230528.0,290486452224.0,17057000448.0,6456000000.0,-1430499968.0,26.626,2183696415.0,109671997440.0,1706000000.0,218475000000.0,26833000448.0,11559000064.0,0.03171,0.10127,0.14734,0.38861,0.809,1.60133,69048999936.0,0.208,-0.262,,290486452224.0,62333000000.0,107965997440.0,0.0587187468379661,0.0371413942876543,0.0,0.3586020028086059,0.1228195466208948,-0.2215768228004956,0.0693889628183097,-0.2146008185492036,0.0843668405797101,-0.2214207025990452,0.0220422964402026,-0.0022742529900946,0.0018566971224138,6.329717688004132,2.961738782051282,0.1053960932034976,0.0748717533207407,Canada,CAD
6857.T,Technology,Semiconductor Equipment & Materials,18261592768512.0,17988616978432.0,524732006400.0,375353016320.0,240920756224.0,1096.773,725386077.0,20192000000.0,339966001152.0,854210000000.0,726107029504.0,335182004224.0,0.30794,0.57646,0.46671,0.64335996,2.532,2.538,1128610004992.0,0.412,2.204,,17988616978432.0,506539000000.0,-319774001152.0,0.0291702250945219,0.020554232102208,0.0131927570216883,0.0277379419430167,0.8500333987005537,0.6418511261372352,0.2320627634619849,0.6378072885731705,0.1809354586489761,0.6042930686502354,0.0049776632313808,0.2726059213770561,0.0,-0.6094044145426841,43.55471412343809,16.599742681458004,,Japan,JPY
AIR.PA,Industrials,Aerospace & Defense,138851303424.0,136615436288.0,7654000128.0,5014000128.0,-84125000.0,33.143,787228125.0,14570000384.0,15776000000.0,134939000000.0,11144999936.0,5888000000.0,0.024820002,0.19748,0.014780001,0.15366,1.14,0.55655,72529002496.0,-0.066,-0.265,,136615436288.0,26104000000.0,-1205999616.0,0.0560258806469317,0.0361105729968491,0.0,0.1879996755974853,0.0825928748249208,-0.0167780211113708,0.0770523357185866,0.0177278009919239,0.0715808722958566,0.0310978907517577,-0.0305186412601732,0.0443144265669862,0.0,-0.1575646192620497,9.246753246753247,0.4041180401385499,0.0996807974463795,France,EUR
CVS,Healthcare,Healthcare Plans,125181231104.0,191790399488.0,15411999744.0,2932000000.0,5201625088.0,60.845,1275927307.0,78345003008.0,11802000384.0,253538000000.0,54302998528.0,10332000256.0,0.026659999,0.037520003,0.04124,0.13387999,0.866,1.00912,405617999872.0,0.061,0.631,,191790399488.0,75214000000.0,66543002624.0,0.0803585569723176,0.0234220415803716,0.0415527554899864,0.6008408715641449,0.2141809059312608,1.7740876834924966,0.0763108477649228,-0.165831156023994,0.0697765612297001,-0.2211596187266312,-0.0313222752477501,0.0012755958375293,0.0050618672665916,4.317609896788745,1.6848348829753126,0.1318782291060091,0.0318782378704973,United States,USD
ULVR.L,Consumer Defensive,Household & Personal Products,95008661504.0,121252904960.0,10849000448.0,5681999872.0,6273124864.0,6.1538405,2165439403.0,28277999616.0,5011999744.0,70471000000.0,23708999680.0,8350000128.0,0.08427,0.30955,0.20052,0.46945998,0.788,1.6078899999999998,50503000064.0,,,,121252904960.0,15530000000.0,23265999872.0,0.0894741486942433,0.0598050723171253,0.0660268733891792,0.1634587810643576,0.3364362600218529,1.1040346718261946,-0.0562014942930294,0.0664270058142162,-0.0519915244370968,0.0491993765055972,0.0671633841802923,-0.1163510971786833,-0.0269151320867442,2.144529349364076,8.91712204007286,0.2952825603433235,0.2005982503226863,United Kingdom,GBP
AI.PA,Basic Materials,Specialty Chemicals,106141106176.0,117048623104.0,7498899968.0,3517900032.0,1524087552.0,45.357,636490255.0,13650599936.0,3960800000.0,51913400000.0,17289000960.0,6518400000.0,0.06305,0.13357,0.19473,0.64175004,1.173,0.50657,26940200960.0,-0.034,0.053,,117048623104.0,26213900000.0,9689799936.0,0.0640665372145136,0.0331436156899168,0.0143590697978293,0.2469721764208194,0.3330354197567487,0.4332378800239881,-0.0345153937792268,0.0177991105639794,-0.0341805062955219,0.0125455013420597,0.1032032212304276,0.000884947221285,0.0019457708194118,1.292162847530866,60.03869407496977,0.4775174739982945,0.1152644359118407,France,EUR
BATS.L,Consumer Defensive,Tobacco,99616817152.0,130680430592.0,11758000128.0,7677000192.0,2993750016.0,21.181,2160885622.0,35070001152.0,3843000064.0,109290000000.0,21166999552.0,6342000128.0,0.053439997,0.15824,0.34576,0.82651,0.873,0.72842,25610000384.0,0.001,,,130680430592.0,47926000000.0,31227001088.0,0.0899752172129726,0.0770653029426354,0.0300526567861729,0.4811035061165653,0.1936773680300119,0.3899635197508146,-0.0252827802513057,-0.1665393499104579,-0.0283832166517878,-0.147357595840713,-0.0003418169613871,-0.0808164913077486,-0.0129633237903597,2.655808874643346,6.116242864556305,0.180838321062853,0.1243694996095646,United Kingdom,GBP
SAF.PA,Industrials,Aerospace & Defense,123221098496.0,120630493184.0,5904999936.0,7176999936.0,-1703874944.0,35.592,415445364.0,5326000128.0,6848000000.0,61814000000.0,14981999616.0,5720999936.0,0.04879,0.55648,0.13232,0.48036,0.929,0.34448,31189000192.0,0.125,,,120630493184.0,14839000000.0,-1521999872.0,0.048951138142103,0.0582448949376391,0.0,0.1204258051674624,0.2423722719125117,-0.2374076855502427,0.1690101950403908,0.1372228197274931,0.1530696813252481,0.1260592720698058,-0.0111526166012489,0.1236457500181778,-0.0124824226517777,-0.2577476525818543,77.06666666666666,1.074164438322747,0.5066965372814494,France,EUR
MO,Consumer Defensive,Tobacco,121676619776.0,143240151040.0,15788000256.0,8032999936.0,8542875136.0,-1.922,1669891235.0,24601999360.0,3531000064.0,35017000000.0,17806000128.0,8894000128.0,0.27609,-2.293832077669903,0.62294996,0.87378997,0.619,-7.02512831524843,20377999360.0,0.053,1.063,,143240151040.0,,21070999296.0,0.1102204943332626,0.0660192562119847,0.0702096684780277,,0.5084958770882714,1.0634725761312394,-0.0089251285912553,0.0406778620969674,-0.0083401611778949,0.029735550004307,0.0334697777361491,-0.0045484265286977,0.0,1.3346211650834163,8.977060322854715,0.3615153385647434,0.4085372926574643,United States,USD
PGR,Financial Services,Insurance - Property & Casualty,118374645760.0,125419503616.0,15148999680.0,11559000064.0,15501625344.0,54.861,583500000.0,8385999872.0,2288000000.0,123039000000.0,16597000192.0,16771999744.0,0.07935,0.37903,0.16393,0.18562001,0.301,0.26174,89415000064.0,0.087,0.098,,125419503616.0,30323000000.0,6097999872.0,0.1207866340021729,0.0976476000395847,0.1309539322755731,0.2561612734324773,0.1348921902161103,1.3410870540851656,0.2090378284670047,0.3791380935865807,0.1855598033861278,0.2970233963496794,,0.1635443756205967,0.0007088796992481,0.4025348208337938,52.16187050359712,2.0,,United States,USD
DELL,Technology,Computer Hardware,244054786048.0,260032774144.0,14065000448.0,8408999936.0,5434124800.0,-2.163,324873640.0,31924000768.0,11580999680.0,101286000000.0,25745000448.0,12469999616.0,0.07004,-3.4044534153846158,0.088570006,0.19212,0.946,-12.924696667206478,134001999872.0,0.875,2.825,,260032774144.0,,20343001088.0,0.0540893373702621,0.034455378122952,0.0222660038264163,,0.2541812338131627,0.6462272376452067,0.0353498388848534,1.4780522476860227,0.0408702676880982,0.4713719458084364,-0.0217626476499573,0.2701075916033406,0.0115585443957601,1.4463562346272596,5.655769230769231,0.3906151897007748,0.2320803850908804,United States,USD
LOW,Consumer Cyclical,Home Improvement Retail,122101645312.0,162989260800.0,12597000192.0,6623000064.0,4816124928.0,-16.524,561000000.0,42555998208.0,786000000.0,54144000000.0,29442000896.0,9834999808.0,0.12792,-0.6678431041645659,0.11067,0.33293,1.093,-4.2912169212463445,88433999872.0,0.103,-0.007,,162989260800.0,,41769998208.0,0.0772873018146727,0.0542416938533186,0.0394435710976179,,0.5437721796690307,0.7271817728310986,-0.0384581863487832,0.0421346483675451,-0.039640516587624,0.0593247304224854,0.0024145810793167,0.2561830077490604,0.0016990303571428,3.3158686648688747,6.72822527832351,0.2311072521417472,0.2962428995703699,United States,USD
NOW,Technology,Software - Application,106276298752.0,106629529600.0,2888000000.0,1756999936.0,5108125184.0,11.372,1031308000.0,2431000064.0,5182000128.0,26038000000.0,10688000000.0,5437000192.0,0.056560002,0.1607,0.13342,0.76562,0.845,0.20728,13959999488.0,0.221,0.023,,106629529600.0,12964000000.0,-2751000064.0,0.0270844297150495,0.0165323779302855,0.0480645754884634,0.1219839244707986,0.4104769951609187,2.907299584557298,0.2237651786474261,0.2777385491478457,0.1987449972824744,0.2426537318103583,-0.0075420760129693,0.2774370799195408,0.0240412008589917,-0.9525623490304708,99.30434782608695,2.2365281978042764,0.146457197819814,United States,USD
DHR,Healthcare,Diagnostics & Research,129125670912.0,143958917120.0,7935000064.0,3675000064.0,4568500224.0,74.818,707770627.0,19683999744.0,5701000192.0,83464000000.0,14616999936.0,6439000064.0,0.0419,0.0708,0.22937,0.58992,1.868,0.3717,24778000384.0,0.037,0.098,,143958917120.0,52534000000.0,13982999552.0,0.055119892694008,0.0284606464233168,0.0353802632097335,0.4068439654869423,0.1751293963385411,1.2431292910040068,-0.0266652558651128,-0.1075885921382556,-0.0252182347235693,-0.1164040778498609,-0.0164544259381552,0.0763715147919837,0.0029401786723962,1.7621927459634108,16.973584905660378,0.3271184793610207,0.0586769636171517,United States,USD
BMY,Healthcare,Drug Manufacturers - General,115060506624.0,149516156928.0,18973999104.0,7274999808.0,9851750400.0,9.828,2042071247.0,46428999680.0,10485999616.0,90038000000.0,34898001920.0,13306000384.0,0.10689,0.38731998,0.33040002,0.71981,1.42,2.30967,48482000896.0,0.026,0.092,,149516156928.0,18473000000.0,35943000064.0,0.1269026672022943,0.0632276010375443,0.085622345051843,0.1605503099370744,0.3875919269641706,1.354192530584875,0.0144917765631904,0.0244237336350081,0.0200404987743791,0.0309967695481259,-0.0695481495834411,-0.027698886645141,-8.449298665754362e-05,1.8943291747295743,5.932839767318879,0.2865881340478624,0.1684003542426562,United States,USD
IFX.DE,Technology,Semiconductors,99970506752.0,103733428224.0,4016999936.0,1074000000.0,1356125056.0,12.924,1299499659.0,8294000128.0,2152999936.0,30470000000.0,6224999936.0,2891000064.0,0.04901,0.0631,0.46667,0.41162,1.591,0.47645,15123000320.0,,,,103733428224.0,17051000000.0,6141000192.0,0.0387242570189212,0.0107431685093315,0.0135652513932352,0.1705603037733814,0.2042993086970791,1.2626862718808194,0.0103028274765002,-0.1238984909873855,-0.000146315509444,-0.2665968586387434,-0.0388391076005545,0.0639337965711093,0.0,1.5287528727508548,7.221719457013575,0.3485652302126417,0.0646520294903994,Germany,EUR
CB,Financial Services,Insurance - Property & Casualty,128255631360.0,151983800320.0,14488999936.0,11299000320.0,12622624768.0,189.933,387860106.0,25138999296.0,7497999872.0,272327000000.0,18904999936.0,15196999680.0,0.03364,0.15433,0.20641,0.30998,0.386,0.3145799999999999,60987998208.0,0.102,0.787,,151983800320.0,73757000000.0,17640999424.0,0.0953325282398097,0.0880974987233496,0.0984177040349177,0.575078062599621,0.0694202188398506,1.117145270423357,0.1156244843950289,,0.1080498768413889,,,0.1045597611824066,-0.0179173007650674,1.2175443096088645,18.07329842931937,0.6045188792545961,,United States,USD
UCG.MI,Financial Services,Banks - Regional,105733431296.0,125805977600.0,,11155999744.0,,45.715,1498277375.0,132993998848.0,113316003840.0,870238000000.0,25464000512.0,,0.01345,0.16984,0.62253,0.0,,1.964141702943392,25464000512.0,0.064,0.201,,125805977600.0,67711000000.0,19677995008.0,0.0,0.105510618611902,0.0,0.6403934798109742,0.0292609613829779,0.0,0.0597686247147675,-0.0723717870182496,0.0539713309187369,0.1658082403000785,,0.1099917857561951,0.0040320007507961,,,0.0,,Italy,EUR
BMO.TO,Financial Services,Banks - Diversified,162167455744.0,37621567488.0,,9281999872.0,,119.957,700416619.0,329961996288.0,454605996032.0,1476802000000.0,34682998784.0,3604000000.0,0.0066299997,0.11367,0.42977002,0.0,,3.747396353113536,34682998784.0,0.158,0.412,,37621567488.0,88051000000.0,-124643999744.0,0.0,0.0572371307758117,0.0,0.5429634423012633,0.0234852057242609,0.0,0.1119168956432723,0.3435868379912516,0.0970282199595264,0.2860337674439243,,0.0476395863645295,-0.0283440142539763,,,0.0109224699830411,,Canada,CAD
8411.T,Financial Services,Banks - Regional,18015024316416.0,-36612025090048.0,,1248631980032.0,,4640.729,2436438196.0,73538631368704.0,128804928356352.0,302240042000000.0,4401824006144.0,-5992523759616.0,0.00428,0.11439,0.32479,0.0,,6.498339805758763,4401824006144.0,0.167,6.799,,,11316526000000.0,-55266296987648.0,,0.0693105908768714,0.0,0.6281715639810674,0.0145640001140021,0.0,0.1736864704267193,,0.1679011567311049,-0.9639466865383948,,0.0667782402286847,-0.0095113379885158,,,-0.0814881056131029,,Japan,JPY
VRTX,Healthcare,Biotechnology,111011954688.0,105325355008.0,4981199872.0,4338299904.0,2783225088.0,76.179,253805417.0,1986499968.0,7246700032.0,25643000000.0,6645499904.0,4240600064.0,0.12142,0.24197,0.38126,0.54390997,3.023,10.26,12218000384.0,0.078,0.614,,105325355008.0,18665800000.0,-5260200064.0,0.0472934543787832,0.0390795740530182,0.0250713997048541,0.1681422514580558,0.2591545413563155,0.6415474147911744,0.1035218340064798,-0.0664262278464777,0.0991140877973664,-0.2268339208326374,-0.0166286653779615,0.1380096923650435,-0.0114779855818849,-1.0560106398396696,350.1127819548872,2.1347093542968536,0.2137793938058379,United States,USD
RIO.L,Basic Materials,Other Industrial Metals & Mining,123774050304.0,140674777088.0,20284999680.0,9966000128.0,3495749888.0,28.707808,1254501913.0,23747999744.0,9420000256.0,128102000000.0,16209999872.0,16832000000.0,0.07861,0.16399999,0.25318,0.28124002,1.445,0.35432,57637998592.0,0.146,-0.056,,140674777088.0,62203000000.0,14327999488.0,0.144197844844002,0.0805176860862404,0.0282429950334026,0.5025528359718692,0.1265397876067508,0.3507675941302175,0.0123511706427004,-0.2174508402041098,0.0106278662326667,-0.2399599040561343,-0.042586006385069,0.2462981339871188,0.0001830633335514,0.7063347159983786,8.965008201202844,0.7087754834700406,0.1448856607641466,United Kingdom,GBP
BP.L,Energy,Oil & Gas Integrated,84328185856.0,143038251008.0,34377998336.0,3208999936.0,10053125120.0,2.7113943,15450381904.0,74178002944.0,35762999296.0,278526000000.0,55796998144.0,24519000064.0,0.03961,0.05842,0.15461001,0.2891,1.219,0.96384,193004994560.0,0.116,4.745,,143038251008.0,53052000000.0,38415003648.0,0.2403412939807077,0.0380537053350078,0.1192142937495045,0.629113498191368,0.2003295855467712,3.132790688843442,-0.0777768702078425,-0.2690519639082961,-0.0853527893769231,-0.3349711685672996,-0.0511546282326146,-0.0131170542965262,-0.0105718004116724,1.117429911786706,2.5105304212168487,0.3305427362679256,0.0650382682058147,United Kingdom,GBP
PH,Industrials,Specialty Industrial Machinery,111532236800.0,119515242496.0,5479000064.0,3480000000.0,2774481920.0,115.865,126086389.0,9582000128.0,476000000.0,29494000000.0,7857999872.0,4095000064.0,0.095410004,0.24841999,0.21528,0.37442002,1.129,0.65554,20987000832.0,0.106,-0.042,,119515242496.0,13682000000.0,9106000128.0,0.0458435254748646,0.0312017413067788,0.0248760537724641,0.1226730530342954,0.2664270655726588,0.7972649195402299,0.0776335392365337,0.1474074593548844,0.068696338080294,0.1355261633634425,0.0336613597561478,0.0066898764420779,0.0,1.6619821174727405,11.04156479217604,0.4273638081086863,0.1907497360084477,United States,USD
CFR.SW,Consumer Cyclical,Luxury Goods,103330504704.0,95804923904.0,5359000064.0,3464000000.0,2592000000.0,37.552116,534182089.0,13514999808.0,17234999296.0,42623000000.0,14435999744.0,4880000000.0,0.069520004,0.14961,0.19431,0.64389,3.098,0.55981,22420000768.0,0.042,-0.272,,95804923904.0,24076000000.0,-3719999488.0,0.0559365828563249,0.0335234983117807,0.0250845576282147,0.2329999264880006,0.3386903724280318,0.7482678983833718,0.0396228154221602,0.0271076019394593,0.0387922453429397,0.0131133731133731,-0.0434368357075345,0.0394332536701946,0.0,-0.6941592542589676,15.262295081967212,0.3610802862987358,0.1398653927047653,Switzerland,CHF
DTE.DE,Communication Services,Telecom Services,134448652288.0,307104907264.0,41964998656.0,8807000064.0,18050500608.0,13.103,4838022420.0,148968996864.0,8887000064.0,289769000000.0,54255001600.0,40329998336.0,0.053260002,0.14428,0.21365999,0.44491002,1.18,1.6187399999999998,121945997312.0,0.004,-0.272,,307104907264.0,62171000000.0,140081996800.0,0.1366471119913599,0.0655045618838535,0.1342557199408317,0.4624144529676998,0.1872353550586847,2.049562901876686,0.0137041396383592,0.2222249418647293,0.0157148155420293,0.1653795194711177,0.0512821124308682,-0.0497320731699318,-0.0162978156612372,3.338067467803233,3.978310676645792,0.2707274613174641,0.1029807726523301,Germany,EUR
ACN,Technology,Information Technology Services,103436189696.0,105182756864.0,12735312896.0,7648264192.0,12164313088.0,50.762,613939268.0,8347366912.0,9405595648.0,65394897000.0,23094063104.0,13080248320.0,0.11163,0.24763,0.13819,0.32026002,1.336,0.25469,72110325760.0,0.083,0.04,,105182756864.0,31195446000.0,-1058228736.0,0.1210779530381258,0.073941859367387,0.1176020996495621,0.3015912137877828,0.3531477861949992,1.590467167795241,0.0419365417641481,0.0721617916712178,0.038452694725682,0.0618858449122516,-0.0007202219365392,0.1691781554088819,-0.0215916952728624,-0.0830940507423556,47.43273172759292,1.5669909395256256,0.2406819291873507,United States,USD
VRT,Industrials,Electrical Equipment & Parts,110341021696.0,108691292160.0,2383000064.0,1558400000.0,1964749952.0,10.303,384108816.0,3264900096.0,2500499968.0,12212400000.0,4028400128.0,2577299968.0,0.111499995,0.45097,0.16364999,0.37151,1.494,0.76913,10843400192.0,0.301,1.357,,108691292160.0,3941300000.0,764400128.0,0.0219244800263491,0.0141234871314998,0.0178061605901481,0.035719263238822,0.3298614627755396,1.2607481724845997,0.2158543401649824,,0.1917600758530218,0.6734841941613404,0.0792209558543557,0.3372460990966329,0.0048586464190678,0.3207721810619305,21.231126596980257,0.789396273153223,0.2341968380864529,United States,USD
LMT,Industrials,Aerospace & Defense,124555100160.0,139853512704.0,7994999808.0,4792999936.0,3987124992.0,32.561,230563608.0,20696999936.0,1894000000.0,59840000000.0,7440000000.0,7368000000.0,0.07226,0.6764,0.110039994,0.09906,1.135,2.76365,75106000896.0,0.003,-0.115,,139853512704.0,6721000000.0,18802999936.0,0.0571669574358237,0.0384809608746895,0.0320109332085017,0.0539600545571108,0.124331550802139,0.8318641863633023,0.0438389413372375,0.0405191102482833,0.0438611673329852,0.0225769669327252,-0.0240693595930483,0.0759300213963356,-0.0212765957446808,2.3518449515389905,6.29695885509839,0.3559936233649124,0.1928502944802081,United States,USD
COF,Financial Services,Credit Services,109031923712.0,92433866752.0,,2579000064.0,,173.505,622292783.0,55874998272.0,79386001408.0,669009000000.0,36310999040.0,29073999872.0,0.00487,0.03259,0.28586,0.0,,0.4917881132234896,36310999040.0,0.463,-0.032,,92433866752.0,113616000000.0,-23511003136.0,0.0,0.0236536234177821,0.0,1.042043432161286,0.0542758005348209,0.0,0.1598069408002154,0.266249971257817,0.1464137471497649,0.1965283657917019,,0.3649233694587713,0.0090023994229516,,,0.520340058544029,,United States,USD
SBUX,Consumer Cyclical,Restaurants,114984329216.0,135272374272.0,5395299840.0,1495600000.0,-1304087552.0,-7.429,1139700000.0,24408500224.0,1700300032.0,32019700000.0,8424000000.0,4345699840.0,0.07377,-0.1847195118938814,0.084180005,0.21897,0.922,-3.01466050243312,38471598080.0,0.088,0.326,,135272374272.0,,22708200192.0,0.0398847131133468,0.0130069898237218,0.0,,0.2630880364275743,-0.8719494196309173,0.0485979550549826,-0.015093651776169,0.042385114400031,-0.0233170992060844,-0.0318554945328533,0.0217107593341268,0.0029995588883987,4.208885671866571,5.620899373387394,0.1780404285441114,0.1398440114996813,United States,USD
NEM,Basic Materials,Gold,98908766208.0,95961866240.0,16339000320.0,8456000000.0,9804874752.0,32.55,1067552764.0,5532000256.0,8778999808.0,57121000000.0,16816000000.0,12088000512.0,0.14887,0.25832,0.61379004,0.67356,2.443,15.762,24966000640.0,0.458,0.786,,95961866240.0,33867000000.0,-3246999552.0,0.1702655540184709,0.0854929277170182,0.0991304929573265,0.3424064549423198,0.2943926051714781,1.1595168817407755,0.2391183028460648,0.8854361425713237,0.240523679277175,0.7511445046304386,0.2583638421215816,0.0137003318603701,-0.0334933411562523,-0.1987269409637908,50.52838427947598,2.1851048359749026,0.2250773210916376,United States,USD
BNP.PA,Financial Services,Banks - Regional,101446402048.0,,,11786000384.0,,118.27,1100099307.0,653543014400.0,1143160045568.0,2792981000000.0,49080999936.0,,0.00456,0.09575,0.35636002,0.0,,5.206974691067858,49080999936.0,0.093,0.12,,,125513000000.0,-489617031168.0,,0.1161795800153008,0.0,1.237234613215881,0.0175729802444055,0.0,0.0617930174491492,,0.0637050094090183,0.398468287162119,,0.0325604419817605,-0.0124034149656516,,,0.0,,France,EUR
EQIX,Real Estate,REIT - Specialty,102337945600.0,124400517120.0,4281999872.0,1422000000.0,2725125120.0,144.976,98624248.0,23335999488.0,1362000000.0,40141000000.0,4915999744.0,3819000064.0,0.03495,0.10059,0.24343,0.51606,1.178,1.6296100000000002,9525999616.0,0.121,0.2,,124400517120.0,14156000000.0,21973999488.0,0.0344210777505809,0.0138951392043578,0.0266286869843124,0.1383260130639167,0.1224682928676415,1.9164030379746837,0.0826577301901023,,0.0768733540818769,-0.8234741784037559,0.027357021012675,0.1441071683055436,0.0092206592052572,5.131714186095146,3.861480075901328,0.163652731735953,0.0561410284705363,United States,USD
SYK,Healthcare,Medical Devices,117041954816.0,130666135552.0,6918000128.0,3336999936.0,4359875072.0,58.614,383360762.0,15233999872.0,2964999936.0,47844000000.0,16348999680.0,5375000064.0,0.07716,0.152,0.17824,0.64697,2.112,0.66295,25269999616.0,0.026,0.142,,130666135552.0,22420000000.0,12268999936.0,0.0529440937299849,0.0285111432156618,0.0372505319041714,0.1915552421800043,0.341714732881866,1.3065253687796294,0.1083048009361455,0.2813175271698322,0.102000969327702,0.2191933240611961,0.0120642171648823,0.1134020618556701,0.0028841111693759,1.7734894057521475,8.43657331136738,0.3528292050126124,0.1278651685393258,United States,USD
GSK.L,Healthcare,Drug Manufacturers - General,78452785152.0,92483297280.0,11432999936.0,5829000192.0,3019249920.0,4.441,4008828915.0,19111999488.0,3443000064.0,61118000000.0,23886000128.0,7736999936.0,0.10019,0.40905997,0.36283,0.72867996,0.792,1.097,32779999232.0,0.015,0.084,,92483297280.0,16377000000.0,15668999424.0,0.1236223217840703,0.0742994678991508,0.0384849296828696,0.2087497590846524,0.3908177644556432,0.5179704615799745,0.0366417137443129,-0.0258657295336992,0.0358203646064917,-0.0451248812650164,0.0497804160689854,0.0278324336141802,0.0002645367758894,1.370506386050241,11.77292576419214,0.4048242017198614,0.2035894983260754,United Kingdom,GBP
MDT,Healthcare,Medical Devices,103442612224.0,122930765824.0,10081000448.0,4800999936.0,,38.169,1283884964.0,28071000064.0,8383000064.0,91680000000.0,23776000000.0,7329999872.0,,0.09929,0.21301001,0.65383005,,0.5706,36364001280.0,0.099,0.171,,122930765824.0,48024000000.0,19688000000.0,0.082005512455954,0.0464122070467793,0.0,0.4642574173978354,0.2593368237347295,0.0,0.0191049968110272,-0.0463311075934849,0.0207741394568913,-0.0335959509143866,-0.0266678556526722,0.0188817639279403,-0.0224220708283838,1.9529807682833664,8.720164609053498,0.261123574339642,0.0806715650816614,United States,USD
PWR,Industrials,Engineering & Construction,99250536448.0,103730413568.0,2659121920.0,1104744960.0,1037176768.0,60.274,150060149.0,6319672832.0,364760992.0,24926901000.0,4548372992.0,2378515968.0,0.04709,0.13534,0.04244,0.15100001,1.135,0.69121,30121150464.0,0.263,0.51,,103730413568.0,8938249000.0,5954911840.0,0.0256349302825908,0.0111308714243454,0.0104500872752804,0.0900574376712108,0.1824684501294405,0.93883819845623,0.1859531097667603,0.3212701660051393,0.1642816361115183,0.2501430966466434,0.0019799100659251,0.3341384296014524,0.0159342418517859,2.2394279085932247,6.31471246342443,0.3763669467122186,0.1018432081569812,United States,USD
SO,Utilities,Utilities - Regulated Electric,106642685952.0,183802855424.0,13973999616.0,4362999808.0,-3950000128.0,32.93,1127301098.0,76004999168.0,981000000.0,155720000000.0,14485000192.0,9777999872.0,0.03237,0.109910004,0.25819,0.48002997,0.65,1.90431,30175000576.0,0.08,-0.008,,183802855424.0,36016000000.0,75023999168.0,0.0760271084133296,0.0409123210752942,0.0,0.3377259272727887,0.0930195234523503,-0.9053404313145456,0.0031097339006953,,0.0082773059950004,-0.090434280767566,0.1217321405771478,0.072599531615925,0.0183972863636363,5.3688279110941695,2.543854231006794,0.1286494306826699,0.05933070185548,United States,USD
CDNS,Technology,Software - Application,105980919808.0,107762212864.0,2014227968.0,1170968960.0,1499152256.0,23.789,275816000.0,3083354112.0,1546153984.0,10153148000.0,4758949888.0,1597542016.0,0.10389,0.20656,0.29699,0.86079,1.471,0.4699199999999999,5528612864.0,0.187,0.23,,107762212864.0,5474181000.0,1537200128.0,0.0186914124577418,0.0110488657969885,0.0141454920255073,0.0516525145273062,0.4687166864897468,1.280266435072711,0.1414324824185533,0.1239450231690388,0.1309037030534925,0.1009240973702135,-0.0320186484783545,0.131335268152524,0.0,0.7631708785805122,14.0601505049725,0.518118243306074,0.1923704518636553,United States,USD
ADBE,Technology,Software - Application,90894475264.0,94103199744.0,9516000256.0,7208000000.0,9321374720.0,28.16,404200000.0,6670000128.0,6898999808.0,29496000000.0,21859999744.0,10506999808.0,0.18905,0.58774,0.38762,0.89396006,0.912,0.5834,24452999168.0,0.12,0.111,,94103199744.0,11623000000.0,-228999680.0,0.1011230253794503,0.079300749347687,0.1025516093571845,0.127873558500023,0.7411174309736913,1.2931984905660376,0.1052233993251612,0.1002950695859001,0.1000619766919029,0.1035336680909459,0.0156447756530779,-0.0242805160436652,0.0,-0.0240646988061619,34.20912547528517,1.5752623098000635,0.4662624378109453,United States,USD
OR.PA,Consumer Defensive,Household & Personal Products,206788280320.0,207100968960.0,9894500352.0,6127200256.0,5913287680.0,65.482,533784939.0,11916000256.0,9864999936.0,61821200000.0,32738600960.0,8656900096.0,0.09396,0.18003,0.19198999,0.74318004,1.445,0.34042,44052000768.0,0.01,0.004,,207100968960.0,34953200000.0,2051000320.0,0.0477762146729069,0.029630307126295,0.0285958550013053,0.1690289214935718,0.5295691600939484,0.9650880390614738,0.0481045783403251,0.1321519035539171,0.0471392408398754,0.1159903286411419,0.019637506833943,0.0970269761895466,-0.0009900451032525,0.2072869015144788,23.6846318036286,0.7264937823109762,0.1910893838513648,France,EUR
TT,Industrials,Building Products & Equipment,100197810176.0,102843834368.0,4233400064.0,2936199936.0,2662362624.0,38.837,221055477.0,4616000000.0,1074200064.0,21420700000.0,7760799744.0,3481200128.0,0.11342,0.36630002,0.15521,0.35924998,1.095,0.5359700000000001,21602799616.0,0.06,-0.021,,102843834368.0,8579200000.0,3541799936.0,0.0411633822291366,0.0293040330007461,0.0265710659676443,0.0856226297254442,0.3623037409608463,0.906737511760507,0.100636107225388,0.3236950233396067,0.0970271043199598,0.2468157882893019,0.0511483733806842,0.0632361627462562,-0.0160750350061639,0.836632466210498,17.226731363034848,0.7541594731369151,0.2580481036077706,United States,USD
ZURN.SW,Financial Services,Insurance - Diversified,84483252224.0,63154614272.0,10766999552.0,6798000128.0,1322749952.0,159.89357,149369269.0,17742999552.0,36086001664.0,407211000000.0,17404999680.0,5903000064.0,0.01716,0.25221002,0.14896,0.23815,5.094,0.5881799999999999,73083002880.0,0.095,0.338,,63154614272.0,28515000000.0,-18343002112.0,0.1704863480857901,0.0804656538313143,0.0156569487700691,0.3375225177694977,0.0427419683652946,0.1945792773012434,0.2558926182348791,0.0636139272206528,0.1877416601417448,0.0507098381070983,,0.1374450077512884,0.0,-1.703631733558746,22.82608695652174,0.3326945957869119,,Switzerland,CHF
HWM,Industrials,Aerospace & Defense,101651308544.0,102235815936.0,2560999936.0,1743000064.0,1192749952.0,13.771,400107483.0,4848000000.0,2435000064.0,11179000000.0,3022000128.0,2084000000.0,0.11918,0.33818,0.28188,0.35046002,2.444,0.8779399999999999,8622999552.0,0.191,0.714,,102235815936.0,5353000000.0,2412999936.0,0.0250499290542484,0.0171468531882748,0.0117337392807266,0.0526604140829425,0.2703283055729493,0.6843086105589494,0.1337158522423005,0.3838275036444589,0.1223083794890119,0.3270523415977961,0.0662629724168987,0.0627436068067306,-0.009399361683814,0.9422100727455855,13.18543046357616,0.4298679867986799,0.2116284013605442,United States,USD
CM.TO,Financial Services,Banks - Diversified,141073350656.0,122335158272.0,,9400000512.0,,69.936,912800674.0,302462992384.0,322755985408.0,1116938000000.0,28896999424.0,-25238999040.0,0.00874,0.15387,0.43264,0.0,,4.716477605825758,28896999424.0,0.153,0.24,,122335158272.0,64129000000.0,-20292993024.0,0.0,0.0666320071671184,0.0,0.454579122859109,0.0258716235135701,0.0,0.1005834128218781,-0.1616861559176843,0.0962902723813539,-0.2002523704798644,,0.0719328973065831,-0.0166408276491042,,,-0.0834449161567414,,Canada,CAD
D05.SI,Financial Services,Banks - Regional,177635934208.0,288657211392.0,,10931000320.0,,24.266,2837634701.0,183164993536.0,70002999296.0,897488000000.0,22286999552.0,,,0.1587262450810983,0.60021,0.0,,2.659691775973979,22286999552.0,0.032,,,288657211392.0,68867000000.0,113161994240.0,0.0,0.0615359745129074,0.0,0.387686198217987,0.0248326435027543,0.0,0.1155050803802724,0.7099216600025859,0.1041644237827257,0.4405612486205266,,0.0849460662774912,-0.0029340965400875,,,0.0,,Singapore,SGD
1299.HK,Financial Services,Insurance - Life,762490257408.0,747347968000.0,9973000192.0,6233999872.0,5073375232.0,32.38422,10338851006.0,20580999168.0,8771999744.0,345423000000.0,11507000320.0,6969999872.0,0.01871,0.14847,0.31429002,0.43895,1.961,0.47195,26215000064.0,0.06,0.094,,747347968000.0,43245000000.0,11808999424.0,0.013344520382773,0.0081758420011709,0.0066536918769904,0.0567154787616651,0.0333127797512036,0.8138234417981073,,-0.1086620517505092,0.5704645998657325,-0.2128932716173609,,0.1308511265198688,-0.0264559310943679,1.1840969815154296,12.2684766214178,0.3386618800722357,,Hong Kong,HKD
BNS.TO,Financial Services,Banks - Diversified,140348932096.0,-40221986816.0,,9018000384.0,,71.048,1226076000.0,349912006656.0,531156008960.0,1460042000000.0,34215999488.0,-33443000320.0,0.00658,0.11038999,0.39803,0.0,,4.028181413395345,34215999488.0,0.126,0.354,,,86866000000.0,-181244002304.0,,0.0642541432223481,0.0,0.6189288276207391,0.0234349419318074,0.0,0.0559290140705124,-0.3238917111151477,0.055811522234253,-0.2949747337095039,,0.034004307283076,-0.0065330399083396,,,-0.095575458069028,,Canada,CAD
6981.T,Technology,Electronic Components,16322546106368.0,15146661445632.0,510460985344.0,233829007360.0,115032498176.0,1493.575,1820290706.0,55767998464.0,653701021696.0,3028194000000.0,774825967616.0,425222012928.0,0.06669,0.08826,0.28057,0.4232,4.997,2.052,1830856032256.0,0.118,1.408,,15146661445632.0,2580805000000.0,-597933023232.0,0.0337012210364817,0.0143255228587637,0.007047460452945,0.1581128938574807,0.2558706501683842,0.4919513599905828,-0.0128859220120802,-0.0148152042534061,-0.014769803163729,0.0638077535539535,,-0.0031933295917074,-0.031784373217963,-1.1713589096903312,64.74952879581151,7.62483905895411,0.1123602079749912,Japan,JPY
BNY,Financial Services,Banks - Diversified,96940744704.0,-65547530240.0,,5719000064.0,,57.478,686379045.0,80384000000.0,247720001536.0,472300000000.0,20753999872.0,3304999936.0,0.01196,0.13472,0.37647998,0.0,,1.814004919549568,20753999872.0,0.134,0.418,,,44313000000.0,-167336001536.0,,0.0589948022522672,0.0,0.4571142932242354,0.0439424092144823,0.0,0.0687475735382874,-0.2774183695936628,0.0650369687058856,-0.5105485578303861,,0.1351618981695123,0.0052021048172309,,,0.0411151464968152,,United States,USD
SAN.PA,Healthcare,Drug Manufacturers - General,91489853440.0,106343243776.0,12826999808.0,4829000192.0,16672499712.0,60.462,1196884513.0,20021000192.0,5544000000.0,126805000000.0,34264000512.0,10339999744.0,0.04666,0.06576,0.20002002,0.72357005,1.005,0.27372,47353999360.0,0.06,-0.117,,106343243776.0,71376000000.0,14477000192.0,0.1206188503617458,0.0527818114296894,0.1822333197083324,0.7801520859010789,0.2702101692520011,3.4525779766214595,0.0482197351528268,-0.050424197693939,0.0488113592137705,-0.0706403906764104,0.0136153545885342,-0.0451286916971641,-0.0345339120853325,1.1286349425974826,10.864217252396166,0.516457701655268,0.0690737355271176,France,EUR
DUK,Utilities,Utilities - Regulated Electric,98057609216.0,189543710720.0,16478000128.0,5062000128.0,-2246500096.0,68.746,779596217.0,91208998912.0,2140000000.0,195736000000.0,16702999552.0,11665000448.0,0.02782,0.09661,0.25507,0.5105,0.661,1.61495,32718999552.0,0.113,0.12,,189543710720.0,51842000000.0,89068998912.0,0.0869350930474386,0.0516227161611649,0.0,0.5286892105007693,0.0853343255813953,-0.4437969259569327,0.0386797140947132,,0.0388766172294099,0.5656842955187728,0.0607154575386002,0.0504070450727958,0.0021407525773195,5.405328208527612,2.5718216840946617,0.1278930871640702,0.053500792837557,United States,USD
CNQ.TO,Energy,Oil & Gas E&P,134987153408.0,151503814656.0,14796000256.0,9710000128.0,5340624896.0,21.402,2085710000.0,20020000768.0,808000000.0,91830000000.0,18801999872.0,14104000512.0,0.050419997,0.22825001,0.21776,0.48668,0.984,0.4485,38633000960.0,-0.012,-0.453,,151503814656.0,44366000000.0,19212000768.0,0.0976609089982014,0.0719327719923941,0.0395639493178873,0.3286683130942344,0.2047479023412828,0.550012855365433,-0.0374797886481466,-0.1644643002383113,-0.0350259314591487,-0.1816134887024226,-0.1154346635766565,0.075809229255263,-0.0101845177071187,1.2984590724246066,13.74398460057748,0.7044955030443284,0.1704728592405123,Canada,CAD
MCK,Healthcare,Medical Distribution,95759958016.0,101163089920.0,6883999744.0,4761999872.0,5657625088.0,-18.1,120204051.0,8785999872.0,3975000064.0,82323000000.0,14526999552.0,6154999808.0,0.04992,-2.192449296500921,0.022090001,0.03601,0.854,-4.04511964640884,403430014976.0,0.06,0.372,,101163089920.0,,4810999808.0,0.0680485318256281,0.049728508352148,0.059081323814435,,0.1764634373382894,1.1880775388647469,0.1339152307952116,0.0554759548461802,0.1276591578193114,0.0853689567430025,-0.0085945771567098,0.0955948895395262,0.003584229390681,0.6988669359253248,26.105263157894736,0.7005463120498439,0.4212727035149614,United States,USD
CME,Financial Services,Financial Data & Stock Exchanges,96025141248.0,96817192960.0,4792500224.0,4244800000.0,3030237440.0,73.573,361319613.0,3742200064.0,2515399936.0,198424200000.0,6743600128.0,4420400128.0,0.0155,0.15919,0.69806,1.0,1.018,14.059,6743600128.0,0.144,0.213,,96817192960.0,28728200000.0,1226800128.0,0.0495005078899573,0.0442050898840871,0.0315567090099241,0.2991737333226609,0.0339857745577404,0.7138704862419902,0.0911352454850196,0.1223388006545793,0.0869680416361994,0.1104020150278056,0.0109402240773149,0.4436415491062009,-0.0018130997894696,0.2559833219947284,31.741061130334487,1.181230306344199,0.1443551242541472,United States,USD
ADP,Technology,Software - Application,91719024640.0,93548191744.0,6339899904.0,4345600000.0,4749387264.0,15.851,399734282.0,4398000128.0,3228400128.0,53369300000.0,10475499520.0,5452400128.0,0.05949,0.71208,0.30184,0.48497,1.043,0.69259,21600399360.0,0.07,0.105,,93548191744.0,6188000000.0,1169600000.0,0.0677714853254406,0.0473794833411782,0.0517819207371806,0.0674669189329922,0.1962832474849773,1.092918645066274,0.0761371928036849,0.1993668171714626,0.0720478229259229,0.1552120827157879,0.0337792542219391,-0.0182735588924023,0.0,0.1844824078787222,12.647510418951525,1.239745331812778,0.4768836324538913,United States,USD
9983.T,Consumer Cyclical,Apparel Retail,24080782721024.0,22822189531136.0,702977998848.0,478733008896.0,474782760960.0,8579.267,306839741.0,688088023040.0,2222150123520.0,3859353000000.0,1985605009408.0,781403029504.0,0.10029,0.20616,0.17723,0.54169,3.215,0.25405,3665567940608.0,0.148,0.298,,22822189531136.0,2273115000000.0,-1534062100480.0,0.0308023907122906,0.0198802926982118,0.0197162511891893,0.0943953951303846,0.514491680187845,0.9917485365274694,0.139032296803147,0.046694373515659,0.1256658498136977,0.080225889548281,0.013348695987008,0.0757583486292234,0.0,-2.182233445419249,51.691444600280505,1.1356149262004744,0.2250319023141304,Japan,JPY
8058.T,Industrials,Conglomerates,16861200646144.0,22356942651392.0,816398008320.0,800459980800.0,34999373824.0,2578.334,3661498671.0,6507851153408.0,1858730983424.0,21496104000000.0,1655074062336.0,1490041044992.0,0.011460001,0.08984999,0.01757,0.0875,1.411,0.63488,18915994370048.0,0.12,0.683,,22356942651392.0,9368714000000.0,4649120169984.0,0.0365165318465031,0.0474734864733999,0.0020757343773145,0.555637418509846,0.0769941410004343,0.0437240769851114,0.0254641626690135,0.243868732184334,0.010666806470873,0.1121063497943649,,-0.0836958150813663,-0.0374793777546914,5.694673581518225,9.166880593603292,0.2289605293464191,0.1001752120208922,Japan,JPY
ELV,Healthcare,Healthcare Plans,87024566272.0,82764210176.0,8541000192.0,5242999808.0,4298625024.0,201.97,217162380.0,31842000896.0,37072998400.0,121494000000.0,51889999872.0,7605000192.0,0.03979,0.12086,0.05303,0.25891,1.479,0.72299,200416002048.0,0.026,-0.168,,82764210176.0,43882000000.0,-5230997504.0,0.1031967824478402,0.0602473535072007,0.0493955351706599,0.5042484194962193,0.4270992795693614,0.8198789207356004,0.0833845367199279,-0.2405785022131265,0.0756162359526617,-0.2655626092556813,,0.0393963503836973,-0.0296984616583031,-0.6124572516576756,5.7860199714693294,0.2388354995918407,,United States,USD
PNC,Financial Services,Banks - Regional,93913923584.0,153912999936.0,,6851999744.0,,158.258,401564632.0,68487999488.0,13921999872.0,573572000000.0,23042000896.0,6821000192.0,0.012560001,0.12104,0.36725,0.0,,1.1304448211273417,23042000896.0,0.138,0.177,,153912999936.0,60585000000.0,54565999616.0,0.0,0.0729604246368359,0.0,0.6451120098907441,0.0401728133451423,0.0,0.030076812103055,,0.0239928793535932,,,0.024166217292398,0.0003447751325675,,,0.0995940930234811,,United States,USD
FTNT,Technology,Software - Infrastructure,105402466304.0,99022512128.0,2361400064.0,1954499968.0,1813049984.0,1.348,732648391.0,567200000.0,3294899968.0,10389200000.0,5709199872.0,2804400128.0,0.13586001,1.32392,0.31282,0.80304,1.153,0.5731,7109499904.0,0.201,0.286,,99022512128.0,1237500000.0,-2727699968.0,0.0238471031814217,0.018543209058912,0.0172012102522424,0.0117407119908449,0.549532194201671,0.9276285565024884,0.1546194776009137,0.1537170045137765,0.1387621454247784,0.1359905569738395,0.0501589905470724,0.0641292212514467,-0.0312907431551499,-1.15511979930225,114.54228855721394,4.944287954866009,0.4299185838063938,United States,USD
FCX,Basic Materials,Copper,91975073792.0,107913715712.0,9783000064.0,2724999936.0,1709874944.0,13.573,1437559865.0,10401000448.0,3736999936.0,58167000000.0,10208000000.0,6047000064.0,0.077659994,0.15630999,0.31072,0.38636002,2.386,0.33008,26421000192.0,0.088,1.531,,107913715712.0,18899000000.0,6664000512.0,0.0906557614057962,0.0296275917338488,0.0185906341088331,0.2054795850747535,0.1754946963054653,0.6274770584068007,0.0439166661100747,-0.1257226219527814,0.0495026029586103,0.0168067226890756,-0.0560024439999952,0.0605126896149358,-7.863297892996358e-05,0.6811816895026446,18.26829268292683,0.5813863862646764,0.1292667024622229,United States,USD
BN.TO,Financial Services,Asset Management,139287019520.0,514467987456.0,31926999040.0,1164999936.0,-2218749952.0,26.666574,2233510540.0,267466997760.0,15029999616.0,518971000000.0,25532000256.0,9489000448.0,0.02642,0.02503,0.28922,0.32272997,0.892,1.6147300000000002,79113003008.0,0.079,1.588,,514467987456.0,47886000000.0,252436998144.0,0.0620582812117742,0.0083640237260782,0.0,0.3437937014161188,0.0491973544880157,-1.9045065011917732,-0.0680076363419638,,-0.0719556087924779,-0.682062012554689,0.087677921674757,0.0582088152292709,0.5069533721150217,7.906693573916304,1.2555555555555555,0.0354772758040023,0.0485770784971197,Canada,CAD
6861.T,Technology,Scientific & Technical Instruments,17284766629888.0,16183768121344.0,612985995264.0,445184999424.0,,14313.865,242525136.0,0.0,1493889056768.0,3289224000000.0,970736992256.0,430680014848.0,,0.1432129812928977,0.536,0.83018994,10.539,0.0,1169288986624.0,0.179,0.254,,16183768121344.0,3108552000000.0,-1493889056768.0,0.0378765928100243,0.0257559161171552,0.0,0.1798434463456879,0.2951264469236513,0.0,0.1193591759110541,0.1420319739368287,0.1033230571358917,0.1544761742024521,,0.1094282499413112,0.0,-2.437068821000737,,,0.1761430918523227,Japan,JPY
AMT,Real Estate,REIT - Specialty,88314683392.0,139836309504.0,6989599744.0,2900300032.0,4614362624.0,7.559,465893069.0,45131198464.0,1608800000.0,63190400000.0,8002400256.0,5569600000.0,0.04911,0.29952,0.45907003,0.73964,0.304,4.4455,10819300352.0,0.068,0.769,,139836309504.0,3652500000.0,43522398464.0,0.0499841548221069,0.0328405189330353,0.0522490988674935,0.0413577885320354,0.1266394935939636,1.59099492227982,0.0334029599844374,0.2756688484627583,0.0307954112601225,0.2177810481563241,0.0081968530320047,0.0345954477433551,0.0020264908096149,6.226736874505643,3.2393703104310725,0.1234090870518922,0.0782492190359758,United States,USD
ISP.MI,Financial Services,Banks - Regional,97932238848.0,207194357760.0,,9466999808.0,,3.946,17428766031.0,196448993280.0,86656000000.0,959887000000.0,25706000384.0,,0.00997,0.14007,0.67370003,0.0,,3.0118203366755587,25706000384.0,0.06,0.067,,207194357760.0,65226000000.0,109792993280.0,0.0,0.0966688796188318,0.0,0.6660319499203613,0.026780235990278,0.0,0.097772537883594,-0.5967568594544188,0.0897786735919996,-0.7253386710512206,,0.0285036189374092,-0.0219213722236703,,,0.0,,Italy,EUR
CMI,Industrials,Specialty Industrial Machinery,87427121152.0,93083869184.0,5004000256.0,2672999936.0,1688625024.0,89.507,137989067.0,8240000000.0,3182000128.0,33992000000.0,8760999936.0,3932999936.0,0.07273,0.21993999,0.09764,0.25847998,1.709,0.61621,33894000640.0,0.027,-0.21,,93083869184.0,12349000000.0,5057999872.0,0.0537579743930555,0.0305740358458417,0.0193146589038906,0.1412490750842652,0.2577371127324076,0.6317340308383756,0.0624608605624983,0.3163748762068374,0.0518046970618346,0.0956683168316831,0.0135936868785768,0.0777425491439442,0.0001629348314606,1.0107912896157931,13.045592705167174,0.4773058174757281,0.1760314986465425,United States,USD
WM,Industrials,Waste Management,90079461376.0,112799408128.0,7662000128.0,2793999872.0,2136749952.0,24.911,401575752.0,22890999808.0,158000000.0,45835000000.0,10318999552.0,6336000000.0,0.065960005,0.29936,0.1752,0.40605,0.934,2.28408,25412999168.0,0.035,0.133,,112799408128.0,9990000000.0,22732999808.0,0.06792588946305,0.0310170579321915,0.0237207230078897,0.1109020840866356,0.2251336217301189,0.7647637973835956,0.0856315247317422,0.1305079058261911,0.0830978018331407,0.1342478280749885,0.0285045336783494,0.0284515448650346,0.0,2.966979826184623,4.756578947368421,0.2767900071269792,0.1076133065416387,United States,USD
TMUS,Communication Services,Telecom Services,202680713216.0,319417090048.0,33884999680.0,10542999552.0,11147374592.0,51.46,1082204717.0,122134003712.0,3520000000.0,219237000000.0,57287999488.0,28324999168.0,0.05865,0.18024999,0.2401,0.63281,1.087,2.18569,90529996800.0,0.106,-0.12,,319417090048.0,59203000000.0,118614003712.0,0.1060838656908056,0.0520177740876812,0.0549996810999972,0.292099820750613,0.2613062552762535,1.0573247714769514,0.0353409308561782,,0.0354516560008296,0.5947679425126942,0.0838863675002877,0.0538467084865527,0.0036975578558675,3.5004870837289617,4.78404875463699,0.2319173883367666,0.092714789690711,United States,USD
JCI,Industrials,Building Products & Equipment,86099509248.0,93875707904.0,4320000000.0,2048999936.0,2870374912.0,22.156,610115603.0,9523000320.0,698000000.0,37939000000.0,8933000192.0,1738000000.0,0.05446,0.13449,0.14017999,0.36561,1.036,0.70317,24433000448.0,0.082,0.389,,93875707904.0,12927000000.0,8825000320.0,0.046018294790573,0.0237980443082211,0.0333378777308963,0.1501402285902144,0.2354569227444055,1.4008662770402351,0.0456763228530043,-0.1373073242100033,0.0424415746905581,-0.1221139045664443,0.020571825828462,-0.1113947769059608,-0.0740762981203156,2.042824148148148,9.674008810572689,0.182505506835896,0.0813393584709978,United States,USD
6098.T,Communication Services,Internet Content & Information,15529310945280.0,15360807927808.0,700593995776.0,496912007168.0,401874747392.0,1134.011,1392138997.0,186199998464.0,725499969536.0,2772252000000.0,2188195004416.0,669430972416.0,0.14173001,0.30831,0.14045,0.59183,1.777,11.678,3697351065600.0,0.115,0.609,,15360807927808.0,1617582000000.0,-539299971072.0,0.0456091892476371,0.0319983294119712,0.0258784661346578,0.104163153516586,0.7893203808369513,0.8087442879119863,0.0739913896160475,0.1325648148284404,0.0615973521742883,0.1404850386418048,0.0116918689869403,-0.1184215965803464,-0.0520836556811297,-0.7697753254003474,50.61345882352941,3.595225445425705,0.2729693964723027,Japan,JPY
WMB,Energy,Oil & Gas Midstream,88538955776.0,119930855424.0,6821000192.0,2788999936.0,-190250000.0,10.452,1222998265.0,30301999104.0,950000000.0,58573000000.0,7689999872.0,6067999744.0,0.048860002,0.19656,0.33609,0.63506,0.829,1.99855,12108999680.0,0.09,0.25,,119930855424.0,12807000000.0,29351999104.0,0.0568744395917567,0.0315002578419386,0.0,0.1446481934167057,0.1312891583494101,-0.0682144153337119,0.0290893642817418,-0.2986602942845309,0.0230208685843203,-0.2702136938508504,0.1180768019964627,0.0741032788087728,0.0023753370236675,4.303181099221408,3.513869625520111,0.2002508060004198,0.0965749899937103,United States,USD
ENEL.MI,Utilities,Utilities - Diversified,96980049920.0,180165705728.0,20298999808.0,3848999936.0,1622499968.0,2.437,9923263654.0,70528999424.0,4696999936.0,178657000000.0,30019000320.0,14197999616.0,0.04715,0.10637999,0.19259001,0.38531,0.809,1.39941,77908000768.0,-0.067,-0.053,,180165705728.0,32068000000.0,65831999488.0,0.1126684999566223,0.0396885744972815,0.0167302447187686,0.3306659465163534,0.1680258837884885,0.4215380605296014,-0.1306605329648343,,-0.1453812030959024,0.8079727476987751,0.4130181723166449,-0.0453245982932472,0.0,3.243115429857538,3.947997189037245,0.2013072598782484,0.0853838320896089,Italy,EUR
INGA.AS,Financial Services,Banks - Diversified,71957938176.0,197012832256.0,,8424999936.0,,17.685,2866279153.0,256194002944.0,132432003072.0,1054405000000.0,24614000640.0,,0.00784,0.16565001,0.41676,0.0,,5.155016357680389,24614000640.0,0.029,0.137,,197012832256.0,49698000000.0,123761999872.0,0.0,0.1170822865351355,0.0,0.6906534742344199,0.0233439718514233,0.0,0.0662993431757443,,0.054772356415619,0.0193848028018882,,0.0331783507831599,-0.039985015551799,,,0.0,,Netherlands,EUR
MAR,Consumer Cyclical,Lodging,103300022272.0,118796460032.0,4735000064.0,2584000000.0,1796875008.0,-15.459,263688623.0,17405999104.0,454000000.0,27540000000.0,5678000128.0,3423000064.0,0.09765001,-0.6852293821267569,0.59006,0.79037005,0.46,-4.615751552373376,7184000000.0,0.126,0.017,,118796460032.0,,16951999104.0,0.0398580905754644,0.02501451541991,0.0173947204316049,,0.2061728441539578,0.6953850650154799,0.0802476100443279,0.0869241072402176,0.0736165058681034,0.0432663531423685,-0.0199999015371995,0.0518676953632266,-0.0390605132704026,3.5801475976495363,5.195302843016069,0.1966563392051062,0.2195695329641625,United States,USD
CSX,Industrials,Railroads,86691463168.0,104562221056.0,6624999936.0,3049999872.0,1129874944.0,7.307,1858138856.0,19428999168.0,1108999936.0,43682000000.0,6624999936.0,4630000128.0,0.07084,0.23684,0.36157,0.46816003,0.966,1.4306,14151000064.0,0.017,0.265,,104562221056.0,13155000000.0,18319999232.0,0.063359403320745,0.0351822401023429,0.0130332895848165,0.1517450452359632,0.1516642996199807,0.3704508168582638,-0.0173787516432163,-0.2056024298701941,-0.0165112999208833,-0.2034417515091449,-0.0523799475755583,0.0214666541951173,-0.0212867580229191,2.7652829296570727,5.4656398104265405,0.2383035836259499,0.1137635946632469,United States,USD
USB,Financial Services,Banks - Regional,88089731072.0,125161152512.0,,7432000000.0,,37.537,1557731728.0,82372001792.0,52665999360.0,692345000000.0,26646999040.0,9617999872.0,0.0113699995,0.123500004,0.37837002,0.0,,1.2635099135183223,26646999040.0,0.046,0.148,,125161152512.0,65193000000.0,29706002432.0,0.0,0.0843685173011309,0.0,0.7400749123267797,0.0384880356469679,0.0,0.0567573526022637,,0.0458583166777703,,,0.0206790915175478,0.0,,,0.1167629736167721,,United States,USD
CMCSA,Communication Services,Telecom Services,85965684736.0,171036311552.0,35371999232.0,18797000704.0,4013125120.0,24.679,3562784182.0,94611996672.0,9468000256.0,272631000000.0,87856996352.0,32240001024.0,0.04535,0.20918,0.13145,0.70129997,0.865,1.06858,125277003776.0,0.053,-0.326,,171036311552.0,96903000000.0,85143996416.0,0.2068098809605461,0.2186570229938312,0.0466828727337457,1.1272288506464925,0.3222560763522857,0.2134981629886308,0.0062201342379191,0.1500401546539305,0.0073395767448214,0.134871482094624,0.0321688712528048,0.0241162085713963,-0.0294597866355078,2.407101613271911,6.843955545475165,0.3407601800833919,0.1261987311120126,United States,USD
SNPS,Technology,Software - Infrastructure,87732953088.0,96540344320.0,1696253056.0,773267968.0,3538958592.0,159.201,191479325.0,10841960448.0,2484438016.0,48224461000.0,7169120768.0,2796464128.0,0.014939999,0.03824,0.10383,0.82598996,1.434,0.35574,8679379968.0,0.419,-0.96,,96540344320.0,28327602000.0,8357522432.0,0.0175704061130906,0.0088138828203397,0.0403378487493777,0.3228844009341184,0.1486615012244512,4.576626394021277,0.1518674545518492,-0.0552208172207221,0.1405960422303074,-0.069547707531818,-0.0355986447946647,2.688701265095256,0.1904870914409258,4.927049299889368,4.118539427706731,0.2579297481679948,0.0413435882508294,United States,USD
WBC.AX,Financial Services,Banks - Diversified,117814304768.0,246592864256.0,,7007000064.0,,21.31,3414907347.0,258104000512.0,132742995968.0,1077544000000.0,22267000832.0,-72694996992.0,0.00619,0.09803,0.50433,0.0,,3.599525842158845,22267000832.0,0.015,0.054,,246592864256.0,71705000000.0,125361004544.0,0.0,0.0594749515162712,0.0,0.6086272812219325,0.0206645861626068,0.0,0.0089117809629231,,0.0125577538206373,-0.9727335753028016,,0.0463888192943306,-0.019283019372707,,,-0.2816500203320956,,Australia,AUD
BX,Financial Services,Asset Management,143426338816.0,118931259392.0,,3054091008.0,,10.657,742180737.0,15424749568.0,2605123072.0,47708975000.0,14397440000.0,4544989184.0,0.13028,0.29533002,0.38032,1.0,0.896,0.7202200000000001,14397440000.0,0.057,0.039,,118931259392.0,8665526000.0,12819626496.0,0.0,0.0212937946629039,0.0,0.0604179544115457,0.3017763429208026,0.0,0.2027465724146366,-0.0933040406730282,0.2108443866332061,-0.1133406125709745,,0.0975181088052358,0.0188114356899425,,,0.2946556223790485,,United States,USD
BARC.L,Financial Services,Banks - Diversified,60721467392.0,96422969344.0,,6242999808.0,,4.659,13526725515.0,759123017728.0,724346994688.0,1544165000000.0,27092000768.0,,0.0044299997,0.09552,0.39755002,0.0,,9.759372335287464,27092000768.0,0.039,0.081,,96422969344.0,77784000000.0,34776023040.0,0.0,0.1028137177202425,0.0,1.2809967107324547,0.0175447576962306,0.0,0.0521111621405996,-0.1600526334034179,0.0499286220751595,-0.1989280845580683,,0.0171011499128574,-0.0384775669739619,,,0.0,,United Kingdom,GBP
INTU,Technology,Software - Application,75834023936.0,77864689664.0,6409999872.0,4584000000.0,5232000000.0,75.215,273537000.0,6899999744.0,6780000256.0,36958000000.0,16906000384.0,7888000000.0,0.09465,0.22496,0.46974,0.80793,1.453,0.33448,20924999680.0,0.104,0.107,,77864689664.0,19710000000.0,119999488.0,0.0823222939648291,0.0604478011593933,0.0689927782866373,0.2599097209536741,0.4574381834514854,1.1413612565445026,0.1395336514824015,0.1845286708043345,0.1300884102234367,0.1485571152742263,-0.0152821376950957,0.150192954064484,-0.0040639673455406,0.0187206693285874,20.57085020242915,1.1431884482110497,0.1911012486836166,United States,USD
SLB,Energy,Oil & Gas Equipment & Services,82885992448.0,92343648256.0,7510000128.0,3328999936.0,3043124992.0,17.509,1495057661.0,11628999680.0,3452000000.0,54868000000.0,6398000128.0,6316000256.0,0.06467,0.14066,0.12269,0.17802,1.341,0.42515,35939000320.0,0.027,-0.138,,92343648256.0,26109000000.0,8176999680.0,0.0813266561353562,0.0401636010823964,0.0367145871349632,0.3149989428718,0.1166071321717576,0.9141258787936486,0.0832601710659677,0.3134376258127995,0.0780796108780015,0.193807015289734,-0.0014962523760523,0.1212424644937161,0.0983292377257672,1.088814852281185,8.689964157706093,0.5431249832143774,0.12078112934964,United States,USD
AEM.TO,Basic Materials,Gold,105877676032.0,103409262592.0,9542924288.0,5342191104.0,4282917376.0,73.2228,500036237.0,319219008.0,3122657024.0,34471291000.0,10001432576.0,7118734848.0,0.15502,0.22298001,0.62821996,0.73870003,3.148,1.215,13539191808.0,0.661,1.086,,103409262592.0,24742464000.0,-2803438016.0,0.0922830706728032,0.0504562557869649,0.0404515619959919,0.2336891489054023,0.2901380332984918,0.8017154932539081,0.2752965849461535,0.9688938048889484,0.2476397298357655,0.7588772815229888,0.2323760423240685,0.1495404778161002,-0.0033276309249184,-0.2937713777657501,201.46381795347168,22.300472934243317,0.2105483016154993,Canada,CAD
MMM,Industrials,Conglomerates,81497497600.0,89164824576.0,6240000000.0,2787000064.0,2322374912.0,6.256,521567261.0,13127999488.0,5818999808.0,37733000000.0,9937999872.0,2959000064.0,0.08118,0.71458,0.23316999,0.39714,1.594,3.96497,25024000000.0,0.013,-0.397,,89164824576.0,4702000000.0,7308999680.0,0.0699827541821866,0.034197369809794,0.0284962726511985,0.057695023018719,0.2633768815625579,0.8332884315283604,-0.0157008013685999,-0.286419972636918,-0.0146529204139828,-0.4301252170733937,0.0050885138515581,-0.0535517206782381,0.0,1.1713140512820512,5.453488372093023,0.2253961136047235,0.1833463643471462,United States,USD
UPS,Industrials,Integrated Freight & Logistics,88706654208.0,110659649536.0,11834000384.0,5248999936.0,4625500160.0,19.113,746581816.0,28661999616.0,5801999872.0,73090000000.0,19826999296.0,8355999744.0,0.07194,0.33353,0.0633,0.2245,1.213,1.81508,88317001728.0,-0.016,-0.272,,110659649536.0,16227000000.0,22859999744.0,0.1069405192734696,0.059172561324341,0.052143778855125,0.1829287796375547,0.2712682897249965,0.8812155108397395,-0.0404026018816335,-0.2008109449541734,-0.0376457778005374,-0.198117591462214,-0.0286310907991367,0.0430997573854716,-0.0058548009367681,1.9317220721834312,8.044247787610619,0.2915358263885896,0.1423525317556986,United States,USD
NG.L,Utilities,Utilities - Regulated Electric,60666355712.0,104590860288.0,7025999872.0,3240999936.0,-3125125120.0,7.902,4975710614.0,47705001984.0,2828000000.0,108281000000.0,17686999040.0,7829000192.0,0.030050002,0.08406,0.32602,1.0,0.764,1.21294,17686999040.0,0.02,0.144,,104590860288.0,39299000000.0,44877001984.0,0.0671760405512804,0.053423349696262,0.0,0.6477890346102746,0.1633435140052271,-0.9642472020092012,-0.0653006840823476,,-0.0690334390388532,-0.710617626648161,0.1957169419066455,0.0144179423282306,0.0129273181395492,6.387276231365124,3.536082474226804,0.1641127736379888,0.0592075870192112,United Kingdom,GBP
CP.TO,Industrials,Railroads,111712739328.0,135787790336.0,8069000192.0,4076999936.0,1903250048.0,52.042,887736404.0,24320000000.0,409000000.0,85945000000.0,8069000192.0,5128999936.0,0.04298,0.08428001,0.37557,0.53851,0.672,0.51291,14983999488.0,-0.025,-0.031,,135787790336.0,45877000000.0,23911000000.0,0.059423606290622,0.0364953895189116,0.0170370009673817,0.4106693674863745,0.0938856267613008,0.4668261167223133,0.1959790282379165,-0.0568089562195733,0.163026297727139,-0.0218231416230961,-0.0056956379583145,-0.0205028264040846,-0.0384574183181574,2.9633163255723467,7.257990867579909,0.2108963789473684,0.0795207244165395,Canada,CAD
ICE,Financial Services,Financial Data & Stock Exchanges,79431892992.0,99570024448.0,6624000000.0,3931000064.0,3743124992.0,52.081,565512495.0,20984999936.0,863000000.0,136887000000.0,10435000320.0,5022000128.0,0.0211,0.13853,0.57306,1.0,1.011,0.70986,10435000320.0,0.204,0.797,,99570024448.0,28915000000.0,20121999936.0,0.0665260457323615,0.0494889384594662,0.047123703729143,0.3640225470002607,0.0762307620153849,0.9522068000658268,0.0946705327442019,0.0801083412784304,0.0989531178880291,0.0924276330036815,0.0217000725128867,-0.0182244599363112,0.0028003206632932,3.0377415362318843,6.412204234122043,0.2393138023977166,0.0975725303670576,United States,USD
MDLZ,Consumer Defensive,Confectioners,82513010688.0,102536642560.0,5216000000.0,2608999936.0,2847500032.0,20.06,1283649766.0,21621999616.0,1524000000.0,71487000000.0,11308000256.0,3888999936.0,0.03426,0.101610005,0.093059994,0.28771,0.542,0.8379300000000001,39303999488.0,0.082,0.413,,102536642560.0,25838000000.0,20097999616.0,0.0508696195796329,0.0316192551240822,0.0345097095386208,0.3131384951847074,0.1581826102088491,1.0914143740323956,0.069565782151677,0.0252297477093643,0.0604898589374693,0.0185600957940428,-0.0754034422410905,0.0436515467830707,0.0,3.853144098159509,6.031719532554257,0.1798631026300726,0.0728089797069907,United States,USD
GD,Industrials,Aerospace & Defense,95956738048.0,98274811904.0,6487000064.0,4341000192.0,5289500160.0,96.581,270430187.0,9831999488.0,3654000128.0,57249000000.0,8200999936.0,7411999744.0,0.06005,0.17974001,0.10541,0.15241,1.384,0.37701,53808001024.0,0.103,0.12,,98274811904.0,25622000000.0,6177999360.0,0.0660087761891301,0.0452391388067872,0.0551238012838041,0.2670161629210782,0.1432514093870635,1.2184980248902049,0.1006936191444267,0.0454279033501032,0.0986517903762125,0.0241785664771939,-0.0167376904956609,0.0244989262705798,-0.438886438005309,0.9523661629487538,13.694029850746269,0.7538649440580606,0.1360838503942847,United States,USD
MRSH,Financial Services,Insurance Brokers,81129373696.0,101608947712.0,7632000000.0,3924999936.0,4965374976.0,30.215,481794501.0,22450999296.0,1611000064.0,58710000000.0,12067000320.0,5225999872.0,0.07271,0.27571,0.24339001,0.43853,1.112,1.5163399999999998,27516999680.0,0.076,-0.154,,101608947712.0,15100000000.0,20839999232.0,0.0751114953146853,0.0483795172720964,0.0612031715492561,0.1861224771262407,0.2055356893203883,1.2650637087806569,0.0920003149421393,0.1863695990257894,0.086432372622372,0.1557633973710819,0.005245023346187,0.0394645987146119,0.0,2.7306078658280923,6.769791666666666,0.2327735974287387,0.1726162018592297,United States,USD
NAB.AX,Financial Services,Banks - Diversified,109228433408.0,217212305408.0,,6112999936.0,,19.783,3061335000.0,292010000384.0,186704003072.0,1080248000000.0,20569999360.0,-24084000768.0,0.0055,0.09908,0.5247,0.0,,4.75160687306159,20569999360.0,,,,217212305408.0,61455000000.0,105305997312.0,0.0,0.0559652806990846,0.0,0.5626282285899651,0.0190419231139516,0.0,0.0734069529630934,,0.0742123687281213,-0.7207016404092902,,0.0199842694104239,-0.0149906066384454,,,-0.0824766300343446,,Australia,AUD
CEG,Utilities,Utilities - Independent Power Producers,88127709184.0,109455351808.0,7957000192.0,3791000064.0,-4478875136.0,92.403,357102017.0,22466000896.0,864000000.0,57249000000.0,6947999744.0,4554999808.0,0.04196,0.16104999,0.21858,0.23263,1.363,0.66428,29866999808.0,0.638,10.91,,109455351808.0,14517000000.0,21602000896.0,0.0726963100530496,0.0430171179882237,0.0,0.1647268507761873,0.1213645608482244,-1.1814495015529496,0.0146903914963318,,0.0078367645415858,0.4133171109390554,0.0963627299044918,0.0816800816233987,-0.0017514496320779,2.7148423243370963,7.870841487279844,0.2027508068341172,0.0815738768887536,United States,USD
HLT,Consumer Cyclical,Lodging,77815906304.0,89527230464.0,3003000064.0,1542000000.0,1684499968.0,-25.862,227648372.0,13057999872.0,564000000.0,16774000000.0,3980999936.0,2295000064.0,0.10859,-0.2861915367483296,0.5736,0.78505,0.608,-2.423533755011136,5071000064.0,0.11,0.35,,89527230464.0,,12493999872.0,0.0335428678898711,0.0198160000087377,0.021647244734505,,0.2373315807797782,1.092412430609598,0.1112559390058218,0.0717776841162149,0.1017218919495038,0.0688361517692198,-0.0255343146665885,0.0152523907517249,0.0032145644562785,4.160506029213325,4.341935483870968,0.1757543334734687,0.2194684493722485,United States,USD
SNOW,Technology,Software - Application,81972355072.0,82966437888.0,-1126667008.0,-1197095040.0,1739497728.0,5.596,346600000.0,2772094976.0,2954998016.0,9132495000.0,3379303936.0,1236792064.0,-0.0968,-0.54869,-0.22173999,0.67144996,1.053,1.4291200000000002,5032822784.0,0.335,,,82966437888.0,1924102000.0,-182903040.0,0.0,0.0,0.0212205410771975,0.0234725719214724,0.3700307458148074,,0.313765188615279,0.3110223978551669,0.2632209241197983,0.2461346202586025,0.0190521532454261,0.0109096387422627,0.0299610231497961,,-157.0995420583273,0.4461578967199138,-0.2767281338811804,United States,USD
EMR,Industrials,Specialty Industrial Machinery,76889571328.0,89077309440.0,5874999808.0,2438000128.0,3272250112.0,36.249,560100000.0,14056999936.0,1791000064.0,41964000000.0,9646999552.0,3558000128.0,0.06678,0.12328,0.24244,0.52669996,0.868,0.69182,18315999232.0,0.029,0.279,,89077309440.0,20282000000.0,12265999872.0,0.0659539432088172,0.0317078127227402,0.0425577884683612,0.2637808957664735,0.2298875119626346,1.3421861936834156,0.0928263066420376,0.0055605844145771,0.0928268995145555,0.1307538044119381,0.0715395677778675,-0.0515752836414591,0.0,2.0878298336788643,8.581395348837209,0.2531123386354976,0.1032424534460782,United States,USD
NET,Technology,Software - Infrastructure,79080529920.0,77006585856.0,-36283000.0,-86740000.0,754998272.0,4.32,321184834.0,3524536064.0,4163877888.0,6036256000.0,1707497984.0,615660032.0,-0.026530001,-0.05876,-0.09689999,0.73327005,1.956,2.30859,2328604928.0,0.335,,,77006585856.0,1459123000.0,-639341824.0,0.0,0.0,0.0095472080518906,0.0184511029639797,0.282873685940424,,0.3051033430533778,,0.2586750020337017,0.6466186020350769,-0.0163467079860761,0.8285246225420019,0.0203911789012773,,-9.575633127994523,0.174678318173112,-0.0227745501320918,United States,USD
8766.T,Financial Services,Insurance - Property & Casualty,14235996258304.0,13143432495104.0,2143436013568.0,980427997184.0,1071688384512.0,2885.446,1922743958.0,226994995200.0,1033052028928.0,31237340000000.0,3562145054720.0,584259010560.0,0.037469998,0.18701,0.37647998,0.42674,0.852,4.159,8347312979968.0,-0.045,-0.48,,13143432495104.0,5076842000000.0,-806057033728.0,0.1630803836339131,0.0688696442029553,0.0752801816653241,0.3566200712534345,0.1140348395452365,1.093082192256973,0.096575921630297,0.0711458166521883,0.0937333234219579,0.0728178212507082,,0.0209993054717769,-0.0222446916076845,-0.3760583607934364,54.86940049030533,2.5738849882801293,,Japan,JPY
MPC,Energy,Oil & Gas Refining & Marketing,77471227904.0,115710074880.0,10257999872.0,4627999744.0,3518749952.0,57.177,291936635.0,34325999616.0,2151000064.0,83955000000.0,14599000064.0,9438000128.0,0.051459998,0.27458,0.03556,0.10739,1.176,1.46523,135946002432.0,0.088,,,115710074880.0,17314000000.0,32174999552.0,0.0886526076717028,0.0597383037446479,0.0454200875241106,0.2234894226983853,0.1738907755821571,0.7603176634920747,-0.0923297494577189,-0.3007211254712685,-0.0962693025552607,-0.3627701189737502,-0.0517981119490017,0.0646351670090542,-0.0003999205231388,3.136576326133922,5.968130311614731,0.2749519382853098,0.1311044386016771,United States,USD
VLO,Energy,Oil & Gas Refining & Marketing,76976848896.0,85427691520.0,9203000320.0,4196000000.0,4786625024.0,79.364,296932782.0,11491000320.0,5733000192.0,57988000000.0,17160999936.0,6264000000.0,0.06487,0.1585,0.060510002,0.14563,1.576,0.42664,117841002496.0,0.066,,,85427691520.0,23725000000.0,5758000128.0,0.1077285380917197,0.054509895639779,0.0621826574177776,0.3082095505371205,0.2959405383182727,1.140759061963775,-0.1139723520218498,-0.2270700063587265,-0.122689758190885,-0.2682613185861345,-0.0512077020964129,-0.0358312688093377,0.0,0.6256655359977212,6.404676258992806,0.5451222544217978,0.0811549944164634,United States,USD
BA.L,Industrials,Aerospace & Defense,57696878592.0,63916736512.0,3588000000.0,2062000000.0,1783750016.0,3.937,2933988008.0,9159000064.0,3468999936.0,37679000000.0,3744000000.0,3432000000.0,0.045339998,0.18141001,0.10146,0.13213,0.987,0.76728,28336001024.0,0.067,0.087,,63916736512.0,11784000000.0,5690000128.0,0.0561355318778888,0.0357385018101465,0.030915884178305,0.2042398182981413,0.0993656944186416,0.865058203685742,0.100538855663772,0.0276532269250822,0.0988765861149276,0.0202390438247011,-0.0143281694886819,-0.0121388495621624,-0.0092626706195025,1.585841730211817,6.103174603174603,0.3747133940406532,0.1212168978562421,United Kingdom,GBP
7011.T,Industrials,Specialty Industrial Machinery,11740572024832.0,11704029151232.0,661078016000.0,344574001152.0,589337985024.0,919.159,3360209340.0,876239978496.0,1334873948160.0,6658924000000.0,1082673987584.0,942618968064.0,0.03767,0.12579,0.11003,0.21766001,1.277,0.27142,4974168244224.0,0.113,0.651,,11704029151232.0,2346702000000.0,-458633969664.0,0.0564829433913715,0.0293489959793445,0.0501967011298525,0.1998796987946232,0.1625899300823977,1.7103379333719049,0.092031037344759,0.2284481546006818,0.0891404562121004,0.3726297599099119,,0.0643619453734252,0.0,-0.6937667848025973,17.785326939452336,1.0757543494898905,0.1129764777054197,Japan,JPY
NOKIA.HE,Technology,Communication Equipment,65455214592.0,63245438976.0,2536999936.0,774000000.0,1597124992.0,3.787,5582534171.0,3324999936.0,5830000128.0,37597000000.0,9070000128.0,1964000000.0,0.027560001,0.037249997,0.05292,0.45359,1.567,15.63,19996000256.0,0.024,,,63245438976.0,20967000000.0,-2505000192.0,0.0401135635561439,0.0118248791150491,0.0244002712687646,0.3203258919964278,0.2412426557438093,2.063468981912145,-0.0575693299773256,0.1883411248712123,-0.0644414817636415,0.2493630573248407,0.0102579120101158,-0.039643413624869,0.0243298237744875,-0.9873867777661623,5.178082191780822,0.5906767030987395,0.0410973797702315,Finland,EUR
ORLY,Consumer Cyclical,Auto Parts,75570528256.0,83444162560.0,4085121024.0,2603905024.0,1330813184.0,-1.282,828715079.0,8731225088.0,252632000.0,16538253000.0,9399867392.0,3039785984.0,0.13809,-3.411145872415347,0.18454,0.51632,0.755,-11.43800643477714,18205607936.0,0.102,0.161,,83444162560.0,,8478593088.0,0.0489563427646915,0.034456620644216,0.0176102141233125,,0.5683712416299351,0.5110836116271498,0.0726059860602832,-0.1489800587416853,0.0680709984353738,-0.1446446378473523,0.0036554205349572,0.1104163151487594,-0.0235708070289512,2.075481494474324,14.784207705135625,0.3481511418343588,0.4476992519870061,United States,USD
LLOY.L,Financial Services,Banks - Regional,57404551168.0,-104360665088.0,,4602999808.0,,0.824,58243253235.0,161334001664.0,323060989952.0,944072000000.0,19132000256.0,,0.00551,0.10784,0.41411,0.0,,3.384534733238231,19132000256.0,0.115,0.447,,,47668000000.0,-161726988288.0,,0.0801852765041028,0.0,0.8303871214060182,0.0202654037573405,0.0,0.0765995203595599,,0.0613860314022739,-0.8982719161497894,,0.0412210473840764,-0.0285607832545008,,,0.0,,United Kingdom,GBP
CI,Healthcare,Healthcare Plans,78441529344.0,101531328512.0,13390000128.0,6288000000.0,6923375104.0,159.524,264532404.0,30900000768.0,7852000256.0,157919000000.0,25423998976.0,8812000256.0,0.04782,0.16268998,0.054780003,0.09149,0.818,0.7280500000000001,277892005888.0,0.046,0.291,,101531328512.0,41713000000.0,23048000512.0,0.1318804779198514,0.080161619139581,0.0882616027746987,0.5317718860002139,0.1609939207821731,1.1010456590330788,0.1529257021912986,0.0445385165585605,-0.3111756063809978,0.0206140727387186,,0.0130740757372611,0.0051874229836625,1.7212845624851063,6.526278409090909,0.2851779947243786,0.0904633923033757,United States,USD
GLEN.L,Basic Materials,Other Industrial Metals & Mining,67094106112.0,99958865920.0,9489999872.0,363000000.0,5955874816.0,2.467301,11715401399.0,42125000704.0,2987000064.0,142199000000.0,6124000256.0,5641999872.0,0.01534,0.0034599998,0.01952,0.02474,1.062,1.2534999999999998,247534993408.0,0.143,,,99958865920.0,38860000000.0,39138000640.0,0.0949390510251999,0.0054103112931267,0.0887689718387167,0.579186492702222,0.0430664087370515,16.407368639118456,-0.0111253030744852,,-0.0051379198817169,-0.6052388289676425,-0.0838094602688124,0.0899816035566457,-0.0397147896678966,4.12413078692189,1.098890942698706,0.1339347128239753,0.0450896863820804,United Kingdom,GBP
4063.T,Basic Materials,Chemicals,12752785506304.0,11185766268928.0,878178992128.0,474459013120.0,229346492416.0,2404.48,1859548776.0,243294994432.0,1667094937600.0,5636601000000.0,880794009600.0,712650981376.0,0.07028,0.106800005,0.21435,0.34219003,5.943,5.24,2573969129472.0,0.013,-0.063,,11185766268928.0,4662470000000.0,-1423799943168.0,0.0785086127328996,0.0372043435440409,0.0179840311987235,0.3656040476565086,0.1562633242267813,0.483385257891589,0.0727976463331707,0.072461088208749,0.0432712696200331,0.0333290799436626,,0.0949163690414908,-0.0083408945832376,-1.621309500604032,494.4070619586942,2.929164173885966,0.145524851716058,Japan,JPY
CS.PA,Financial Services,Insurance - Diversified,82833580032.0,80578240512.0,11971999744.0,7273999872.0,10821374976.0,22.95,2034223504.0,60343001088.0,69054996480.0,635539000000.0,13733999616.0,22670000128.0,0.0101,0.13415,0.10537,0.14503999,1.928,1.13518,94691000320.0,0.032,0.598,,80578240512.0,47171000000.0,-8711995392.0,0.1485760878858739,0.0878146262565246,0.1306399526836763,0.5694671168598177,0.0216100028731517,1.4876787416033652,0.0914811635577923,0.3819485068518287,0.0813588827742139,0.4313605457049782,,-0.0278740581434834,-0.056066515375419,-0.7276975925735536,14.4274322169059,0.3756856589704523,,France,EUR
NOC,Industrials,Aerospace & Defense,78097104896.0,92486025216.0,7306999808.0,4576000000.0,2071624960.0,120.5,142033476.0,17574000640.0,2090000000.0,51377000000.0,8693000192.0,4665999872.0,0.07362,0.28511998,0.11689,0.20517999,1.152,1.02682,42367000576.0,0.044,0.849,,92486025216.0,16674000000.0,15484000640.0,0.0790065287262004,0.0585937213177587,0.0265262708874897,0.2135034329659768,0.1692002295190454,0.4527152447552448,0.0465408518114862,0.3114953090180621,0.0448114602936826,0.2546450389719823,-0.0060509039699931,0.0408841346056443,-0.0203848961724757,2.119064054586054,8.621052631578948,0.2655058439783919,0.1529003867182291,United States,USD
8031.T,Industrials,Conglomerates,13765652250624.0,18718199382016.0,815297986560.0,833971027968.0,-484675485696.0,3093.564,2834188227.0,5707766169600.0,982722019328.0,16811509000000.0,1328152969216.0,952911986688.0,0.01601,0.10301,0.03885,0.0949,1.408,0.63294,13995222237184.0,-0.011,-0.093,,18718199382016.0,7546615000000.0,4725044150272.0,0.043556432428181,0.0605834734732744,0.0,0.5482206627483206,0.0790026028725916,-0.5811658552179313,0.0763779790831573,0.0261334991444237,0.0572322300705569,-0.0202723351437046,,-0.0052068398228539,-0.0402784542126163,5.795481196032944,6.5099741787683465,0.1669500744027115,0.101940409767214,Japan,JPY
SU.TO,Energy,Oil & Gas Integrated,103362437120.0,113864376320.0,15589999616.0,6328999936.0,6675874816.0,38.656,1180745189.0,14812000256.0,3271000064.0,89913000000.0,30019000320.0,13059999744.0,0.05945,0.1397,0.20848,0.58785,1.417,0.32358,51065999360.0,0.175,0.299,,113864376320.0,45124000000.0,11541000192.0,0.1369172705270564,0.0612311407542786,0.0645870492415881,0.4365609137835313,0.3338671862800707,1.0548072181241368,-0.0592363066808211,-0.1312023853732278,-0.0520121778469314,-0.0939286784537009,-0.0133944728843122,0.0014367816091954,-0.0408348602246902,0.7402822627497363,11.697173620457605,0.8817174938077452,0.1090423196115579,Canada,CAD
NXPI,Technology,Semiconductors,73885655040.0,80458637312.0,4160999936.0,2652999936.0,2727124992.0,43.254,252471079.0,11724000256.0,3708000000.0,26560000000.0,7017999872.0,3048000000.0,0.08144,0.25812998,0.27664,0.55632,2.241,1.03991,12615000064.0,0.122,1.307,,80458637312.0,10056000000.0,8016000256.0,0.0517160130349287,0.0359068338037163,0.0369100739585187,0.1361021973014371,0.2642319228915663,1.0279400896299156,-0.0242087480529495,-0.0506201086837972,-0.0270228175375749,-0.0750106791969243,-0.0218581946433706,0.0891941767480008,0.0,1.926460076734786,6.714592274678112,0.2599795234941353,0.137969046254244,United States,USD
GM,Consumer Cyclical,Auto Manufacturers,71538114560.0,177984208896.0,18289999872.0,2432999936.0,22466625536.0,69.467,901665195.0,128773996544.0,24418000896.0,281284000000.0,20571000832.0,23755999232.0,0.02688,0.040149998,0.0936,0.111420006,1.152,1.99048,184623005696.0,-0.009,-0.158,,177984208896.0,61119000000.0,104355995648.0,0.1027619246979783,0.0340098414805077,0.3140511274889266,0.8543557567307516,0.0731324953854467,9.234125000815457,0.0568583435491507,,0.0573161511929453,0.4451282051282051,-0.0711882453649822,0.0054439324995263,-0.096,5.705631294604746,5.287482806052269,0.1844782321707547,0.0204531185152866,United States,USD
EOG,Energy,Oil & Gas E&P,74804215808.0,79174131712.0,12586000384.0,5496999936.0,2864250112.0,57.788,532628530.0,8305999872.0,3848999936.0,51799000000.0,14611999744.0,10721000448.0,0.08968,0.18195,0.37877998,0.61994,1.716,0.26873,23569999872.0,0.156,0.396,,79174131712.0,29833000000.0,4456999936.0,0.1589660677275531,0.0734851622548808,0.0382899557339344,0.3988144207884268,0.2820903829031448,0.5210569665904395,-0.0851440310887836,-0.172700734053337,-0.0832735162317253,-0.1429087889002882,-0.1471784316993992,0.097762048065104,0.0001779486433705,0.3541236135401662,28.07234042553192,1.2907537458724392,0.1400399082958308,United States,USD
SPOT,Communication Services,Internet Content & Information,100242866176.0,97630453760.0,2446000128.0,2708000000.0,707750016.0,47.741013,205620061.0,476000000.0,6293000192.0,15015000000.0,5664999936.0,3230000128.0,0.116409995,0.37987998,0.15773,0.32318002,2.06,5.943,17528999936.0,0.082,2.224,,97630453760.0,8329000000.0,-5817000192.0,0.0250536593224577,0.0270143911811686,0.0070603529507763,0.083088206849318,0.377289373026973,0.2613552496307237,0.1358717386470562,4.152148596193072,0.130050317292895,0.6947872158605367,0.0702855036053299,0.2507288629737609,0.0096883032242712,-2.378168392311711,72.74193548387096,6.7857145546218485,0.2525195968645017,Sweden,USD
DDOG,Technology,Software - Application,80808304640.0,77553655808.0,34639000.0,135672992.0,936726528.0,11.208,330825798.0,1285052032.0,4758617088.0,6643844000.0,2934170880.0,1113216000.0,-0.0021600001,0.039300002,0.00797,0.79906,3.397,0.3222099999999999,3672030976.0,0.322,1.04,,77553655808.0,3732206000.0,-3473565056.0,0.0004466456112108,0.0016789486254466,0.0115919586752018,0.0461859213186928,0.4416375339336685,6.904296236055589,0.2694953937625746,0.3728562745799788,0.234479205623218,0.2818981205549956,0.0065532963334938,0.1483932056531173,0.0304198119119926,-100.27902237362512,12.485758205986077,0.8662808760104742,0.0273293533445107,United States,USD
MELI,Consumer Cyclical,Internet Retail,80514736128.0,87233830912.0,3940999936.0,1920000000.0,-4104624896.0,143.617,50697182.0,12376000512.0,5664000000.0,42667000000.0,15733999616.0,13159999488.0,0.05108,0.31258,0.06908,0.49473,1.161,1.69977,31803000832.0,0.49,-0.156,,87233830912.0,6748000000.0,6712000512.0,0.0451774259458536,0.0238465663844148,0.0,0.0838107447718915,0.3687627350411325,-2.1378254666666665,0.3890715790743284,0.6305598924203966,0.3176886324232036,0.4375836773960797,-0.0371679538996387,0.693403714875377,5.184313234320413e-06,1.703121192844394,18.7625,1.0633483309280587,0.2139090779535414,United States,USD
FDX,Industrials,Integrated Freight & Logistics,78229602304.0,109978206208.0,11559999488.0,4477000192.0,894000000.0,124.703,238606756.0,42021998592.0,8218999808.0,87627000000.0,25329000448.0,8178999808.0,0.050279997,0.15869,0.06942,0.27552,1.474,1.40994,91932999680.0,0.083,0.173,,109978206208.0,28074000000.0,33802998784.0,0.1051117297379515,0.0572289780357362,0.0114278990774607,0.3588667099559642,0.289054748513586,0.1996872820326204,-0.0203220719958894,-0.0096507830380984,-0.0213979949121312,0.0066779089376053,0.000371776623296,0.0071258634362752,0.0,2.9241349724184347,7.896070975918884,0.1946361449252223,0.0862689708651822,United States,USD
ROST,Consumer Cyclical,Apparel Retail,76009078784.0,74987716608.0,3430964992.0,2315759104.0,2047583488.0,19.64,320781076.0,4723149824.0,4130980096.0,15548737000.0,7784265216.0,3453177088.0,0.12161,0.38981998,0.13377,0.32740003,1.541,0.74911,23776063488.0,0.206,0.374,,74987716608.0,6187443000.0,592169728.0,0.0457536933673477,0.0304668750239802,0.0269386699688698,0.0814039993509625,0.5006364964562716,0.8841953744079937,0.0676177401098683,0.2871174025271337,0.0622836467904518,0.2052105768959626,0.0230155401375579,0.0431660965351191,-0.0197072500174871,0.1725956777118873,75.90793843234411,0.7311174145806644,0.268626935434844,United States,USD
ANZ.AX,Financial Services,Banks - Diversified,101863161856.0,92173205504.0,,5898999808.0,,23.598,3011030332.0,272083992576.0,284675014656.0,1297108000000.0,21515999232.0,-17625999360.0,0.00454,0.082440004,0.48801,0.0,,3.825272643347205,21515999232.0,-0.021,0.007,,92173205504.0,71128000000.0,-12591022080.0,0.0,0.0579110220075358,0.0,0.6982700978843647,0.0165876698254887,0.0,0.0548694505781239,,0.0492334005253191,,,0.0553186642421579,0.0014551722960658,,,-0.0647814639631054,,Australia,AUD
PSX,Energy,Oil & Gas Refining & Marketing,72946114560.0,95984910336.0,7040000000.0,4113999872.0,-1134499968.0,71.154,400935020.0,27124000768.0,5150000128.0,73680000000.0,16837000192.0,2511000064.0,0.038,0.14547,0.0063899998,0.1252,1.132,0.91385,134485999616.0,0.069,-0.568,,95984910336.0,29093000000.0,21974000640.0,0.0733448619721175,0.0563977930396297,0.0,0.3988286446164351,0.2285152034744842,-0.2757656789737499,-0.0799841840778086,-0.3263022395756004,-0.0789910240539163,-0.4481442205726405,-0.0099654111733731,0.0151277176159378,0.0036585500930587,3.121306909090909,5.990791896869245,0.092574841207142,0.1077973290916923,United States,USD
6503.T,Industrials,Electrical Equipment & Parts,11144889630720.0,11234349940736.0,666879000576.0,407758012416.0,355272491008.0,2180.888,2046435776.0,363278008320.0,731608973312.0,6375680000000.0,1889498038272.0,575993020416.0,0.039419997,0.09964,0.07956,0.32054,1.765,7.846,5894747193344.0,,,,11234349940736.0,3949678000000.0,-368330964992.0,0.0593607110419341,0.0365869942123112,0.0318776141155063,0.3543936396743694,0.2963602373820518,0.8712826730319315,0.0724326265309704,0.2208434933392062,0.0669114732387246,0.3681043217146167,0.0239974446825256,0.033781176325612,-0.0158345638229282,-0.5523205329210596,31.369843033754687,1.585543322811399,0.0997345567145712,Japan,JPY
BSX,Healthcare,Medical Devices,70334324736.0,81666408448.0,5500000256.0,3564999936.0,2807124992.0,17.402,1486355179.0,11029000192.0,1452999936.0,43673000000.0,14211999744.0,4341000192.0,0.060749996,0.14661,0.20603001,0.68943,1.9,0.4225,20614000640.0,0.116,1.0,,81666408448.0,24232000000.0,9576000256.0,0.0673471548525615,0.0506864884163064,0.0399111671653427,0.3445259493277976,0.325418444897305,0.7874123541078235,0.1654189001960644,0.5500574158769729,0.1548907331001051,0.3878845695206296,0.0019559706047096,0.1085924609722046,0.0048588701459516,1.7410908745964977,10.699140401146131,0.3935987049078836,0.0976617670136527,United States,USD
SHW,Basic Materials,Specialty Chemicals,76131483648.0,88905883648.0,4557400064.0,2599300096.0,2140024960.0,18.071,246635621.0,14601400320.0,216900000.0,25901700000.0,11736899584.0,3651800064.0,0.09445,0.60723,0.14163,0.49036,0.863,3.29521,23935500288.0,0.068,0.075,,88905883648.0,4598300000.0,14384500320.0,0.0512609500856417,0.0341422493224757,0.0281095922141039,0.0603994534148396,0.4531324038190543,0.8233081525650819,0.0210073798833638,0.2766881733351689,0.0188206405322094,0.165878257248933,0.0674582072345249,0.0960156732648968,-0.1018584213661927,3.156295281958376,8.178924731182796,0.2500993044480818,0.2003645674186308,United States,USD
BE,Industrials,Electrical Equipment & Parts,69287657472.0,67113209856.0,231590000.0,6033000.0,265521248.0,3.242,284443868.0,2952817920.0,2491432960.0,4396711000.0,736905984.0,298240992.0,0.03089,0.01286,0.09612001,0.3009,5.026,3.11476,2449027072.0,1.304,,,67113209856.0,768641000.0,461384960.0,0.0034507364570537,8.707178478992468e-05,0.0038321579583968,0.0110934765013612,0.1676039166549723,44.011478203215646,0.1906430678076409,,0.1734527385624112,0.7421482964432055,0.1665547469963342,0.6545447087591642,0.2221455678269407,1.992249060840278,-0.5662856294536817,0.1010021613523667,-0.0080882530290528,United States,USD
RCL,Consumer Cyclical,Travel Services,72774705152.0,93570039808.0,6902000128.0,4479000064.0,-194875008.0,36.578,268194978.0,21792000000.0,512000000.0,41619000000.0,9361999872.0,6672000000.0,0.0808,0.49576,0.26168,0.50914,0.199,2.17312,18388000768.0,0.113,0.289,,93570039808.0,10037000000.0,21280000000.0,0.0737629281996938,0.0615461107625924,0.0,0.1379187999324262,0.2249453343905428,-0.0435085968330988,0.2659259431555814,,0.2090099546878007,0.7819927176431645,0.2419481285578544,0.1227137847315888,0.0191231353274837,3.0831642430244823,5.408266129032258,0.3061674008810572,0.1814707076173724,United States,USD
INVE-B.ST,Financial Services,Asset Management,1156713414656.0,1251976282112.0,201333243904.0,190637998080.0,126124376064.0,321.46,1816972356.0,122116997120.0,28041000960.0,1102807000000.0,221985996800.0,31533000704.0,0.119049996,0.21205,0.69545,0.86774004,3.514,12.396,255820005376.0,3.573,,,1251976282112.0,953705000000.0,94075996160.0,0.1608123466719068,0.1648100520531221,0.1090368404705574,0.824495495527409,0.201291791582752,0.6615909594847545,,,0.4854885660492485,,,0.1583012110199666,0.0,0.4672650891417487,,0.2582195881627653,,Sweden,SEK
MPWR,Technology,Semiconductors,75197882368.0,71023312896.0,857198976.0,679657024.0,491719136.0,74.852,49130000.0,19968000.0,1367108992.0,4194199000.0,1631576064.0,832067968.0,0.121300004,0.19574,0.29986998,0.55175,4.787,0.543,2957090048.0,0.261,0.395,,71023312896.0,3531497000.0,-1347140992.0,0.0120692620640662,0.009038246857457,0.0065390024361809,0.0469627187467556,0.3890077852767596,0.7234812834068496,0.1586149467868072,0.5227866597850186,0.1567420225225795,0.2859695580014826,-0.0326412156398271,0.1929497568420699,0.018526650356523,-1.5715615973857626,,41.67007051282052,0.1905013394045336,United States,USD
TRP.TO,Energy,Oil & Gas Midstream,101426429952.0,168369995776.0,9749000192.0,3532999936.0,267250000.0,24.058,1041766896.0,61869998080.0,1532999936.0,118751000000.0,10707000320.0,8590000128.0,0.03591,0.11328,0.47501,0.6918,0.65,1.66505,15477000192.0,0.066,-0.085,,168369995776.0,27295000000.0,60336998144.0,0.0579022417092063,0.0348331291722679,0.0026349147862788,0.2691113155902001,0.0901634539498614,0.0756439300427997,0.0737699168980781,,0.0681053750045799,0.816670265601382,0.030585885035462,0.0042962374094026,0.0016742243791994,6.189044717991939,2.912188268352652,0.1388395085594287,0.0762096477682182,Canada,CAD
AEP,Utilities,Utilities - Regulated Electric,70412632064.0,122395811840.0,9141000192.0,3654000128.0,-6953449984.0,58.473,544105032.0,51808002048.0,516000000.0,114460000000.0,10597999616.0,7013000192.0,0.031689998,0.12585,0.23738001,0.47243,0.526,1.57099,22432999424.0,0.102,0.067,,122395811840.0,31138000000.0,51292002048.0,0.0746839295771772,0.0518940994093045,0.0,0.4422217873022813,0.0925912949152542,-1.9029692776190288,0.0366030824419152,,0.0371410584840155,0.0645890286130854,0.0351010633704894,0.1104212344050136,0.0148920416765923,5.611202381648522,2.8381046396841065,0.1353651929194735,0.0568485160065647,United States,USD
DG.PA,Industrials,Engineering & Construction,68120522752.0,94147559424.0,12375000064.0,4903000064.0,7772125184.0,55.313,550914048.0,40768999424.0,18498000896.0,133065000000.0,13447999488.0,11886000128.0,0.04315,0.15433,0.13137001,0.17764,0.853,1.18763,75702001664.0,0.052,0.068,,94147559424.0,30752000000.0,22270998528.0,0.1314426007398485,0.0719753734399527,0.114093739595852,0.4514351733904909,0.1010633862247773,1.5851774592185688,0.0658841929540483,0.108302454364928,0.0604509575638464,0.0950328478570683,0.0364644400339114,0.0276003737711501,0.0,1.7996766394198542,6.255629139072847,0.2915450537400954,0.1260004268487888,France,EUR
ABI.BR,Consumer Defensive,Beverages - Brewers,138722017280.0,209249992704.0,19719000064.0,7251999744.0,,38.791645,1712714195.0,73333997568.0,11943999488.0,218808000000.0,34242000896.0,,,0.0830822429915107,0.26685,0.56172,,0.75033,60958998528.0,0.12,0.203,,209249992704.0,87287000000.0,61389998080.0,0.0942365627314215,0.0522772079457465,0.0,0.6292223953449129,0.1564933681401045,0.0,0.0087715752603512,0.1132225944371978,0.0084485342047118,0.1207839934667211,0.0145363853130388,0.0589003905399323,0.0,3.1132409290913627,3.931677018633541,0.0,0.0824160622351939,Belgium,EUR
TDG,Industrials,Aerospace & Defense,67940847616.0,95931637760.0,4850999808.0,1864000000.0,1524875008.0,-164.367,55933583.0,32003000320.0,3891000064.0,22909000000.0,5674999808.0,2104999936.0,0.11769,-0.1924427008052859,0.46659002,0.59718,3.516,-3.304047111294652,9502999552.0,0.183,0.115,,95931637760.0,,28112000256.0,0.0505672572810248,0.0274356306317413,0.0224441563728871,,0.2477192286001135,0.818065991416309,0.1760614496179557,0.2987346807851789,0.1606531179433732,0.2503037667071689,0.0305807884401595,-0.104627530680841,0.0090539619095652,5.795094077233161,2.672391857506361,0.0657750809284121,0.2026824914362908,United States,USD
COHR,Technology,Scientific & Technical Instruments,71226408960.0,70747045888.0,1313731968.0,400608992.0,-197631744.0,54.601,195639321.0,3425114880.0,2423729920.0,14910936000.0,2442114048.0,140342000.0,0.03142,0.04718,0.13572,0.36990002,3.05,0.31093,6602083840.0,0.205,,,70747045888.0,8127775000.0,1001384960.0,0.0185694250764869,0.0056244446104952,0.0,0.1141118177748435,0.1637800637062623,-0.4933282775639744,0.205488797825329,0.2487157179846986,0.1480023790020689,0.1639407298981767,-0.0298788392794433,0.0291471231863542,0.0204446124033003,0.7622444946091165,1.3871762089364483,0.0409743920764491,0.0257265596200698,United States,USD
ITW,Industrials,Specialty Industrial Machinery,72569446400.0,80295911424.0,4728000000.0,3134000128.0,2215749888.0,11.223,287700000.0,9148000256.0,827000000.0,16148000000.0,7157000192.0,3156999936.0,0.17045,0.96848,0.25672,0.44122002,1.188,2.8322000000000003,16220999680.0,0.046,0.118,,80295911424.0,3225000000.0,8321000256.0,0.0588822010504862,0.0431862206957665,0.0305328206003787,0.0444401901900136,0.4432127936586574,0.7070037643597696,0.002337822651909,0.1182209749996663,0.0007939857145089,0.0784410178791032,0.0328025872611302,0.0717462003053029,0.0,1.7599408324873096,14.582191780821915,0.3451027380469719,0.3863182725458174,United States,USD
CRH,Basic Materials,Building Materials,67354583040.0,85469659136.0,7583000064.0,3648000000.0,786124992.0,34.524,668200216.0,20427999232.0,3240000000.0,58329000000.0,13735999488.0,5667999744.0,0.060500003,0.15812,-0.00041,0.36089,1.59,0.8322700000000001,38060998656.0,0.091,,,85469659136.0,24004000000.0,17187999232.0,0.0887215433015108,0.0541611251283903,0.0116714402572003,0.3563825788327528,0.2354917706115311,0.2154947894736842,0.0459750038428543,0.0854490594923387,0.0420638136057032,0.0413333333333333,0.0307557614329677,0.1524509513366131,-0.0162821670303218,2.266648963066658,6.932098765432099,0.277462304537451,0.113262733232476,United States,USD
NSC,Industrials,Railroads,69621891072.0,85677826048.0,5586999808.0,2667000064.0,1298749952.0,70.367,224594001.0,17635000320.0,1340999936.0,45236000000.0,5586999808.0,3755000064.0,0.05888,0.17615,0.32255,0.45851,0.907,1.11586,12184999936.0,0.002,-0.266,,85677826048.0,15547000000.0,16294000384.0,0.0652094020787823,0.0383069178807841,0.0186543331702508,0.2233062009752357,0.1235078213812008,0.4869703490190842,-0.0150009397276985,-0.0174532391594646,-0.0140476384033818,0.0269197584124245,-0.0475984658010063,0.0355752941715122,-0.0077042739464735,2.916413270798523,5.627525252525253,0.212928834469111,0.1074986131545307,United States,USD
CIEN,Technology,Communication Equipment,62904000512.0,61903724544.0,785740032.0,438300000.0,700927872.0,20.426,141552922.0,1580579968.0,1202834048.0,5864667000.0,2397331968.0,1032771008.0,0.06664,0.15464,0.15195,0.43047002,2.727,0.54649,5569149952.0,0.395,23.833,,61903724544.0,2729323000.0,377745920.0,0.0126929362940272,0.0069677603400818,0.0111428186807655,0.0433887030679286,0.4087754629546741,1.599196605065024,0.0950052625400907,,0.0723399980670891,0.9054540975385148,-0.0091704846649701,0.0395881330968172,-0.0114948874677059,0.4807517812710858,2.703140665184604,0.6534126895881297,0.0544416456169329,United States,USD
MCO,Financial Services,Financial Data & Stock Exchanges,77374668800.0,84766924800.0,3814000128.0,2495000064.0,2266125056.0,17.14,174676438.0,7402999808.0,1510000000.0,15830000000.0,5859999744.0,3083000064.0,0.14818,0.71361,0.45743,0.74432,1.157,2.35539,7872999936.0,0.081,0.078,,84766924800.0,4054000000.0,5892999808.0,0.0449939659483789,0.0322456962038718,0.0292876866698781,0.0523944084397812,0.3701831802905875,0.9082665322128024,0.1217396973837405,0.2930693688856634,0.1209927453226422,0.2347496020570589,0.0393528518916533,0.0209609803289261,0.0,1.545096908816884,12.138790035587188,0.4164528088557259,0.2654681298155498,United States,USD
ITX.MC,Consumer Cyclical,Apparel Retail,174364639232.0,166692667392.0,9512999936.0,6289999872.0,,6.093,3114766768.0,6040999936.0,10796999680.0,35638312000.0,22783000576.0,,0.14310001,0.33955002,0.20069,0.56477,1.291,0.31815,40340000768.0,0.058,0.053,,166692667392.0,20395159000.0,-4755999744.0,0.0570690965885674,0.0360738272375907,0.0,0.1169684351702946,0.6392839418432613,0.0,0.0696937169640761,0.074277484434027,0.0668527357703363,0.0572356728743841,0.0127031423350065,0.0266264907530103,0.0,-0.499947416797712,22.656523922941076,0.0,0.3294548627925208,Spain,EUR
MSI,Technology,Communication Equipment,67740307456.0,77052420096.0,3494000128.0,2090000000.0,1815124992.0,15.307,165995582.0,9589000192.0,886000000.0,19389000000.0,6112999936.0,2777999872.0,0.11216,0.99289,0.19823,0.51508,1.071,3.74132,11868000256.0,0.074,-0.138,,77052420096.0,2410000000.0,8703000192.0,0.0453457545349881,0.0308531224390668,0.0267953462298498,0.0355770454919383,0.3152818575480943,0.8684808574162679,0.0863451512237145,0.1795978960376441,0.0822236649113948,0.1665674603174603,0.0524934881771089,0.3284686536485097,-0.0071174377224199,2.4908414061740984,8.811111111111112,0.2897069367375397,0.2382991510780557,United States,USD
SPG,Real Estate,REIT - Retail,82030002176.0,98979864576.0,4915057152.0,4690144768.0,2494690560.0,14.858,324281912.0,28989048832.0,542955008.0,40606466000.0,5424062976.0,4142711040.0,0.05562,1.1359,0.43376,0.81582,0.196,4.57473,6648586240.0,0.193,0.164,,98979864576.0,5208268000.0,28446093824.0,0.0496571416121311,0.0571759678603571,0.030411928487427,0.0634922328640851,0.1335763367341546,0.5319005453777925,0.0634817964117913,0.0090753966884102,0.0605558430396073,0.0057029414880875,0.0081578213924174,0.253065888951419,0.0003348788873012,5.787540804571299,6.539304600265686,0.142906069944144,0.1743880844722337,United States,USD
MUV2.DE,Financial Services,Insurance - Reinsurance,59387113472.0,60722323456.0,,6733000192.0,,270.391,127961889.0,7518000128.0,5600000000.0,279934000000.0,22153000960.0,,0.02269,0.19848,0.15464,0.36108002,0.289,0.21718,61352001536.0,-0.06,0.608,,60722323456.0,32797000000.0,1918000128.0,0.0,0.1133747676619186,0.0,0.5522578566722766,0.079136514178342,0.0,0.1620769090348441,0.0833077909690145,0.1796077175721764,0.1080208254734777,,-0.0227201318242436,-0.0232895433306,,24.38211382113821,0.0,,Germany,EUR
ABX.TO,Basic Materials,Gold,87478288384.0,93853843456.0,11736000512.0,6120999936.0,5272124928.0,22.755735,1675508360.0,4726000128.0,7130999808.0,51577000000.0,10494999552.0,9031000064.0,0.11991,0.25176,0.56248003,0.55109,3.064,12.852,19043999744.0,0.667,2.542,,93853843456.0,26557000000.0,-2404999680.0,0.1250454971244944,0.0699716472404088,0.0602678107378731,0.3035839005379687,0.2034821636000542,0.8613175924071763,0.154709103067361,1.076511016597539,0.1480569155446756,0.7011975091809037,0.1933028675047805,0.0829588880023516,-0.0299577325037362,-0.204924980834902,25.594972067039105,1.910918285950584,0.1905782029950083,Canada,CAD
URI,Industrials,Rental & Leasing Services,66012553216.0,81039687680.0,4546999808.0,2507000064.0,1870625024.0,142.961,62646557.0,15018999808.0,156000000.0,29866000000.0,6282999808.0,5279000064.0,0.088649996,0.28237,0.23087,0.38393003,0.802,1.67473,16364999680.0,0.072,0.066,,81039687680.0,8968000000.0,14862999808.0,0.0561083086345872,0.0379776261008543,0.0283374136110009,0.1358529486150272,0.210372992968593,0.7461607404250947,0.1140989591195884,-0.0377459997022193,0.1002055104671009,-0.0745321399511798,-0.04749727621073,0.0604694102190817,0.001521453281339,3.2687487212667152,5.662011173184357,0.35148812380889,0.155641724574807,United States,USD
CL,Consumer Defensive,Household & Personal Products,72417132544.0,78872027136.0,4920999936.0,2088000000.0,3319500032.0,0.181,800189310.0,7973000192.0,1419000064.0,16330000000.0,12490000384.0,4344999936.0,0.16098,3.6357698,0.20924,0.60063,1.025,16.405350000000002,20795000832.0,0.084,-0.059,,78872027136.0,54000000.0,6554000128.0,0.0623922081717851,0.0288329560512679,0.0458386008308614,0.0007456798978776,0.7648499928965095,1.5897988659003832,0.0429346019175003,0.2501361858790321,0.0405047043269539,0.1929801324503311,0.0306905429718655,0.0176991150442477,0.0,1.3318431646490474,12.456928838951312,0.5449642332079352,0.3509549435475361,United States,USD
REGN,Healthcare,Biotechnology,64305115136.0,55163789312.0,4382799872.0,4423399936.0,3273349888.0,308.325,103021886.0,2706200064.0,8753699840.0,40558700000.0,6547500032.0,5012700160.0,0.06126,0.14548,0.20658001,0.43885,3.565,8.612,14919600128.0,0.19,-0.072,,55163789312.0,31256900000.0,-6047499776.0,0.0794506673066165,0.0687876839446578,0.0509034138431621,0.486071752362067,0.1614326897065241,0.7400076717819982,0.0562035885799758,0.0347963587011084,0.0564302033992755,0.0270819850101254,-0.0182763285489133,0.0741351822327685,0.0116095859364262,-1.3798256714013155,120.42237442922377,1.8523021363730188,0.1457434726984855,United States,USD
AON,Financial Services,Insurance Brokers,71873978368.0,86209331200.0,5843999744.0,3942000128.0,3341625088.0,46.039,213576949.0,15473999872.0,1243000064.0,50784000000.0,8278000128.0,3771000064.0,0.060510002,0.46447,0.35836,0.47341,1.066,1.5505000000000002,17486000128.0,0.065,0.271,,86209331200.0,9352000000.0,14230999808.0,0.0677884825534988,0.0548459987537725,0.0464928359870471,0.1301166320878619,0.1630040982986767,0.8476978639002216,0.1124731836513748,0.0210553789168239,0.1118806823986106,0.007156278081856,-0.0039294371449919,0.0371489839681405,-0.0069444444444444,2.435147233298715,6.839263803680981,0.2436991143333001,0.2022643152623557,United States,USD
ECL,Basic Materials,Specialty Chemicals,73539616768.0,81101422592.0,4040900096.0,2105699968.0,1586424960.0,35.546,281437502.0,9266499584.0,519800000.0,24696300000.0,7300599808.0,3029100032.0,0.08009,0.22427,0.16933,0.44374,0.991,0.92369,16452299776.0,0.1,0.078,,81101422592.0,9770800000.0,8746699584.0,0.0498252677555202,0.0286335455709945,0.0215723854667993,0.1328644400041483,0.2956151248567599,0.7533955378775026,0.0426401990464433,0.2097478472502534,0.0397935125369717,0.1658406227180212,0.0670796121305625,0.103114196124675,0.0043427652806988,2.1645423980311143,9.321032005225344,0.3268871923579639,0.1489489395457582,United States,USD
8001.T,Industrials,Conglomerates,12763580596224.0,17524683964416.0,1160583970816.0,900282974208.0,540266758144.0,942.782,6989912686.0,4758068789248.0,801460977664.0,15134264000000.0,2480532094976.0,1131836997632.0,0.02753,0.1391,0.04573,0.16734,1.316,0.66192,14823086620672.0,0.041,-0.03,,17524683964416.0,5755072000000.0,3956607811584.0,0.0662256719249587,0.0705352990425227,0.0423287771069376,0.4508979244979728,0.1639017328477949,0.6001077145986076,0.061991021278827,0.0612761488187778,0.0536571435065746,0.0514024728089939,,0.0444842167550593,0.0,3.409152556882318,12.0601815500699,0.2378773926492315,0.1182880214281421,Japan,JPY
RHM.DE,Industrials,Aerospace & Defense,56799879168.0,57228103680.0,2030000000.0,1050000000.0,827515008.0,108.007,46542017.0,2156999936.0,1328999936.0,16772000000.0,5385999872.0,1712000000.0,0.060879998,0.21796,0.09082,0.53470004,1.045,0.3586,10072999936.0,0.077,0.256,,57228103680.0,5011000000.0,828000000.0,0.0354720822369209,0.018485954818572,0.0145689571900745,0.0882220186627281,0.3211304478893393,0.7881095314285714,0.1572751134783394,,0.1423229606863875,0.7407458091002395,-0.0033403550535578,0.1692693809258226,0.0561007464613964,0.4078817733990147,14.551724137931034,0.7936949702348067,0.219192312686664,Germany,EUR
TRV,Financial Services,Insurance - Property & Casualty,64749244416.0,66634895360.0,10574000128.0,7549000192.0,13304375296.0,150.452,212644693.0,9267999744.0,7141000192.0,143708000000.0,16090999808.0,11443999744.0,0.04442,0.25272,0.18744,0.32878,0.335,0.28975,48941998080.0,0.01,3.576,,66634895360.0,32894000000.0,2126999552.0,0.1586856266656257,0.1165882360495096,0.2054753752881229,0.5080213722443324,0.1119701047123333,1.7624022993268986,0.0979010912931077,,0.0941674110358738,,,0.0789779936781566,0.003160955873056,0.2011537286033972,19.343529411764703,1.2347863681598306,,United States,USD
FIX,Industrials,Engineering & Construction,62405414912.0,62813425664.0,1736283008.0,1223646976.0,1099853568.0,18.355,35183967.0,303920992.0,70540000.0,6441169000.0,2546895104.0,1663133952.0,0.17266001,0.53294,0.07885,0.25128,1.24,0.4548899999999999,10135687168.0,0.01,0.388,,62813425664.0,2448774000.0,233380992.0,0.0276419091881356,0.0196080256452986,0.0176243290674525,0.0392397679504751,0.3954088309125254,0.8988324161886377,0.300250589119569,0.5971458976318065,0.2622764794853369,0.3938859699588017,0.0621474566143399,0.3672359760632788,0.0,0.1344141426971794,186.281908036098,5.472257579364574,0.4267469208179386,United States,USD
HPE,Technology,Communication Equipment,60079112192.0,76311019520.0,5631000064.0,1440000000.0,3836000000.0,18.642,1324203521.0,21304000512.0,5292000256.0,75906000000.0,13102999552.0,6358000128.0,0.01966,0.06315,0.087,0.33776,1.088,0.8403,38793998336.0,0.4,,,76311019520.0,24688000000.0,16012000256.0,0.0737901301728015,0.0239683967931827,0.0638491459018396,0.4109248472431221,0.1726213942507838,2.6638888888888888,0.0637017068576195,-0.2474218194392275,0.0602749602634899,-0.1521861777150917,-0.0310189509121435,0.0651679717100277,0.0162143453265494,2.843544676613948,14.051282051282053,0.2984416060457143,0.0320699139730409,United States,USD
MFC.TO,Financial Services,Insurance - Life,91695382528.0,88667136000.0,10124000256.0,5912000000.0,5451250176.0,29.309,1665674480.0,23491999744.0,30281000960.0,1025433000000.0,16115999744.0,28771000320.0,0.00588,0.12564,0.19048999,0.50317,30.143,0.44278,32028999680.0,0.121,1.616,,88667136000.0,50957000000.0,-6789001216.0,0.1141798496344801,0.0644743479661554,0.059449560334572,0.5557204582732378,0.0157162874063932,0.9220653207036535,0.2994828132879401,,0.377337209556493,,,0.0476237666246431,-0.0298217706704358,-0.6705848522649425,5.636601307189543,1.224714823494253,,Canada,CAD
DLR,Real Estate,REIT - Specialty,63920824320.0,83275022336.0,2888658944.0,1337165056.0,3278001664.0,64.877,351406070.0,19452149760.0,2464262912.0,49410468000.0,3494372096.0,2545472000.0,0.01255,0.05688,0.17191,0.55342996,1.227,0.7659199999999999,6314048000.0,0.167,0.676,,83275022336.0,22925663000.0,16987886848.0,0.0346881797562872,0.0209190834164761,0.0512822182578511,0.3586571863533815,0.0707212912049325,2.4514562725755225,0.0921860499087576,,0.0795085305351508,,-0.0160622910277195,0.091133446586951,0.0205575441796356,5.880890467628705,4.071615971795674,0.1308581329778945,0.0398674982605569,United States,USD
MNST,Consumer Defensive,Beverages - Non-Alcoholic,89898508288.0,86313598976.0,2822268928.0,2031923968.0,1684340480.0,8.924,978008110.0,94469000.0,2984993024.0,9988945000.0,4877581824.0,2195563008.0,0.17725,0.26654,0.31019,0.55471003,3.257,1.082,8793075712.0,0.269,0.289,,86313598976.0,8254108000.0,-2890524024.0,0.0326978478650247,0.0226024214049303,0.0187360225667374,0.0918158505317689,0.4882979958343949,0.8289387332036235,0.0953681866932345,0.4215559171240728,0.0862238619988303,0.2750676154916643,0.0554591742953107,0.2940574982358669,0.0058393240340966,-1.024184476299489,,23.24109504705247,0.2832580801330966,United States,USD
WES.AX,Consumer Cyclical,Home Improvement Retail,95715680256.0,106630250496.0,4662000128.0,3062000128.0,3286749952.0,6.92,1135282728.0,12688000000.0,729000000.0,27981000000.0,15626000384.0,4483999744.0,0.09002,0.3639,0.09665,0.33661,1.1,1.61507,46421999616.0,0.031,0.093,,106630250496.0,9189000000.0,11959000000.0,0.0437211776800138,0.0319905800158386,0.0343386782939775,0.0960030788625563,0.5584503907651621,1.0733996781857744,0.0750770061675911,,0.0643911406501334,,-0.0178995114731455,0.024607272327804,0.0002053259615732,2.5652079947776443,26.81528662420382,0.3534047717528373,0.2142166590342441,Australia,AUD
NWG.L,Financial Services,Banks - Regional,47124705280.0,-63953997824.0,,5658999808.0,,4.903,7960253980.0,137801007104.0,248496996352.0,714553000000.0,16254000128.0,,0.00822,0.14072,0.50258,0.0,,3.234841360219724,16254000128.0,0.075,0.156,,,42599000000.0,-110695989248.0,,0.1200856275784861,0.0,0.9039632130724278,0.0227470882187885,0.0,0.0754718658545567,,0.0649180107074312,0.9764619053026002,,0.0092770327054951,-0.0126609123454956,,,0.0,,United Kingdom,GBP
REL.L,Industrials,Specialty Business Services,44627017728.0,53509685248.0,3203000064.0,2064999936.0,2157625088.0,1.301,1759046732.0,7266999808.0,131000000.0,14757000000.0,6357000192.0,2836000000.0,0.12487,0.70512,0.31409,0.66288,0.493,3.0405900000000003,9589999616.0,0.012,0.17,,53509685248.0,2366000000.0,7135999808.0,0.0598583237624205,0.0462724161535081,0.0483479559658376,0.0530172106597102,0.4307786265501118,1.044854796547558,0.0388831723851132,0.055550778178286,0.0368446839784419,0.0564200477326969,0.0188934310958341,-0.0248463622546752,-0.0280641742865749,2.227911228664902,11.073260073260071,0.3902573379564344,0.3452489721333942,United Kingdom,GBP
TEL,Technology,Electronic Components,59554041856.0,63861952512.0,4730999808.0,2908000000.0,2322249984.0,45.3,291895799.0,5861000192.0,1110000000.0,25081000000.0,6744000000.0,4419999744.0,0.0955,0.22719999,0.20341,0.36071998,1.888,0.43798,18695999488.0,0.145,71.5,,63861952512.0,12585000000.0,4751000192.0,0.0740816655599595,0.0488295992912028,0.0389939945573322,0.2113206695597618,0.2688888002870699,0.7985728968363136,0.0196943477791231,0.2351015661816338,0.0168383724129497,0.1942970297029703,0.0300675781483422,0.0974446486391878,-0.0432305629550447,1.004227517398369,42.61038961038961,0.7541374508113989,0.1643705225189118,United States,USD
CTAS,Industrials,Specialty Business Services,73209053184.0,74910695424.0,2903095040.0,1930966016.0,1508147456.0,11.971,400136881.0,2918187008.0,183204000.0,9825241000.0,5553490944.0,2207493888.0,0.15942,0.41303003,0.23224,0.50361997,1.983,0.60943,11027210240.0,0.089,0.097,,74910695424.0,4684481000.0,2734983008.0,0.038754079421747,0.026376055037166,0.0206005594992397,0.0639877282421104,0.5652269439497718,0.7810326248641758,0.0959833453757812,0.1064986915981758,0.0900156428995703,0.1195763358804207,0.037950131671313,0.0715930964703516,0.0049655025001358,0.9420921362602032,23.39389563634925,0.75646073467818,0.2891315808999651,United States,USD
CNR.TO,Industrials,Railroads,101162688512.0,123245395968.0,8999000064.0,4704999936.0,2598500096.0,35.304,606600000.0,22666000384.0,586000000.0,58555000000.0,9790999552.0,7150000128.0,0.075619996,0.21846001,0.38411,0.56661,0.668,1.05664,17280000000.0,-0.005,0.011,,123245395968.0,21568000000.0,22080000384.0,0.0730169268662704,0.0465092417491641,0.0256863487341161,0.2132011348970978,0.1672103074374519,0.5522848313169456,0.0038239434131803,-0.0469301315973658,0.0047389617046203,-0.0619837032874402,-0.0086205799233623,0.0260746140501515,-0.0229009347043877,2.4536059814389617,7.860898138006572,0.3154504547280961,0.1308263001512969,Canada,CAD
BKR,Energy,Oil & Gas Equipment & Services,63021162496.0,62926168064.0,4821000192.0,3116000000.0,3151249920.0,19.474,992068697.0,16163999744.0,15934000128.0,40881000000.0,6594999808.0,3600999936.0,0.05011,0.17184,0.12282,0.23643999,2.132,0.82935,27893000192.0,0.025,1.325,,62926168064.0,18834000000.0,229999616.0,0.0766135987669983,0.0494437086938498,0.0500030433459556,0.2988519927920309,0.1613218807759105,1.0113125545571244,0.0944294335519606,0.4131456473095538,0.0862967600563468,0.2800218340611353,0.0279855505975235,0.0656361598415139,-0.0027810563150253,0.0477078628583468,13.95945945945946,0.2227790146641566,0.1147607761813064,United States,USD
WBD,Communication Services,Entertainment,65674448896.0,96061194240.0,7584000000.0,-1735000064.0,18466875392.0,14.483,2507136702.0,32465999872.0,3296000000.0,100085000000.0,17022999552.0,3558000128.0,0.01391,-0.049590003,0.08590999,0.45748,0.729,0.96318,37210001408.0,-0.01,,,96061194240.0,35919000000.0,29169999872.0,0.0789496743196017,0.0,0.2811881287537496,0.5469250310250826,0.170085422910526,,0.0331793709721504,-0.0235636467836196,0.0222384764917136,-0.0569881716000706,0.044509244066789,-0.0427983932670237,0.0096870342771982,3.8462552573839663,1.7860911270983213,0.1095915770968928,0.0425186961237654,United States,USD
HOOD,Financial Services,Capital Markets,78343946240.0,72476614656.0,,1896999936.0,,10.34,791184698.0,13610000384.0,19270000640.0,38137000000.0,4255000064.0,3033999872.0,0.05187,0.21461001,0.38519,0.92239,1.114,1.40483,4613000192.0,0.151,0.027,,72476614656.0,9140000000.0,-5660000256.0,0.0,0.0242137398873003,0.0,0.1166650448268254,0.1115714414872695,0.0,0.4878747583673768,,0.3918850380388842,0.6333678756476684,0.2664348058569055,0.4563332951464467,0.0190340108102361,,,0.2229243046581239,0.2235746316463805,United States,USD
KMI,Energy,Oil & Gas Midstream,71250051072.0,104228454400.0,7437000192.0,3297999872.0,1646875008.0,14.079,2224825757.0,32205000704.0,76000000.0,72748000000.0,8664999936.0,6246000128.0,0.04319,0.10597,0.29909,0.49446,0.522,0.9884,17524000768.0,0.138,0.36,,104228454400.0,31162000000.0,32129000704.0,0.0713528780102489,0.0462876843227422,0.0231140186318714,0.4373610900083426,0.1191098028261945,0.4993556919094992,-0.040941527613036,-0.0475532190019319,-0.0421985549263192,-0.0755161362450622,0.124609511842908,0.0187796714607811,0.0014088529402461,4.320155960001352,,0.1939450393250331,0.0690380849384736,United States,USD
LITE,Technology,Communication Equipment,67264712704.0,61320142848.0,508800000.0,439000000.0,93350000.0,11.857,77800000.0,3313700096.0,3172300032.0,4218700000.0,1016200000.0,452400000.0,0.028900001,0.22834998,0.21771,0.40837002,1.137,1.11445,2488399872.0,0.901,,,61320142848.0,1134700000.0,141400064.0,0.0082974366393961,0.0065264532078183,0.0013878004714119,0.0168691718790694,0.24087989190983,0.2126423690205011,-0.0133343984052856,,-0.037669268021839,-0.994343180389692,-0.1808949935521702,0.0729418347363869,0.0279823269513991,0.2779089308176101,-6.752252252252252,0.1365241231534792,-0.0391803235839933,United States,USD
TFC,Financial Services,Banks - Regional,62100856832.0,92271951872.0,,5193999872.0,,47.742,1245879275.0,72206000128.0,46845001728.0,547538000000.0,18656999424.0,5672000000.0,0.010190001,0.08579001,0.38990003,0.0,,1.1076408616177575,18656999424.0,0.052,0.253,,92271951872.0,65189000000.0,25360998400.0,0.0,0.0836381353972491,0.0,1.049727867303897,0.0340743462992522,0.0,0.005741435027416,,-0.0310142406783346,,,0.0308033495489254,-0.0406296354837925,,,0.0785530286949175,,United States,USD
PCAR,Industrials,Farm & Heavy Construction Machinery,60212412416.0,66443268096.0,3222000128.0,2476000000.0,1485162496.0,37.542,526286229.0,15047300096.0,8595399680.0,44336200000.0,3773299968.0,4477300224.0,0.041479997,0.13108,0.103190005,0.13583,5.558,0.7616299999999999,27779600384.0,-0.089,0.197,,66443268096.0,19264000000.0,6451900416.0,0.0484924992452917,0.0411210895005107,0.0246653876901526,0.3199340339813565,0.08510652622462,0.5998233021001615,-0.0043550936267421,0.2278273774886752,-0.0082131946433203,0.1581122181436811,-0.0148009923899557,0.0211267443440529,0.0018305239874914,2.002451942795205,,0.2975484103749744,0.0892586442281901,United States,USD
O39.SI,Financial Services,Banks - Regional,104788197376.0,75007893504.0,,7427999744.0,,13.379,4489640050.0,44814000128.0,75255996416.0,675688000000.0,13953999872.0,,,0.1189545792069694,0.58333,0.0,,0.7176670317084107,14117999616.0,0.049,,,75007893504.0,62444000000.0,-30441996288.0,0.0,0.0708858433488165,0.0,0.5959068059539095,0.0206515431264133,0.0,0.0911401716745383,-0.0124174452510327,0.0823913570802157,-0.0865323287191168,,0.0810143188544916,-0.0029913120725613,,,0.0,,Singapore,SGD
MQG.AX,Financial Services,Capital Markets,89887678464.0,170518347776.0,,3628999936.0,,94.509,381138415.0,194255994880.0,95800999936.0,540101000000.0,17791000576.0,-31581999104.0,0.00848,0.112069994,0.28361,0.0,,5.385826629699457,17791000576.0,0.058,0.061,,170518347776.0,36068000000.0,98454994944.0,0.0,0.0403726072139399,0.0,0.4012563303038828,0.0329401363374628,0.0,0.0323850432996855,,0.0375191138626785,,0.0,0.2131076476626215,0.0,,1.4594114835802554,-0.1625792765032014,0.0472781239148657,Australia,AUD
PRX.AS,Consumer Cyclical,Internet Retail,85078892544.0,84732370944.0,416000000.0,13445999616.0,1171124992.0,21.291208,2131765917.0,17816999936.0,22204999680.0,72588000000.0,3088000000.0,1956999936.0,0.00239,0.26021,0.06404,0.45212,3.661,0.32146,6830000128.0,0.223,0.95,,84732370944.0,51046000000.0,-4387999744.0,0.0049095758252172,0.1580415448995903,0.013765164977839,0.5999843024943078,0.0425414669091309,0.0870983954667398,0.057316201397664,,0.0618235186204366,0.9292889109895576,0.1626399523090966,0.1741641189886931,-0.077003474378268,-10.548076307692307,24.08378870673953,0.1098389146898855,0.1992555419925554,Netherlands,EUR
APD,Basic Materials,Specialty Chemicals,62092283904.0,81561337856.0,3877600000.0,2115299968.0,-3519237376.0,70.28,222680686.0,18442199040.0,954200000.0,41059500000.0,3986400000.0,4121400064.0,0.03599,0.12353,0.23595,0.31983998,1.427,1.01611,12463899648.0,0.088,,,81561337856.0,15024900000.0,17487999040.0,0.0475421333432032,0.0340670343398937,0.0,0.2419769262027756,0.0970883717531874,-1.663706060246109,-0.0176692319250892,,-0.0200928463786878,-0.6453261725079865,0.0495279345653967,0.0375215415948613,0.0,4.510005941819682,-1.0593457943925233,0.2234766068331079,-0.0061534870212182,United States,USD
EL.PA,Healthcare,Medical Instruments & Supplies,81963712512.0,94183784448.0,5569999872.0,2315000064.0,3278374912.0,83.959,460211714.0,14398000128.0,3544000000.0,63895000000.0,17020000256.0,5290999808.0,0.03387,0.060700003,0.10196,0.59738,0.988,0.36457,28490999808.0,0.094,-0.077,,94183784448.0,38889000000.0,10854000128.0,0.0591396906022104,0.0282442070161361,0.0399978821300953,0.4744660631899318,0.2663745247045935,1.4161446312599324,0.0516776869131676,0.0545811477117532,0.0499733048585157,0.0494033238157991,-0.030642696686068,-0.0059739572799825,0.0126389114474287,1.9486535686584665,11.17515923566879,0.3674815780637837,0.0662162927179061,France,EUR
SRE,Utilities,Utilities - Diversified,60317577216.0,105633406976.0,5618999808.0,1927000064.0,-28243374080.0,48.403,653707401.0,36432998400.0,794000000.0,110878000000.0,5754999808.0,4892000256.0,0.01809,0.05689,0.30616,0.42457,1.689,0.8526699999999999,13555000320.0,-0.039,0.137,,105633406976.0,31614000000.0,35638998400.0,0.0531933975136922,0.0319475707238592,0.0,0.5241258263207228,0.0519038926387561,-14.65665445873073,-0.0173120840458006,,-0.0395961823381456,-0.1682646517239189,0.1052387613789746,0.1531173625916489,0.0032303957711281,6.342587581024527,1.7630548302872062,0.1342738855114379,0.0303537714645329,United States,USD
HCA,Healthcare,Medical Care Facilities,83295305728.0,134927671296.0,15566000128.0,6793999872.0,5726000128.0,-28.324,221839800.0,49844998144.0,1064000000.0,60720000000.0,31786999808.0,12999000064.0,0.12344,-1.1272606391239424,0.14982,0.41612998,0.834,-8.270283415297827,76387999744.0,0.043,0.109,,134927671296.0,,48780998144.0,0.1153655138229711,0.0815652192235867,0.0687433712855103,,0.5235013143610013,0.8428025074887726,0.0786878003701345,0.2306510754652639,0.0762494288956684,0.2103770602844886,0.0302109308850629,0.0202812830810075,-0.1015127525487896,3.1338171490987667,5.373665480427047,0.2607884551714991,0.2722560288483209,United States,USD
D,Utilities,Utilities - Regulated Electric,59164803072.0,116135239680.0,8240000000.0,2924000000.0,-9948250112.0,32.032,879512484.0,52214001664.0,352000000.0,115857000000.0,8247000064.0,5059999744.0,0.03086,0.09787,0.28751,0.47263,0.777,1.54901,17449000960.0,0.231,-0.102,,116135239680.0,29083000000.0,51862001664.0,0.070951762985159,0.0494212749502718,0.0,0.4915591447943762,0.0711825790759298,-3.402274320109439,0.0579873138963582,,0.052415002698327,-0.2493497044110959,0.0326591997306032,0.1312503051310843,0.0316901408450704,6.293932240776699,2.7858555885262115,0.0969088670230904,0.0534374318158101,United States,USD
5802.T,Consumer Cyclical,Auto Parts,7994178797568.0,8765673308160.0,628014972928.0,369507991552.0,159332007936.0,3517.584,779919875.0,620541968384.0,236981993472.0,4441629000000.0,1034031005696.0,425191997440.0,0.05641,0.14953,0.103369996,0.20235,1.799,0.21889,5110171172864.0,0.149,1.401,,8765673308160.0,2290394000000.0,383559974912.0,0.071644807061584,0.0462221324927598,0.0199310037929689,0.2865077274349664,0.2328044520818825,0.4312004383633948,0.1158965936168205,,0.1053238670549094,0.6953036186995256,0.017651731870857,0.0174627874624003,0.0,0.6107497296182681,11.220982217889675,0.6851945865116496,0.1058116144803482,Japan,JPY
KKR,Financial Services,Asset Management,86145941504.0,148649902080.0,,2802589952.0,,31.428,897872941.0,55780061184.0,45299539968.0,410144072000.0,14082447360.0,-325296000.0,0.014630001,0.076630004,0.11012,0.55542,0.857,0.69029,25354442752.0,-0.066,,,148649902080.0,30902561000.0,10480521216.0,0.0,0.03253304686292,0.0,0.3587233531897159,0.0343353673047845,0.0,0.5112422937117458,,0.3177362633722296,0.7295457602264873,-0.1806432702820825,0.1389745705526855,0.003624806772649,,3.3109884225312225,-0.0058317612619132,0.0289036917110813,United States,USD
DBK.DE,Financial Services,Banks - Regional,51731947520.0,-50445037568.0,,5994999808.0,,41.466,1913163641.0,519844986880.0,622900019200.0,1435067000000.0,29824999424.0,,0.00481,0.08653,0.37304002,0.0,,6.610355754377488,29824999424.0,0.012,0.071,,,78641000000.0,-103055032320.0,,0.1158858325540959,0.0,1.5201631442465362,0.0207830013678803,0.0,0.0638951792664472,,0.0594882602377694,0.5417827197812084,,0.0345233521028679,-0.0422597622861492,,,0.0,,Germany,EUR
DASH,Consumer Cyclical,Internet Retail,64259796992.0,63559528448.0,1350000000.0,926000000.0,2295624960.0,23.392,411336610.0,3287000064.0,5533000192.0,19659000000.0,7619999744.0,2390000128.0,0.03309,0.09922,0.052529998,0.51763,1.426,0.32194,14721000448.0,0.331,-0.061,,63559528448.0,10033000000.0,-2246000128.0,0.0212399310215851,0.0144102540522386,0.0357241240629159,0.1561318346718253,0.3876087158044661,2.4790766306695464,0.2772574009717286,3.430239036343256,0.2369216027435257,0.4696278511404562,0.0538249748936896,0.5304787855196574,0.0347171753515203,-1.6637037985185186,362.5,0.7271068090858425,0.0536560094730609,United States,USD
F,Consumer Cyclical,Auto Manufacturers,56722100224.0,194744107008.0,7577999872.0,-6104999936.0,-2247500032.0,9.399,3913840554.0,159511003136.0,21778999296.0,289160000000.0,13411000320.0,18919000064.0,0.0034,-0.14813,0.05743,0.07064,1.09,4.25544,189861003264.0,0.064,4.308,,194744107008.0,35952000000.0,137732003840.0,0.0389126017132251,0.0,0.0,0.6338270243524613,0.0463791683497025,,0.0581547184981068,,0.0545959204933567,0.5790818887301649,-0.099622587024725,0.0138992131726952,0.0619176625775043,18.175244941466264,-7.874718679669917,0.1186062383914014,-0.0602341194697882,United States,USD
GWW,Industrials,Industrial Distribution,62063063040.0,64708423680.0,3084999936.0,1782000000.0,1152125056.0,83.215,47213119.0,2780999936.0,695000000.0,8962000000.0,7194999808.0,2108000000.0,0.19511,0.46129,0.16723,0.39150003,2.686,0.64034,18378000384.0,0.101,0.182,,64708423680.0,3736000000.0,2085999936.0,0.0476753992842744,0.0287127304505014,0.0185637801224449,0.0601968355572802,0.8028341673733541,0.6465348237934905,0.0561914838038697,0.073134401771552,0.0528735632183908,0.0536304816678648,0.0065525544075022,0.0150639936572658,0.0,0.6761750338007139,31.0,0.7580007366098696,0.3575904300769011,United States,USD
LSEG.L,Financial Services,Financial Data & Stock Exchanges,43885989888.0,55308738560.0,3372999936.0,1248999936.0,2053624960.0,39.196,487297236.0,11742999552.0,4079000064.0,796704000000.0,8232999936.0,3622000128.0,0.0018799999,0.06365,0.24861,0.88091004,1.0,0.52973,9345999872.0,0.046,0.804,,55308738560.0,19779000000.0,7663999488.0,0.06098493698859,0.0284601062705326,0.0467945457135862,0.4506905290384776,0.0103338252801542,1.6442154245234486,0.0647284019108558,-0.010461018181918,0.0616209287420614,0.018880124143282,0.0183260587923529,0.0871770519050406,-0.0215505022917157,2.272161172077769,7.077160493827161,0.3084390927514871,0.0690891560456777,United Kingdom,GBP
RKLB,Industrials,Aerospace & Defense,67396071424.0,59553116160.0,-164831008.0,-182615008.0,-214999376.0,3.933,578867475.0,138670000.0,1383351040.0,2324478000.0,248427008.0,-161628000.0,-0.06578,-0.13549,-0.22356,0.36556,4.475,6.124,679577984.0,0.635,,,59553116160.0,1721854000.0,-1244681040.0,0.0,0.0,0.0,0.0255482843972837,0.106874321030356,,0.4181616811787951,,0.3652999696706148,-0.259877646346883,0.2542677259591134,0.9626746328340968,0.2696446553572791,,-7.527955000188758,-1.165558520227879,-0.1002049244171613,United States,USD
ABNB,Consumer Cyclical,Travel Services,76686770176.0,67150487552.0,2619000064.0,2516999936.0,3191000064.0,12.834,417930233.0,2534000128.0,12005000192.0,22208000000.0,10485999616.0,4565000192.0,0.06245,0.32325,0.03211,0.82913,1.442,0.33185,12647000064.0,0.179,0.06,,67150487552.0,8199000000.0,-9471000064.0,0.0390019515788608,0.032821827418515,0.0416108287867189,0.1069154429268944,0.4721721729106628,1.2677791597687191,0.1337825597298969,,0.122048056842459,,0.0080627136718333,0.0595925378119185,-0.0332173362859854,-3.6162656863531866,30.650602409638555,1.801499590137353,0.2972309849281458,United States,USD
NUE,Basic Materials,Steel,57547882496.0,62784831488.0,4953999872.0,2320999936.0,-384100000.0,94.199,227740950.0,7123999744.0,2480999936.0,35104000000.0,4803999744.0,3756000000.0,0.06146,0.12285,0.11826,0.14062999,2.901,0.31595,34160001024.0,0.213,3.821,,62784831488.0,20936000000.0,4642999808.0,0.0789044065993368,0.0403316305541099,0.0,0.3638013961930781,0.1368504940747493,-0.1654890179195593,-0.0783985002595462,,-0.0890157327864385,-0.8284246575342465,-0.1818449074779454,0.0342958161461402,9.323250920568122e-05,0.9372224319669906,16.105882352941176,0.527231911141405,0.0880385852090032,United States,USD
KEYS,Technology,Scientific & Technical Instruments,56380071936.0,55721099264.0,1430000000.0,1073000000.0,1085750016.0,37.023,170895368.0,2763000064.0,2412000000.0,11301000000.0,3783000064.0,1488999936.0,0.06039,0.18174,0.18812001,0.62139,1.903,0.43642,6088000000.0,0.315,0.356,,55721099264.0,5881000000.0,351000064.0,0.0256635281587828,0.019031547196641,0.0192576912145924,0.104309905930518,0.3347491429077073,1.011882587138863,-0.0027752224099102,0.1013114999987405,-0.0116771824088897,0.0600597838583582,-0.0156941560113276,0.2192253749055993,0.0053331210698081,0.2454545902097902,12.270833333333334,0.5389069495150037,0.1246428949317532,United States,USD
FLEX,Technology,Electronic Components,52963590144.0,53182058496.0,2060000000.0,880000000.0,839875008.0,14.067,366377923.0,4464999936.0,2388999936.0,22060000000.0,2625999872.0,1684999936.0,0.046550002,0.17347,0.05684,0.094069995,1.359,0.868,27914000384.0,0.169,0.171,,53182058496.0,5144000000.0,2076000000.0,0.0387348677027035,0.0166151878603284,0.0158575920876305,0.097123325401738,0.1190389787851314,0.9544034181818182,-0.0069245491107277,0.4947494260835692,-0.0087110194764552,0.3073684210526315,0.0226325549648373,0.2001523312115771,-0.0316330733334871,1.007766990291262,6.316279069767442,0.3773796103364603,0.1352050975706889,United States,USD
ALL,Financial Services,Insurance - Property & Casualty,57482092544.0,61563392000.0,14840000512.0,12026999808.0,12428999680.0,114.752,257420930.0,7491999744.0,5401999872.0,119758000000.0,23470999552.0,11708000256.0,0.07521,0.45221,0.18954,0.34428,0.364,0.23719,68174000128.0,0.03,3.384,,61563392000.0,30610000000.0,2089999872.0,0.2410523531906754,0.2092303755085788,0.2162238556379302,0.532513668958196,0.195986903188096,1.0334247841038962,0.0983526693314704,0.2810070880649389,0.0946709729511505,0.2978617274894553,,0.0729369182113835,0.0001847006657785,0.140835566030471,33.97243107769424,1.5627336700560357,,United States,USD
O,Real Estate,REIT - Retail,58410586112.0,89904103424.0,5231514112.0,1120541056.0,1797902592.0,41.982,932492530.0,30294552576.0,395743008.0,72795612000.0,5490278912.0,4081740032.0,0.02313,0.02831,0.45526,0.92597,2.062,0.7346699999999999,5929241088.0,0.12,0.179,,89904103424.0,39438695000.0,29898809568.0,0.0581899369745946,0.019183869407703,0.0307804237497735,0.6751977274184144,0.0754204650686912,1.604495062785098,0.1980234435312218,,0.1823813696467851,,-0.0068931204101655,0.0575371650475857,0.0476314930494407,5.7151350312557465,2.04395131663258,0.1347351152244328,0.0326820859040833,United States,USD
NA.TO,Financial Services,Banks - Diversified,79381741568.0,-65616695296.0,,4455000064.0,,81.384,385142589.0,81749999616.0,228269998080.0,576919000000.0,14023000064.0,-36195000320.0,0.00799,0.13873,0.43958,0.0,,2.4208593566880867,14023000064.0,0.183,0.41,,,33769000000.0,-146519998464.0,,0.0561212185069504,0.0,0.4254000899069818,0.0243067052116501,0.0,0.1336997599954743,,0.1290634494688518,0.5164000263348476,,0.2481318662299394,0.1476817884175268,,,-0.4427522995720719,,Canada,CAD
NDA-FI.HE,Financial Services,Banks - Regional,53790994432.0,227830022144.0,,4705999872.0,,8.859,3393753656.0,231558004736.0,57399001088.0,654350000000.0,11580000256.0,-21162000384.0,0.00713,0.15729,0.47864,0.0,,7.142663399117802,11580000256.0,0.014,-0.086,,227830022144.0,32419000000.0,174159003648.0,0.0,0.0874867609660776,0.0,0.6026845263287063,0.0176969515641476,0.0,0.065900348989502,,0.0569202160630479,-0.8408821552935427,,0.0497228705954071,-0.0196397219938234,,,-0.0913896300329883,,Finland,EUR
ENGI.PA,Utilities,Utilities - Diversified,69901107200.0,113217396736.0,13011999744.0,3687000064.0,-537249984.0,11.744,2540934316.0,55187001344.0,15365000192.0,169249000000.0,22958999552.0,-1476000000.0,0.02905,0.1154,0.104729995,0.31912002,1.085,1.35163,71944003584.0,-0.066,-0.594,,113217396736.0,32950000000.0,39822001152.0,0.1149293317028066,0.0527459465477536,0.0,0.4713802301546376,0.1356522020927745,-0.1457146663070955,-0.0848368856114885,,-0.0925105373914447,-0.6806517709044785,0.1123358310760922,-0.1070727641075423,0.0,3.060405928025201,3.453592233009709,-0.0267454285258148,0.077049705854322,France,EUR
LHX,Industrials,Aerospace & Defense,57373253632.0,74059587584.0,2146000000.0,1332999936.0,,102.781,186294951.0,7926000128.0,1001000000.0,41195000000.0,3910000128.0,1655000064.0,,0.0678889705118411,0.097270004,0.30414,,0.34574,12856000512.0,1.9,-0.061,,74059587584.0,19635000000.0,6925000128.0,0.0289766668976648,0.0232338215390405,0.0,0.3422326390262196,0.0949144344702026,0.0,0.0861917870999835,0.1205862582338186,0.0819118625346738,0.1350822799904603,-0.0315099049717467,-0.0191900192852551,-0.0155474031650932,3.226933890027959,4.236180904522613,0.2088064644553081,0.074450234036916,United States,USD
TER,Technology,Semiconductor Equipment & Materials,57477586944.0,54249291776.0,1161465984.0,854059008.0,298311264.0,17.911,156542162.0,82398000.0,245596992.0,4183599000.0,2222958080.0,777902016.0,0.15835,0.2875,0.37614,0.58702,2.147,2.621,3786838016.0,0.87,3.148,,54249291776.0,2795752000.0,-163198992.0,0.0214097907267765,0.0148589920594979,0.0051900450220821,0.0486407336954469,0.5313506576514623,0.349286479278022,0.0036819890329642,0.0279353160835209,0.008395027989873,0.0352883977900552,-0.0095631007345233,0.1280457322942669,-0.0348375607524022,-0.1405112110455057,96.42214431784984,9.440787591931842,0.2151309219943214,United States,USD
AAL.L,Basic Materials,Other Industrial Metals & Mining,40684396544.0,55275630592.0,5975000064.0,-1275000064.0,-591625024.0,12.494972,1071487947.0,15797999616.0,6438000128.0,55994000000.0,11697999872.0,5511000064.0,0.04109,-0.02674,0.2206,0.63076,2.648,0.65506,18545999872.0,0.175,,,55275630592.0,17975000000.0,9359999488.0,0.1080946522003994,0.0,0.0,0.4418155737067432,0.2089152386327106,,-0.1916982972959592,-0.1479506663207143,-0.2454336132313028,-0.0149584487534626,-0.0412831857779334,-0.1367742731168871,-0.1192660550458715,1.566527094182806,2.0243619489559164,0.3488416380526135,0.0365513918853815,United Kingdom,GBP
TRGP,Energy,Oil & Gas Midstream,58942291968.0,77663248384.0,5217399808.0,2119699968.0,-318550016.0,14.292,214643903.0,19131799552.0,100100000.0,25218400000.0,6917000192.0,3702500096.0,0.09126,0.74097997,0.20899999,0.41766,0.718,5.85249,16561500160.0,-0.102,1.429,,77663248384.0,3067900000.0,19031699552.0,0.0671797782936269,0.0359622929008392,0.0,0.0520492145379344,0.2742838638454462,-0.1502807099160177,-0.0664546827331106,-0.1766534731259735,-0.0646779327811545,-0.1947973381730187,0.1529056341370269,0.1092763733774374,0.0041615276180059,3.647736468809254,3.915572232645403,0.1935259715604195,0.1540818398272393,United States,USD
7741.T,Healthcare,Medical Instruments & Supplies,8580296605696.0,8108109725696.0,372859011072.0,253085007872.0,174866251776.0,3041.711,334514496.0,42240999424.0,574092017664.0,1300897000000.0,521003991040.0,278446014464.0,0.15514,0.25062,0.46703,0.54973,4.812,4.081,947748995072.0,0.142,0.075,,8108109725696.0,1020460000000.0,-531851018240.0,0.0459859355245705,0.029496067502374,0.020379977501001,0.1189306205711549,0.4004959585885739,0.6909388005489451,0.1069967563469622,0.0963605476491555,0.1030910267687131,0.0874621281976974,0.002802353068294,0.053974064189753,-0.0215258104150006,-1.4264132083354646,165.5745856353591,6.5918424814966805,0.2993571692563631,Japan,JPY
AFL,Financial Services,Insurance - Life,59805724672.0,65801220096.0,5880000000.0,4636000256.0,4923125248.0,58.686,508984904.0,14464000000.0,8270000128.0,116470000000.0,9064999936.0,2934000128.0,0.03088,0.16469,0.29567,0.50049996,0.935,0.48276,18112000000.0,0.279,38.6,,65801220096.0,29490000000.0,6193999872.0,0.089360045169701,0.0775176671033717,0.0823186287767686,0.4930966084222821,0.0778312006181849,1.061933773974321,-0.0322918754744073,,-0.0273971131252098,,,-0.00932242314955,0.0008446574678112,1.05340133877551,21.604545454545452,0.2028484601769911,,United States,USD
AJG,Financial Services,Insurance Brokers,57249247232.0,68539965440.0,3960000000.0,1612000000.0,1080225024.0,92.546,256942000.0,13372000256.0,1412999936.0,70665000000.0,6095000064.0,2015000064.0,0.0228,0.07007,0.28402,0.42929,1.063,0.5618,14197999616.0,0.346,0.162,,68539965440.0,23321000000.0,11959000320.0,0.0577765100197867,0.0281575754781096,0.018868807473091,0.4073590680676148,0.0862520351517724,0.6701147791563276,0.1769991864204931,0.1392201901630509,0.1600848602435199,0.1285107202288449,0.0050448650566115,0.0997587736362929,0.028,3.019949575757576,3.928012519561815,0.1506880066873968,0.0657998217375347,United States,USD
OKE,Energy,Oil & Gas Midstream,57780310016.0,90673078272.0,7506999808.0,3531000064.0,454375008.0,35.486,630032852.0,33652000768.0,172000000.0,66641000000.0,10433000448.0,5629000192.0,0.05657,0.15903,0.1492,0.29636,0.71,1.49644,35204001792.0,0.196,0.18,,90673078272.0,22485000000.0,33480000768.0,0.0827919372658838,0.0611107843315867,0.0078638381807605,0.3891464063410815,0.1565552805029936,0.1286816765121418,0.1452650774509614,0.1282052758825131,0.1582832762000608,0.0922389272653392,0.0879347306025738,0.0401442195133371,0.0757653532263465,4.459837701383887,3.5182277061132923,0.1672708921768677,0.1040712721481186,United States,USD
DHL.DE,Industrials,Integrated Freight & Logistics,57327640576.0,78406311936.0,7825999872.0,3527000064.0,5193999872.0,20.976,1119243239.0,29056000000.0,7793999872.0,71018000000.0,14552000512.0,9619999744.0,0.047,0.15564999,0.072280005,0.17523001,1.095,1.21823,83043999744.0,-0.019,0.072,,78406311936.0,22227000000.0,21262000128.0,0.0998133910237744,0.0615235517904179,0.0906020171040224,0.3877187300344827,0.20490580573939,1.4726395740717515,-0.0426728420395982,-0.0357137091889607,-0.0376567794264604,-0.0363897763578274,2.715779177756006e-05,0.0163577817531305,-0.0416666666666666,2.716841359028328,5.738934056007227,0.3310847929515418,0.1280640219319464,Germany,EUR
6752.T,Technology,Consumer Electronics,8794824769536.0,9575744929792.0,614304972800.0,189540007936.0,-182932881408.0,2232.092,2334702707.0,1603196944384.0,967278002176.0,9343191000000.0,2526867881984.0,624288989184.0,0.01345,0.040749997,0.03145,0.31395,1.294,0.29788,8048722051072.0,0.054,-0.174,,9575744929792.0,4694421000000.0,635918942208.0,0.0641521863107253,0.021551311470416,0.0,0.5337708394442143,0.2704502007915711,-0.9651412564558352,0.0460873071787146,,0.0406530853632769,0.0020041905803042,0.0289710591779368,-0.0072258623904828,7.54605877647917e-05,1.0351844285249452,17.928531643807005,0.3894025567918431,0.0773244942750011,Japan,JPY
TGT,Consumer Defensive,Discount Stores,58724638720.0,73865379840.0,8344000000.0,3449999872.0,3141250048.0,36.098,454191112.0,19271999488.0,3534000128.0,59490000000.0,29933000704.0,7002999808.0,0.056750003,0.22015,0.0452,0.28139,0.932,1.17548,106377003008.0,0.067,-0.247,,73865379840.0,16165000000.0,15737999360.0,0.1129622567172058,0.0587487628225292,0.0534911770675598,0.2752677641334666,0.5031602068246764,0.9105072940709952,-0.0134373288069244,,-0.0129625734438321,0.4335549224438113,0.0336081877179892,0.0297910644117087,-0.0059855257951687,1.886145656759348,11.712359550561798,0.3633769195749783,0.1362258233141662,United States,USD
ARGX.BR,Healthcare,Biotechnology,47685582848.0,42961104896.0,1318290304.0,1489035008.0,,102.7222,62187771.0,47160000.0,4440038912.0,8682698000.0,2755672064.0,,,0.2033341938077522,0.30008,0.58106,,0.644,4742469120.0,0.626,1.14,,42961104896.0,7323092000.0,-4392878912.0,0.0306856703800172,0.0312261048113088,0.0,0.1535703573833352,0.3173750905536505,0.0,1.1624512718676845,,0.611074638741225,0.9155942317854954,-0.0368503838836141,0.3998657320360976,0.0184715490903146,-3.332254586619489,314.23052425281725,0.0,0.1742189350591211,Belgium,EUR
APO,Financial Services,Asset Management,74999160832.0,94672502784.0,,1155000064.0,,32.182,576517513.0,40034000896.0,41946001408.0,460949000000.0,11020000256.0,7854000128.0,0.00708,0.08492,0.13489,0.35222,2.024,1.01267,31286999040.0,-0.092,,,94672502784.0,23341000000.0,-1912000512.0,0.0,0.0154001731644335,0.0,0.3112168155092352,0.0239072007011621,0.0,0.4296476468757257,,0.2228956030459346,,0.0394937937961926,0.2197806268937138,0.0234073779044653,,19.045945945945945,0.1961832430489037,0.0546058952980194,United States,USD
FAST,Industrials,Industrial Distribution,53113843712.0,52980953088.0,1888499968.0,1299500032.0,903862528.0,3.475,1148035061.0,445500000.0,308600000.0,5052900000.0,3790200064.0,1412099968.0,0.21195999,0.33842,0.2033,0.44893003,4.392,11.167,8442800128.0,0.124,0.138,,52980953088.0,3943600000.0,136900000.0,0.035644884773274,0.0244663150165952,0.0170174565580496,0.0742480627345187,0.7501039133962675,0.6955463684051683,0.0551540251612383,0.1104770839190627,0.0513270687442225,0.0533830289476953,-0.010557837469766,0.0755427841634738,0.0012354076983111,0.0724913965156074,267.93548387096774,3.1696968978675644,0.3830032508703571,United States,USD
CPG.L,Consumer Cyclical,Restaurants,56382377984.0,65105821696.0,3809999872.0,2018000000.0,1974125056.0,4.678,1700312938.0,9130999808.0,523000000.0,26715000000.0,35107000320.0,3617999872.0,0.07289,0.26883,0.06701,0.72407997,0.698,1.13105,48484999168.0,0.107,0.163,,65105821696.0,7653000000.0,8607999808.0,0.0585201103795312,0.0357913247393123,0.0350131570640779,0.1357338990237648,1.3141306501965189,0.9782582041625372,0.1737612434589726,0.2490167817975626,0.1471829039582232,0.2059502248072529,0.0089416809723406,0.0971703150026695,0.0,2.25931761081172,7.835978835978836,0.3962326084850138,0.1845482866043613,United Kingdom,USD
AZO,Consumer Cyclical,Auto Parts,50883854336.0,63404871680.0,4266778880.0,2478124032.0,,-170.111,16369000.0,12750193664.0,253728992.0,19355324000.0,10343739392.0,,0.11389,-0.7258045855784165,0.19082001,0.51754004,0.89,-3.734336501662267,19986403328.0,0.084,0.077,,63404871680.0,,12496464672.0,0.0672941805092538,0.0487015786114839,0.0,,0.5344131357346433,0.0,0.0523152517284584,-0.1099429521925744,0.0511257882238155,-0.1170201472447386,0.0049263318963125,0.1268466323073951,-0.0300269325540083,2.9287818805365418,7.438697113369871,0.0,0.3681531999983326,United States,USD
GLE.PA,Financial Services,Banks - Regional,50138804224.0,-402858803200.0,,5384999936.0,,97.252,730035000.0,298519003136.0,760943017984.0,1546641000000.0,25788999680.0,,0.00448,0.08884,0.36972,0.0,,4.255802394160584,25788999680.0,0.002,0.141,,,70144000000.0,-462424014848.0,,0.1074018421329313,0.0,1.398996268172349,0.0166741989123526,0.0,0.1337064877667557,,0.1242782696795124,-0.8432735468474781,,-0.0170976997797965,-0.0417609526133924,,,0.0,,France,EUR
WPM.TO,Basic Materials,Gold,68468441088.0,65957380096.0,2280745984.0,1799779968.0,639690240.0,26.075525,454125089.0,7662000.0,2164505088.0,9125781000.0,2355986944.0,2310010880.0,0.14041,0.21542,0.75021005,0.85807997,4.531,0.083,2745658112.0,0.916,1.288,,65957380096.0,8690508000.0,-2156843088.0,0.0345790869904233,0.0262862705707993,0.0093428480309319,0.1269272070738459,0.2581682536541256,0.3554269140526405,0.2952936692748307,-0.0151336479999127,0.2828870892695275,0.0538654159445786,0.1912782441707772,0.2291513035902827,0.0007858691646813,-0.9456743991355416,3959.200466200466,301.4892821717567,0.1893299746942792,Canada,CAD
VOLV-B.ST,Industrials,Farm & Heavy Construction Machinery,629963423744.0,809448767488.0,53589000192.0,32881000448.0,29855375360.0,93.766,1592708622.0,257632993280.0,72573001728.0,648590000000.0,110143995904.0,49772998656.0,0.04203,0.16945,0.09879,0.23527001,1.193,1.35037,468155990016.0,-0.091,-0.158,,809448767488.0,178395000000.0,185059991552.0,0.066204313780482,0.0521950945224431,0.0473922361754964,0.2831831075838696,0.1698206816386314,0.9079825721001128,0.0039996470969143,0.380532686249819,-0.0016388004311596,0.4230801104972376,0.0078986372034447,-0.0923276291556809,0.0,3.453320474145113,26.86844978165939,0.1931934183674442,0.1286283958230984,Sweden,SEK
AME,Industrials,Specialty Industrial Machinery,51148943360.0,52807024640.0,2420284928.0,1527741056.0,1385356544.0,47.64,229203002.0,2455633920.0,481249984.0,16067543000.0,2786897920.0,1835734016.0,0.0801,0.14626999,0.26299,0.36681,1.138,0.22489,7597581824.0,0.113,0.145,,52807024640.0,10628786000.0,1974383936.0,0.0458326320124973,0.029868477345609,0.0270847539166056,0.2078006954159688,0.1734489162406473,0.9068006247257652,0.0636405599266052,0.1827062679565401,0.0604802047827933,0.1394798972972584,0.0116162069909111,0.0981721966303581,0.0015089855182668,0.8157650833414603,23.1323134861053,0.7475601314384841,0.1421264804865347,United States,USD
CTVA,Basic Materials,Agricultural Inputs,49984262144.0,51433336832.0,4140999936.0,1252000000.0,2576124928.0,36.359,668820000.0,3356000000.0,1966000000.0,42845000000.0,8686999552.0,2624000000.0,0.043270003,0.051370002,0.2369,0.48561,1.467,13.64,17888999424.0,0.11,0.121,,51433336832.0,24144000000.0,1390000000.0,0.0805119829095672,0.0250478839998298,0.0515387207393083,0.4830320377730772,0.2027541032092426,2.057607769968051,-0.0010322883978914,1.1927496276897047,-0.002783012030729,0.5525844245348036,0.0707841196350279,0.049479485609308,-0.0195917414800282,0.3356677183005878,10.377777777777778,0.7818831942789034,0.0608072916666666,United States,USD
DB1.DE,Financial Services,Financial Data & Stock Exchanges,45071220736.0,49611571200.0,3254000128.0,2055000064.0,,57.582,182105935.0,7120999936.0,2875000064.0,297156000000.0,6124000256.0,,0.0065499996,0.19205,0.43556,0.81231004,1.011,0.6543800000000001,7538999808.0,0.085,0.122,,49611571200.0,11312000000.0,4245999872.0,0.0655895398854048,0.0455945064376434,0.0,0.2509805551142904,0.0206087047072917,0.0,0.1220218780972222,0.0402988388860889,0.1149680860161552,0.0261715772007713,-0.0036597262535101,0.3378655813283389,0.0,1.3048554717204977,15.880208333333334,0.0,0.1150348990756461,Germany,EUR
BAS.DE,Basic Materials,Chemicals,43358466048.0,63822929920.0,5782000128.0,1510000000.0,-1570625024.0,39.03,884325217.0,23669000192.0,3180000000.0,76174000000.0,13859000320.0,5794999808.0,0.01721,0.044109996,0.07678,0.23423,1.913,0.66724,59167997952.0,-0.03,0.166,,63822929920.0,33194000000.0,20489000192.0,0.0905944013420811,0.0348259552892935,0.0,0.7655713641541787,0.1819387234489458,-1.0401490225165564,-0.1192853989373564,-0.2614666032300006,-0.1304909709802111,-0.3901731973958973,-0.0005460246826922,-0.0527389168687433,0.0,3.543583489868785,3.4918533604887982,0.2448350061680543,0.05737663771899,Germany,EUR
NKE,Consumer Cyclical,Footwear & Accessories,66121609216.0,68220792832.0,3864000000.0,2249999872.0,1313874944.0,9.52,1199499281.0,11178000384.0,8056999936.0,36579000000.0,19036999680.0,1694000000.0,0.05195,0.16016,0.06942,0.40919998,2.139,0.79333,46522998784.0,0.001,-0.348,,68220792832.0,13213000000.0,3121000448.0,0.0566396231939939,0.034028208004586,0.0198705833021691,0.199828772418968,0.5204352136471746,0.5839444527755067,-0.0028698566864462,-0.0964349156024032,-0.0021636213049213,-0.0362954083494032,-0.0324905578857138,-0.0401731828916294,-0.0179640718562874,0.80771233126294,,0.1515476777425023,0.1423134586552877,United States,USD
7974.T,Communication Services,Electronic Gaming & Multimedia,8235810029568.0,6101957869568.0,375972003840.0,424055996416.0,277363490816.0,2562.414,1152828913.0,0.0,2216856125440.0,3398515000000.0,908956991488.0,289788985344.0,0.06249,0.14931,0.14668,0.39297,3.959,0.0,2313050914816.0,0.951,0.571,,6101957869568.0,2724326000000.0,-2216856125440.0,0.0616149786472743,0.0514892882295201,0.0336777426652893,0.3307902914490733,0.2674571074389844,0.6540727950086708,-0.1175712053411519,,-0.0991930624499495,-0.2787524622455679,,0.078416408738482,0.0,-5.896332979046528,1702.132530120482,,0.100880833769805,Japan,JPY
RMS.PA,Consumer Cyclical,Luxury Goods,174810185728.0,161537572864.0,7040999936.0,4524000256.0,4039624960.0,179.709,104802270.0,2312000000.0,12238999552.0,24322000000.0,11379000320.0,5374000128.0,0.17656,0.25207,0.41403,0.7111,4.994,12.268,16001999872.0,0.039,0.018,,161537572864.0,18842000000.0,-9926999552.0,0.043587382249007,0.0258795003114934,0.0231086360510225,0.1077854812723421,0.4678480519694104,0.8929320803292191,0.1131419915405649,0.0474492725969644,0.1063577643730315,0.0582101167315175,0.0032105462592278,0.0536302200658464,0.0,-1.4098849087107843,124.1818181818182,2.324394519031142,0.3231453444360333,France,EUR
COR,Healthcare,Medical Distribution,55366242304.0,67821326336.0,5300438016.0,2548677120.0,-318246112.0,17.463,194561060.0,15092111360.0,2176496128.0,76590112000.0,12477555712.0,2276133888.0,0.03486,1.0713401,0.01716,0.03796,0.947,4.20985,328680013824.0,0.038,1.283,,67821326336.0,1508019000.0,12915615232.0,0.0781529690195175,0.046033052162109,0.0,0.0272371563834855,0.1629134020851151,-0.1248671750150917,0.1043399050694318,0.1327139190078339,0.1003618714537573,0.0858246471206793,0.0009487310415639,0.1414040131074538,0.0041600530474106,2.4367071538262848,6.380154519443577,0.1508161339196479,0.1426824680561459,United States,USD
CARR,Industrials,Building Products & Equipment,56828309504.0,68005552128.0,3140999936.0,1282000000.0,849750016.0,16.18,830580423.0,12572999680.0,1371000064.0,37190000000.0,5506999808.0,2108999936.0,0.031489998,0.09907,0.06572,0.25180998,1.05,0.91102,21870000128.0,0.024,-0.407,,68005552128.0,13804000000.0,11201999616.0,0.0461874043767487,0.0225591788879407,0.0149529349617585,0.2429071024720236,0.1480774350094111,0.6628315257410297,0.0794889477268405,0.1414942136093542,0.0840640222686151,-0.0027088036117381,0.0100564728145921,-0.0056947303692217,0.0027424041742628,3.566380084128725,4.925764192139738,0.1677403952658018,0.0750099747306822,United States,USD
LNG,Energy,Oil & Gas Midstream,51271057408.0,82131738624.0,6041999872.0,1460000000.0,1722749952.0,17.872,209551868.0,27847999488.0,1304999936.0,47882000000.0,6855000064.0,5391000064.0,0.064330004,0.2892,-0.53749,0.33004,0.572,3.21125,20770000896.0,0.242,,,82131738624.0,7915000000.0,26542999552.0,0.0735647384704753,0.0284761047228214,0.0336008274276627,0.154375595124063,0.143164447266196,1.1799657205479452,-0.1577014650895228,-0.3433801946632668,-0.2013251248589401,-0.423875382151696,0.3276670008078139,0.0917506498244334,0.0017940437746681,4.393081779926261,9.736286919831224,0.1935866188996103,0.2099349497338852,United States,USD
EW,Healthcare,Medical Devices,49461219328.0,46538682368.0,1903600000.0,1075600000.0,902137472.0,17.899,575800000.0,702899968.0,3671500032.0,13697200000.0,4908299776.0,1358599936.0,0.08269,0.1046,0.31219998,0.77866,4.421,6.806,6303499776.0,0.167,0.082,,46538682368.0,10337600000.0,-2968600064.0,0.0409036075612857,0.0217463300463177,0.0182392889673324,0.2090041479051828,0.3583432946879654,0.8387295202677575,0.1077223514087009,0.1187559876565824,0.0999051527326975,0.0975769400213984,-0.0577700721807894,0.0491677709436014,0.0059560171044593,-1.5594663080479092,63.39705882352941,1.932849619933401,0.1088315731897168,United States,USD
ETR,Utilities,Utilities - Regulated Electric,51024621568.0,81378492416.0,5490236928.0,1782428032.0,-3913097728.0,37.889,457886847.0,34058442752.0,3572052992.0,71890730000.0,6241911808.0,5443426816.0,0.027660001,0.10751,0.18648,0.46976003,0.957,1.92883,13287438336.0,0.12,0.012,,81378492416.0,16958076000.0,30486389760.0,0.0674654538933256,0.0349327045889909,0.0,0.3323508431591235,0.0868249885346831,-2.19537488063922,-0.0202043859753847,,-0.0214467471591502,-0.0516388356210659,0.0939040868034252,0.1095955316089363,0.037820182715816,5.552836819212768,2.699231886259016,0.1598260629717237,0.0563142973528558,United States,USD
VST,Utilities,Utilities - Independent Power Producers,48436260864.0,68470259712.0,6790000128.0,2048999936.0,476875008.0,7.753,337182468.0,19925999616.0,658000000.0,41550000000.0,7512999936.0,4670000128.0,0.06022,0.42898,0.26578,0.38637,0.896,3.55187,19445000192.0,0.434,,,68470259712.0,5097000000.0,19267999616.0,0.0991671443420857,0.0423030163652229,0.0098454133224481,0.1052310791353491,0.1808182896750902,0.2327354918960817,0.0891786674122778,,0.0912256377128992,0.2434492615531205,0.2063751001694964,0.1000794281175536,0.0089412860118608,2.837702393633887,2.1435845213849287,0.2343671694267285,0.0707896152811407,United States,USD
ROK,Industrials,Specialty Industrial Machinery,49754480640.0,52653330432.0,1968999936.0,1086000000.0,974499968.0,31.652,111273953.0,4054000128.0,423000000.0,11219000000.0,4306999808.0,1535000064.0,0.09337,0.27183,0.20724002,0.48921,1.091,1.13367,8803999744.0,0.119,0.396,,52653330432.0,3654000000.0,3631000128.0,0.0373955440205799,0.0218271799048167,0.0195861750633279,0.0734406218896871,0.3839022914698279,0.897329620626151,0.0243822064927081,0.2580709429016354,0.0113785139000251,0.1494347379239465,0.0816976600713794,-0.0011574074074074,-0.2201773292389624,1.8440834159580184,6.878205128205129,0.3786383856769331,0.1380241831746848,United States,USD
ENI.MI,Energy,Oil & Gas Integrated,69806571520.0,96116973568.0,12028000256.0,2724999936.0,-939374976.0,16.701,2929971432.0,36569001984.0,14782999552.0,137069000000.0,17571999744.0,12371999744.0,0.02246,0.059109997,0.042919997,0.20799999,1.16,0.67357,84479000576.0,-0.126,0.01,,96116973568.0,47940000000.0,21786002432.0,0.1251391904000237,0.0390364384994795,0.0,0.6867548277494893,0.128198204874917,-0.3447247699311506,-0.1473203822415796,-0.241587925180481,-0.157111816645979,-0.2866044651782739,-0.0776040827683359,-0.0671707307113836,-0.041932046980102,1.8112738583566588,1.7072215422276622,0.338319316163266,0.1391266183892912,Italy,EUR
STAN.L,Financial Services,Banks - Diversified,40385155072.0,-155415609344.0,,4861000192.0,,14.677621,2180623758.0,189356998656.0,386666987520.0,919955000000.0,20710000640.0,,0.0058600004,0.10107,0.43989,0.0,,3.4987712469466565,20710000640.0,0.086,0.307,,,54121000000.0,-197309988864.0,,0.1203660152680767,0.0,1.3401211386587788,0.0225119713899049,0.0,0.0835007247348011,0.0983771203350012,0.0850255346098392,0.0486346904016262,,0.0826974136388886,-0.0670057495626196,,,0.0,,United Kingdom,GBP
6723.T,Technology,Semiconductors,7732524482560.0,8718770503680.0,370259984384.0,-9619999744.0,205169623040.0,1400.416,1814294732.0,1205048967168.0,307907002368.0,4177163000000.0,809628991488.0,441898991616.0,0.04354,-0.00389,0.24341999,0.58133,1.231,0.47323,1392727949312.0,0.232,1.585,,8718770503680.0,2443034000000.0,897141964800.0,0.0424669951144741,0.0,0.0265333298979836,0.3159426142794684,0.1938226953288631,,-0.0416044601075137,-0.0656043496575059,-0.04679885084271,-0.1323231562639683,0.0015282672577505,-0.0697644950289905,0.0,2.4230054627495634,0.8767510309760993,0.3667062531529421,0.0604827646054252,Japan,JPY
XEL,Utilities,Utilities - Regulated Electric,49357873152.0,86230450176.0,6060000256.0,2091000064.0,-7471625216.0,37.859,624269560.0,39243001856.0,1768000000.0,81371000000.0,6790000128.0,4752000000.0,0.02338,0.0959,0.18155001,0.45928,0.77,1.64845,14784000000.0,0.029,0.06,,86230450176.0,23609000000.0,37475001856.0,0.0702768017983355,0.0423640633290794,0.0,0.4783228792556543,0.0834449635373781,-3.573230505649569,-0.0141554513589601,,-0.018658244542394,-0.7625637695946572,0.0892594472790141,0.1618619261797672,0.0857208669381344,6.183993444372554,2.32017870439315,0.1210916539320105,0.0419482512587167,United States,USD
6762.T,Technology,Electronic Components,6759278706688.0,6698786881536.0,476606005248.0,195663003648.0,35036000256.0,1152.295,1898140630.0,615969980416.0,842775003136.0,3541415000000.0,783403974656.0,507672002560.0,0.0428,0.09922,0.06449,0.31276,1.559,0.27954,2504819998720.0,0.21,1.299,,6698786881536.0,1800070000000.0,-226805022720.0,0.0711481069149518,0.0289473199935372,0.0051833933436319,0.2663109598097963,0.2212121354475541,0.1790629787071559,0.0504543542209405,,0.039615936035258,0.8637655114287406,,0.0369252634611735,0.0,-0.4758752936862029,18.79334081556304,0.824183026285047,0.102815238103035,Japan,JPY
DVN,Energy,Oil & Gas E&P,53840859136.0,35896238080.0,6721999872.0,2268000000.0,1600499968.0,24.844,1153403107.0,8702000128.0,1763000064.0,31599000000.0,7510000128.0,6424000000.0,0.060739998,0.15178001,0.06856,0.46929002,1.006,0.56404,16003000320.0,-0.008,-0.753,,35896238080.0,15528000000.0,6939000064.0,0.1872619592342529,0.0421241420808519,0.0297264938502782,0.2884055018657271,0.237665752966866,0.7056878165784832,-0.0357078546884069,-0.0634626185716609,-0.031150914070017,-0.2185661002900953,-0.1811213963210736,0.0364065728623438,-0.0445468509984639,1.03228208808868,7.9738430583501,0.7382210877393359,0.144040998800567,United States,USD
4502.T,Healthcare,Drug Manufacturers - Specialty & Generic,7951318777856.0,12869012815872.0,1346403958784.0,191762006016.0,356631117824.0,4920.503,1579836830.0,5453085933568.0,595053969408.0,14248344000000.0,2934131916800.0,1041431003136.0,0.02632,0.02611,0.03088,0.65120006,1.272,0.70138,4505720061952.0,0.039,,,12869012815872.0,6935084000000.0,4858031964160.0,0.1046237173004764,0.0241170064203748,0.0448518199040389,0.8721929272052128,0.2059279251539687,1.8597590066628935,0.0868136451228949,-0.102450843694279,0.0796486904685661,-0.1616234809951743,-0.0347814982724978,-0.0569501519380239,0.0053910408574064,3.6081533572936864,2.275090852153141,0.1909801194815543,0.0266053235515473,Japan,JPY
9433.T,Communication Services,Telecom Services,10498267414528.0,15252238368768.0,1747504988160.0,707112009728.0,1317002018816.0,1333.5,3807168437.0,5378069233664.0,1118862049280.0,16714708000000.0,2590635982848.0,1788852961280.0,0.03701,0.14006,0.14682999,0.42666,0.561,0.96162,6071915118592.0,0.088,0.422,,15252238368768.0,5032495000000.0,4259207184384.0,0.1145736741000825,0.067355115068746,0.1254494638794845,0.4793643371129787,0.1549913993620469,1.8625083447848696,0.0232504561440656,-0.1062939813101063,0.0218671862496258,-0.0244392416396948,,0.1892558550617933,-0.048145785131227,2.437307597541478,37.233518987341775,0.3326199205623243,0.1266793838775472,Japan,JPY
PSA,Real Estate,REIT - Industrial,57285840896.0,71197040640.0,3434970880.0,1704142976.0,2337331968.0,27.767,175545748.0,10032266240.0,134608992.0,20208604000.0,3642289920.0,3176186880.0,0.07206,0.20175,0.46032003,0.74767995,0.188,1.07646,4871482880.0,0.032,0.328,,71197040640.0,9248128000.0,9897657248.0,0.0482459783317196,0.0297480660027981,0.0408012159975678,0.1614382865879473,0.180234612940112,1.3715586080026188,0.048750479098311,0.0292064026954919,0.0461871408465902,0.0232374542017369,-0.0197859796810936,0.0229648957571814,0.0005236351489748,2.8814384732134903,6.877942166538039,0.3165971480437903,0.1068753551477963,United States,USD
CABK.MC,Financial Services,Banks - Regional,79697133568.0,85598429184.0,,5712999936.0,,5.306,6963489082.0,54319001600.0,47705001984.0,664040000000.0,15457000448.0,,0.009190001,0.1602,0.56735003,0.0,,1.4105167904440403,15457000448.0,0.027,0.086,,85598429184.0,38510000000.0,6613999616.0,0.0,0.0716838822205003,0.0,0.4832043296405648,0.0232772128907897,0.0,0.1045366294408483,,0.0905813691032792,0.8808925596890617,,0.0523563279413885,-0.0209642452977982,,,0.0,,Spain,EUR
ADSK,Technology,Software - Application,45849137152.0,46490079232.0,2139000064.0,1463000064.0,3060999936.0,15.114,211145251.0,2724000000.0,2924000000.0,12467000000.0,6938999808.0,2780999936.0,0.113249995,0.50396,0.29524,0.92434,0.835,0.85419,7506999808.0,0.184,2.314,,46490079232.0,3045000000.0,-200000000.0,0.0460098175639951,0.0319089988356778,0.0667624327553234,0.0664134635708662,0.5565893806047967,2.092276009633858,0.1291805581163574,0.0547279857953602,0.1214312680901044,0.0729812796870634,0.0057014869670989,0.1508354103203175,-0.0093457943925233,-0.093501633481017,25.267605633802816,1.020925086637298,0.2694098212944886,United States,USD
ATCO-A.ST,Industrials,Specialty Industrial Machinery,883518210048.0,889812615168.0,41239998464.0,26080999424.0,21434499072.0,24.97,3317744716.0,35472998400.0,20828000256.0,202454000000.0,70840000512.0,29727000576.0,0.10508,0.2242,0.20377001,0.42635,1.698,0.29075,166152994816.0,-0.051,-0.052,,889812615168.0,110206000000.0,14644998144.0,0.0463468350088672,0.0295194814633,0.0242603930832795,0.1247354030133829,0.3499066479891728,0.8218434701653249,0.060047573078785,0.17295750335402,0.0516829691262215,0.159337358788622,0.0087629580672816,-0.0291745389329522,0.0,0.3551163600741689,39.17573696145125,0.8380177012609117,0.2359404020539713,Sweden,SEK
MCHP,Technology,Semiconductors,48521519104.0,53056090112.0,1219100032.0,118800000.0,1139912448.0,11.879,542079281.0,5642200064.0,240300000.0,14370100000.0,2721100032.0,962099968.0,0.02226,0.03405,0.17068,0.57735,2.092,0.87715,4713099776.0,0.351,,,53056090112.0,6432400000.0,5401900064.0,0.022977570141835,0.0024483981992683,0.0234929257997206,0.1325679846546628,0.1893584618061113,9.595222626262624,-0.1764745300112236,-0.3474665604692184,-0.2288345945259212,-0.4672344458736713,-0.0978623945758182,-0.0653350331065523,0.000738848234164,4.431055633013059,2.2697307335190344,0.1705185844328118,0.0369432815971225,United States,USD
CAH,Healthcare,Medical Distribution,51935150080.0,55797727232.0,3993999872.0,1555000064.0,4849999872.0,-12.051,234205855.0,8915999744.0,3936999936.0,53122000000.0,9415999488.0,5001999872.0,0.03601,-0.5591514074074074,0.01413,0.037550002,0.907,-3.206040900395541,250735001600.0,0.11,-0.195,,55797727232.0,,4978999808.0,0.0715799741339543,0.0299411874540596,0.0933856908958411,,0.1772523528481608,3.1189708504089166,0.0707154057820471,-0.1277794399940215,0.0696911608093716,-0.0751463129145532,0.000938448637342,0.1773231976241661,-0.1722415749235474,1.246619921774499,10.772093023255811,0.5610139093337327,0.1628119507908611,United States,USD
DSV.CO,Industrials,Integrated Freight & Logistics,374667083776.0,451968499712.0,23822999552.0,7213000192.0,21680250880.0,511.533,238565473.0,94455996416.0,10314000384.0,290373000000.0,74933002240.0,17204000768.0,0.04868,0.061539996,0.070989996,0.27143,0.915,0.7716299999999999,276066992128.0,0.689,-0.429,,451968499712.0,117414000000.0,84141996032.0,0.0527094245886169,0.0192517584392665,0.0578653738713856,0.3133822133950726,0.25805774724234,3.005718882975457,0.0162357962389931,-0.0897664467921985,0.0256310815383443,-0.1388133828996282,0.0490375068301492,0.2275592381999197,0.0,3.5319648077202803,4.287415426251692,0.1821377299566107,0.0761341791618608,Denmark,DKK
HOLN.SW,Basic Materials,Building Materials,40035192832.0,44182134784.0,3131000064.0,389000000.0,1854200064.0,27.8,553125111.0,9246999552.0,5442999808.0,33605000000.0,6657999872.0,2788000000.0,0.03159,0.02089,0.121350005,0.42343,1.324,0.57488,15724000256.0,-0.036,,,44182134784.0,15377000000.0,3803999744.0,0.0708657487762192,0.0097164512640756,0.0463142533565604,0.384087072204863,0.1981252751673858,4.766581141388175,-0.1863306825766196,-0.1693251367601433,-0.2324160548324501,-0.097569052457289,0.0256031339851884,-0.3809523809523809,-0.0211510491405367,1.2149471945842796,3.638418079096045,0.3015032048311274,0.0491565529348904,Switzerland,CHF
BN.PA,Consumer Defensive,Packaged Foods,42701029376.0,51068067840.0,4470000128.0,1816999936.0,2491249920.0,26.426,641734719.0,15118000128.0,6570999808.0,45071000000.0,13809999872.0,3779000064.0,0.05074,0.108430006,0.13709,0.50618,0.905,0.8909199999999999,27282999296.0,-0.005,-0.025,,51068067840.0,16917000000.0,8547000320.0,0.0875302379170647,0.0425516659095164,0.0583416830087051,0.3961731191779689,0.3064054463402187,1.3710787054204938,-0.0045760582174211,0.0921551972850709,-0.0050100510282975,0.085753052917232,0.0456358964122814,-0.0048794489092996,0.0027083822983536,1.912080553748029,6.092369477911647,0.249966928959137,0.0996518426065821,France,EUR
FITB,Financial Services,Banks - Regional,47839653888.0,64359301120.0,,2026000000.0,,35.243,906311548.0,23542999040.0,9082999808.0,214376000000.0,8999999488.0,2175000064.0,0.00852,0.07969,0.07955,0.0,,1.0837322334744983,8999999488.0,0.33,-0.789,,64359301120.0,21724000000.0,14459999232.0,0.0,0.0423498047193898,0.0,0.4541002752833294,0.0419823090644475,0.0,0.0287468720796482,-0.1282232514778923,0.0238149051329328,-0.1854930725346373,,0.0068051491825837,0.0,,,0.0923841546399689,,United States,USD
EOAN.DE,Utilities,Utilities - Diversified,48041439232.0,91840004096.0,9649000448.0,3435000064.0,-3405900032.0,8.363,2613077958.0,43249000448.0,5426999808.0,110685000000.0,21425000448.0,7433999872.0,0.03498,0.15358,0.17852,0.27811,0.95,1.50024,77037002752.0,-0.134,3.214,,91840004096.0,19260000000.0,37822000640.0,0.1050631535024098,0.0715007734762445,0.0,0.4009038927204136,0.1935673347608077,-0.991528375121451,-0.1204283847536967,,-0.135193348706708,-1.0004962779156328,0.2023788811216196,-0.0060703477878251,0.0,3.9197843179538414,2.3651226158038146,0.1718883626209626,0.0630500841394171,Germany,EUR
MET,Financial Services,Insurance - Life,55750578176.0,77752213504.0,5943000064.0,3433999872.0,-17429749760.0,42.296,643436779.0,49491001344.0,27634999296.0,745166000000.0,18429999104.0,15516999680.0,0.00453,0.13014,0.09919,0.23754999,2.086,1.7801900000000002,77583998976.0,0.027,0.359,,77752213504.0,28398000000.0,21856002048.0,0.0764351237883955,0.0615957714583541,0.0,0.509375883248239,0.0247327429109755,-5.0756407716022185,0.0392132376339955,,0.0383199112148203,,,0.0999458268200048,0.0011879076093095,3.677604208755398,5.3930254476908575,0.3135317382678334,,United States,USD
ASM.AS,Technology,Semiconductor Equipment & Materials,46852411392.0,43410448384.0,1090700032.0,991100032.0,59450000.0,87.727,48886070.0,72000000.0,981600000.0,5337000000.0,1655600000.0,758200000.0,0.10936,0.24936001,0.32243,0.51794,2.245,1.679,3196499968.0,0.028,,,43410448384.0,4005800000.0,-909600000.0,0.025125288325794,0.0211536610935083,0.0012688781267328,0.0854982674527609,0.3102117294360127,0.059983854384539,0.0959005081822534,0.2118046567714344,0.0927325395263882,0.1904485850841063,0.0439207973230082,0.0339216180088727,0.0,-0.8339598178355971,1028.6666666666667,10.530555555555557,0.2155228606015457,Netherlands,EUR
EBAY,Consumer Cyclical,Internet Retail,48151797760.0,50592038912.0,2980999936.0,2007000064.0,1200375040.0,9.892,444000000.0,7206000128.0,3860000000.0,17610000000.0,8329999872.0,2172999936.0,0.085930005,0.42875,0.23146999,0.71786004,1.219,1.63327,11603999744.0,0.195,0.071,,50592038912.0,4615000000.0,3346000128.0,0.0589223126821428,0.0416806881023085,0.0249289766081622,0.0958427351560632,0.4730266821124361,0.598094171261571,0.042572293921697,-0.0738301302781203,0.03958343424558,-0.0629169574319609,-0.0118865113198957,-0.0906274206041828,0.0063037249283667,1.12244220054891,10.378048780487806,0.3015542461006184,0.1967933400138749,United States,USD
EXC,Utilities,Utilities - Regulated Electric,47057342464.0,97196523520.0,8248999936.0,2779000064.0,-2807749888.0,28.65,1023208142.0,51241000960.0,713000000.0,116570000000.0,10568999936.0,6777999872.0,0.028399998,0.09764,0.22299999,0.42641,0.939,1.74794,24785999872.0,0.079,-0.003,,97196523520.0,28798000000.0,50528000960.0,0.0848692899422746,0.0590556099959533,0.0,0.6119767605242723,0.0906665517371536,-1.010345384432492,0.0833631247390602,,0.0764709221146314,0.0538645418326693,0.0082931822185365,0.081514881615082,0.017233572249927,6.125348690995553,2.547249647390691,0.132276882672356,0.0509982209922909,United States,USD
PRY.MI,Industrials,Electrical Equipment & Parts,41630253056.0,43177426944.0,2520999936.0,1322000000.0,1165500032.0,24.079,292244669.0,5423000064.0,1546000000.0,20190000000.0,7888999936.0,2135000064.0,0.064559996,0.22695999,0.07786,0.38268003,1.264,0.7623000000000001,20615000064.0,0.101,0.534,,43177426944.0,6474000000.0,3877000064.0,0.058386988628796,0.0317557521983274,0.0279964676273333,0.1555119059999787,0.3907379859336305,0.8816187836611196,0.0694059275782137,0.3290506613561363,0.072960629690001,0.2787754051968099,0.0427915007939875,0.1119678360962714,0.0020904305164969,1.5378818573678854,8.518181818181818,0.3936935347231447,0.1463605123398937,Italy,EUR
STMPA.PA,Technology,Semiconductors,58180460544.0,53124743168.0,2489999872.0,147000000.0,-360500000.0,17.331182,888794130.0,2783000064.0,4570999808.0,24800000000.0,4203000064.0,2112000000.0,0.01523,0.00908,0.036510002,0.33955002,3.313,15.316,12378000384.0,0.23,-0.333,,53124743168.0,17828000000.0,-1787999744.0,0.0468708124221081,0.0025266214571957,0.0,0.3064259002645271,0.169475809032258,-2.452380952380953,-0.098912087032209,,-0.1162799445992852,,-0.1345019925343018,0.0023036818494119,0.0,-0.7180722232583312,8.272727272727273,0.7588932631803202,0.0212131101683062,France,EUR
ON,Technology,Semiconductors,43814232064.0,44037275648.0,2047800064.0,573699968.0,1282174976.0,18.633,388803191.0,3245799936.0,2403599872.0,12524100000.0,2586800128.0,1396600064.0,0.06827,0.074939996,0.18232,0.42665002,4.873,0.44337,6063000064.0,0.047,,,44037275648.0,7673300000.0,842200064.0,0.0465015156788656,0.0130939181397037,0.0292638924751005,0.175132591364183,0.206545789956963,2.234922516153949,-0.1036923393641263,-0.0387361388056084,-0.110100516237368,0.0204435872709739,-0.1587794759613158,-0.1111229399991483,0.0037045329297818,0.4112706502972352,2.851904090267983,0.4302791581544969,0.0179950873945391,United States,USD
ODFL,Industrials,Trucking,50342883328.0,48822030336.0,1708194944.0,1007300992.0,861986240.0,21.138,207968283.0,39996000.0,288081984.0,5470160000.0,2124992000.0,1407248000.0,0.15029,0.23331,0.23775999,0.38946,1.565,0.909,5456226816.0,-0.029,-0.042,,48822030336.0,4311057000.0,-248085984.0,0.0349881996353688,0.0200088061193696,0.0171223057365205,0.0856338913270438,0.3884698070988783,0.8557385000569919,-0.0424401481270764,0.0138702950262559,-0.0399771852099129,0.0215196380950034,-0.0301160537144611,-0.0038669591242298,-0.0207900286868899,-0.1452328288825564,4600.013513513513,35.184718471847184,0.2730715282454524,United States,USD
NBIS,Communication Services,Internet Content & Information,53143429120.0,54433062912.0,-38600000.0,735299968.0,-6147975168.0,28.273,220406311.0,9590400000.0,9373200384.0,12430600000.0,632600000.0,2840300032.0,-0.030079998,0.14136,-0.3208,0.72058,8.331,1.32429,877900032.0,6.839,,,54433062912.0,4594000000.0,217199616.0,0.0,0.0138361408018978,0.0,0.0864453061473802,0.0508905443019645,-8.361179702920918,2.39828184367049,,1.0118523115110143,-1.0154149918905575,1.790000419445493,2.5029589133742887,-0.1104847411954599,,1.224390243902439,0.2961607474140807,0.0069064827383791,Netherlands,USD
EA,Communication Services,Electronic Gaming & Multimedia,50917597184.0,49826701312.0,1484999936.0,887000000.0,2219124992.0,26.979,250751484.0,1854000000.0,2980000000.0,13131000000.0,5946999808.0,2552999936.0,0.05696,0.1349,0.24009001,0.78967005,1.046,0.2741,7530999808.0,0.119,0.853,,49826701312.0,6764000000.0,-1126000000.0,0.0298032961624605,0.0174203035699949,0.0435826730782442,0.1328420894559705,0.4528977083238139,2.5018320090191657,0.0046911288415614,0.2003956115436662,0.0028817290374224,0.1404188481675392,0.0309836677222073,0.0616914618369987,-0.0063610962487366,-0.7582491909279112,23.264150943396228,1.377022619201726,0.1320977073066209,United States,USD
MSCI,Financial Services,Financial Data & Stock Exchanges,43852554240.0,50491355136.0,1898999040.0,1319704960.0,1206103936.0,-38.053,72727592.0,6572800000.0,381700000.0,5702459000.0,2684092928.0,1593545984.0,0.20547001,-0.497150150308528,0.53701997,0.82856005,0.864,-2.4760598823148268,3239459072.0,0.141,0.491,,50491355136.0,,6191100000.0,0.0376103797350058,0.0300941412164364,0.0275036188177119,,0.4706904386335789,0.9139193778585176,0.1170782375160075,0.1257099113843947,0.1108752561383827,0.1236578913034891,0.0042335150987938,0.0471991330726503,0.0017898139880894,3.2601912215816604,8.119267803458019,0.2424455306718597,0.4400353134442589,United States,USD
CCO.TO,Energy,Uranium,57777807360.0,57583276032.0,893907968.0,650563968.0,624778752.0,16.22,435532978.0,1010993984.0,1109720064.0,10301282000.0,1301309056.0,1275965056.0,0.03568,0.095979996,0.18194,0.36782002,3.078,14.311,3537865984.0,0.071,0.875,,57583276032.0,6903363000.0,-98726080.0,0.0155237428225382,0.0112597552196207,0.0108134728635018,0.1194812215179222,0.126324961883385,0.9603648261073076,0.2306870013973112,0.8826637696851456,0.1946925741226821,0.470947984439637,0.1537713813687992,0.0397975897261402,0.0003351503569451,-0.1104432262986607,9.120237361443392,1.2620896624445197,0.094569485573544,Canada,CAD
RIO.AX,Basic Materials,Other Industrial Metals & Mining,292718477312.0,310719873024.0,20284999680.0,9966000128.0,3495749888.0,53.368187,371750238.0,23747999744.0,9420000256.0,128102000000.0,16209999872.0,16832000000.0,0.07861,0.16399999,0.25318,0.28124002,1.445,0.35432,57637998592.0,0.146,-0.056,,310719873024.0,62203000000.0,14327999488.0,0.0652838824970593,0.0340463650245677,0.0119423615485468,0.2125011054006667,0.1265397876067508,0.3507675941302175,0.0123511706427004,-0.2174508402041098,0.0106278662326667,-0.2399599040561343,-0.042586006385069,0.2462981339871188,0.000679814586527,0.7063347159983786,8.965008201202844,0.7087754834700406,0.1448856607641466,Australia,AUD
5803.T,Industrials,Conglomerates,6857740517376.0,6897056874496.0,215260004352.0,157162995712.0,43118751744.0,338.454,1655659296.0,101613002752.0,181219000320.0,830307000000.0,332282986496.0,132905000960.0,0.13106,0.31511,0.14205,0.28103,2.366,17.13,1182358044672.0,0.22,0.412,,6897056874496.0,407494000000.0,-79605997568.0,0.0312104145679863,0.022917606070656,0.0062876032761441,0.0594210292686782,0.4001929244195219,0.274356896473358,0.1347036887713224,0.5220234931490666,0.1130711948446192,0.3819316994353656,,0.1470435867362374,0.0,-0.3698132303194872,38.78400248988484,1.3079526966088413,0.2268970602962464,Japan,JPY
STT,Financial Services,Asset Management,45038301184.0,,,2824999936.0,,87.008,276767033.0,,,366047000000.0,14392999936.0,-2640999936.0,0.00801,0.11261,0.27818,0.0,,0.0,14392999936.0,-0.028,-0.241,,45038301184.0,27841000000.0,0.0,0.0,0.0627243892805528,0.0,0.6181627474415177,0.0393200871363513,0.0,0.0482215024418268,-0.0113280784727883,0.0509793146759822,-0.166728148657949,,0.0362558034197712,0.0,,,,,United States,USD
IDXX,Healthcare,Diagnostics & Research,43671994368.0,44838019072.0,1545885952.0,1095233024.0,786844480.0,19.638,78882997.0,1105451008.0,200528000.0,3350759000.0,2758938880.0,1210091008.0,0.26463,0.72915,0.31783,0.62053,1.119,0.7104,4446094848.0,0.143,0.172,,44838019072.0,1605383000.0,904923008.0,0.0344771241904698,0.0250786125032685,0.0180171409936008,0.0367600111520512,0.8233772945174511,0.7184265473718952,0.085223264582759,0.3953280941829968,0.0799944423589428,0.267250522979588,0.0227430077989657,0.0174030642097039,0.0049426907526243,0.5853750121923612,35.08290435498816,1.0946581976430745,0.619016823762628,United States,USD
WAB,Industrials,Railroads,43834445824.0,49969631232.0,2520000000.0,1207000064.0,1123250048.0,65.311,169677346.0,6917000192.0,521000000.0,22069000000.0,4055000064.0,1767000064.0,0.06041,0.11305001,0.18983,0.35239,1.024,0.6203,11507000320.0,0.13,0.128,,49969631232.0,11142000000.0,6396000192.0,0.050430630322247,0.0275354242835927,0.0256248260217539,0.2541836628832112,0.183741903303276,0.9306130807297124,0.1012234501826749,0.1902365721954699,0.0921880130326067,0.1941948310139165,0.0370705644794676,0.180034220938937,-0.2423975319524019,2.538095314285714,8.075555555555555,0.2554575704716129,0.1073940540221053,United States,USD
GMG.AX,Real Estate,REIT - Diversified,63040970752.0,66015891456.0,1794800000.0,1691299968.0,3391737600.0,11.615,2044793036.0,4179800064.0,2963399936.0,31565300000.0,2550799872.0,1211800064.0,0.03874,0.07929,0.55902,0.82268,2.913,17.598,3100600064.0,-0.159,-0.034,,66015891456.0,23310100000.0,1216400128.0,0.0271873932232854,0.026828583821361,0.0538021156644767,0.3697611207749443,0.0808102527775753,2.0054027459190493,0.0034233507317251,,0.0022458954756235,,-0.0944766168763074,0.3247090619898355,0.069487489912177,0.677735752172944,6.779692886242557,0.2899181887758352,0.0743101902579938,Australia,AUD
LONN.SW,Healthcare,Diagnostics & Research,34915131392.0,38865268736.0,2136999936.0,909000000.0,-1798875008.0,113.295,69844229.0,4679000064.0,719000000.0,17907000000.0,2348999936.0,1156000000.0,0.04639,0.10476,0.2139,0.35966998,1.885,0.5873700000000001,6530999808.0,,,,38865268736.0,7913000000.0,3960000064.0,0.0549848233525926,0.0260345576190005,0.0,0.2266352634094077,0.1311777481431842,-1.978960404840484,0.0162330015634359,,-0.0050178349565147,0.5460823373173971,-0.0382278237269032,-0.0925353468808594,-0.0276515093196672,1.8530651298999383,7.754601226993865,0.2470613345133735,0.0885030107828035,Switzerland,CHF
6954.T,Industrials,Specialty Industrial Machinery,6324947517440.0,5575158005760.0,231544995840.0,166542999552.0,159451873280.0,1998.45,933158384.0,0.0,753871028224.0,1937031000000.0,328466006016.0,250896007168.0,0.05703,0.09352,0.23903999,0.3829,6.893,0.0,857830981632.0,0.106,0.11,,5575158005760.0,1724545000000.0,-753871028224.0,0.0415315575990453,0.0263311275062417,0.0252099915201411,0.2726575983824137,0.1695718891520063,0.9574216491171944,0.0283476617875517,0.3297213810482546,0.0170809352523646,0.3657028812722555,,0.005708093873586,-0.0076316444090347,-3.255829500823817,,,0.0892671591423168,Japan,JPY
FERG,Industrials,Industrial Distribution,43401342976.0,48811679744.0,3042599936.0,1955399936.0,,30.258,193937826.0,6080999936.0,820000000.0,17729000000.0,9534000128.0,1959600000.0,,0.3352880548696845,0.08137,0.30697,1.784,1.03524,31058200576.0,0.036,0.23,,48811679744.0,5832000000.0,5260999936.0,0.0623334405199198,0.0450539039098696,0.0,0.1343737221040595,0.5377629944159287,0.0,0.0249949176587731,0.2311570400765681,0.0218674439960571,0.0929383506805444,,0.0698165580497224,-0.0358330457688592,1.7291132737340595,13.75263157894737,0.3222496333866101,0.2233142466455858,United States,USD
8002.T,Industrials,Conglomerates,7867635597312.0,9865296609280.0,465730011136.0,543852003328.0,165868994560.0,2663.272,1635003303.0,2409977085952.0,551271989248.0,9201974000000.0,1182698962944.0,535397990400.0,0.01626,0.13502,0.03156,0.14308,1.373,0.53391,8265841246208.0,0.011,0.449,,9865296609280.0,3629236000000.0,1858705096704.0,0.0472089212906078,0.0691252151426292,0.021082444974532,0.4612867430260673,0.1285266577523474,0.3049892131406999,-0.0289765342476996,0.2600839301915474,-0.0500336929919981,0.1175667890807827,0.0419568981693377,0.0311956041941383,-0.0092699213207145,3.990949804094181,8.828878934925967,0.2221589547555821,0.1112366448209793,Japan,JPY
SREN.SW,Financial Services,Insurance - Reinsurance,35744251904.0,40056344576.0,6849750016.0,4855000064.0,,70.5919,294919585.0,8135000064.0,3742000128.0,134007000000.0,8657000448.0,,0.03198,0.19461,0.20143999,0.20421,2.794,0.30526,42391998464.0,-0.02,0.186,,40056344576.0,25558000000.0,4392999936.0,0.171002873290242,0.1358260365062136,0.0,0.7150240566970687,0.0646011062705679,0.0,0.00323288219894,,0.0097456445802561,,,0.0532740177160867,-0.0590102518854128,0.6413372642415568,15.034642032332563,0.0,,Switzerland,CHF
CSU.TO,Technology,Software - Application,66381193216.0,69892816896.0,2424000000.0,743000000.0,2751500032.0,255.83612,21191530.0,5560999936.0,3012999936.0,16171000000.0,4544999936.0,2801999872.0,0.08007,0.19685,0.13769001,0.37407002,0.912,1.20655,12149999616.0,0.199,1.699,,69892816896.0,3576000000.0,2548000000.0,0.034681675566273,0.0111929292620927,0.0414499935704198,0.0538706797324949,0.2810586813431451,3.703230191117093,0.2062658154578558,0.2848374704540435,0.1815448305915677,0.2371435910608785,0.0250062279528714,0.2586394769613948,0.0,1.051155115511551,4.66796875,0.5038661938945219,0.1183519857383381,Canada,CAD
CLS.TO,Technology,Electronic Components,59184705536.0,58865414144.0,1380300032.0,958600000.0,646862528.0,25.460863,114973107.0,941699968.0,378000000.0,7213100000.0,1657400064.0,885500032.0,0.10663,0.52454,0.066199996,0.12019,1.259,0.44881,13789299712.0,0.528,1.473,,58865414144.0,2216300000.0,563699968.0,0.0234484043316747,0.016196752037854,0.0109295555691585,0.0374471745686375,0.2297763879607935,0.6747992155226372,0.1956065395826804,0.6495850236260479,0.1837172028490196,0.4398309065288868,0.030966632854311,0.2045522861627868,0.0052266838931955,0.408389447896499,19.69201520912548,0.9403207625467394,0.316419734229418,Canada,CAD
AMP,Financial Services,Asset Management,40303558656.0,35507425280.0,,3895000064.0,3355624960.0,68.961,89897084.0,3494000128.0,8496000000.0,190904000000.0,10933000192.0,7096000000.0,0.024260001,0.66936,0.37188,0.56601,2.483,0.5624600000000001,19316000768.0,0.09,0.66,,35507425280.0,6549000000.0,-5001999872.0,0.0,0.0966415918069346,0.0832587759468343,0.1624918547738476,0.0572696234337677,0.8615211565757757,0.0903044521864493,0.2453905181040399,0.087858766803485,0.2355788209044881,,0.0523750985375104,0.0009748554351483,,14.8159509202454,2.030910057253438,,United States,USD
DGE.L,Consumer Defensive,Beverages - Wineries & Distilleries,34076667904.0,57674608640.0,6184999936.0,2414000128.0,958124992.0,3.9142597,2223599988.0,24290000896.0,2208999936.0,49322000000.0,11882999808.0,4095000064.0,0.072129995,0.19716999,0.31291,0.60003,1.604,1.77377,19804000256.0,-0.04,0.029,,57674608640.0,11090000000.0,22081000960.0,0.1072395648942543,0.0708402633379726,0.0281167452962011,0.3254426175482442,0.2409269658164713,0.3969034553423188,-0.0044225980637512,-0.1058585347524313,-0.0053882453882453,-0.1008262994224789,-0.0125293411701972,0.0846197827329902,5.42794576433757e-06,3.570089116974245,4.203804347826087,0.1685878926696273,0.1202020202020202,United Kingdom,GBP
RSG,Industrials,Waste Management,65729355776.0,79376310272.0,5194999808.0,2168999936.0,1808875008.0,38.896,307664087.0,14087000064.0,118000000.0,34366000000.0,7186999808.0,4497999872.0,0.06181,0.18346001,0.20204,0.43049,0.671,1.17578,16695000064.0,0.026,0.075,,79376310272.0,11968000000.0,13969000064.0,0.0654477361091516,0.0329989532134129,0.0275200477266883,0.1820799832693616,0.2091311123785136,0.8339672943171539,0.0708492983365007,0.1153958553577667,0.0674773727884253,0.102910020698892,0.0268477789318937,0.0606135423739275,0.0,2.68893177676129,5.519163763066202,0.3193014731003553,0.10408042578356,United States,USD
CVNA,Consumer Cyclical,Auto & Truck Dealerships,72330829824.0,51801395200.0,2342000128.0,1440999936.0,196750000.0,5.203,716288385.0,5621000192.0,2902000128.0,13201000000.0,4534000128.0,911000000.0,0.114300005,0.60172004,0.09033,0.20131001,4.087,1.21351,22521999360.0,0.52,0.119,,51801395200.0,3441000000.0,2719000064.0,0.0452111399501455,0.0199223476283395,0.0027201402289831,0.0475730751101965,0.3434588385728354,0.1365371330592481,0.1431413679257303,,0.1579989720746959,0.7765698219306467,0.1146882009410328,0.555987741631306,0.0672239271859594,1.1609734907751466,-0.7623762376237624,0.162070800370469,-0.0329566854990583,United States,USD
8053.T,Industrials,Conglomerates,7392982466560.0,11354921500672.0,625885970432.0,599847010304.0,384432242688.0,3880.866,1195115184.0,4706642952192.0,1032960999424.0,11631161000000.0,1509657018368.0,813456031744.0,0.0197,0.13518,0.059910003,0.20575,1.375,0.99398,7337259040768.0,-0.009,0.338,,11354921500672.0,4648462000000.0,3673681952768.0,0.0551202375458922,0.0811373505912171,0.0519996150980835,0.6287668097450471,0.1297941811972167,0.6408838188476947,0.098906967123199,0.6001511886351583,0.0827242020099133,0.459933160950383,0.014395780291966,0.054255472177277,-0.0097977825733045,5.869570698688685,8.100955550564551,0.1728314724543006,0.094810802195251,Japan,JPY
ALAB,Technology,Semiconductors,60678410240.0,55569408000.0,233384992.0,267624992.0,240004880.0,8.722,171407939.0,41850000.0,1184473984.0,1531823000.0,760990976.0,383400000.0,0.10067,0.21110001,0.20052,0.75988996,11.3,2.801,1001443968.0,0.934,1.444,,55569408000.0,1363634000.0,-1142623984.0,0.0041998826404628,0.0044105471936635,0.0039553587355158,0.022473133271067,0.4967877985903071,0.8967954681900561,1.2017644470675777,,0.7195539435963505,0.9853491139879984,0.022194202066669,0.4526423697117518,0.0504141515140293,-4.895876012455848,,9.161290322580646,0.1239815239126067,United States,USD
SAND.ST,Industrials,Specialty Industrial Machinery,461739458560.0,490543677440.0,26186000384.0,14830000128.0,15850975232.0,74.272,1254385923.0,41472999424.0,8226999808.0,169860000000.0,48908001280.0,22250999808.0,0.07248,0.15347,0.1737,0.40068,1.959,0.4133,122064003072.0,0.047,0.04,,490543677440.0,93166000000.0,33245999616.0,0.0533815877938879,0.0321176799016689,0.0343288296855406,0.2017717963514562,0.287931245025315,1.068845252541322,0.0241823094788125,0.3736118472457101,0.017760622562931,0.2427581839053161,0.0021570210261827,-0.0787703922249219,0.0,1.269609681832654,11.667763157894736,0.5365177372515665,0.1591213260858187,Sweden,SEK
RACE.MI,Consumer Cyclical,Auto Manufacturers,55130939392.0,54761066496.0,2417952000.0,1598139008.0,985850240.0,22.935,176080931.0,2928934912.0,1816348032.0,9628352000.0,3717467904.0,2365772032.0,0.13083,0.41968,0.29479,0.51609004,2.569,0.72246,7203091968.0,0.032,0.013,,54761066496.0,3906893000.0,1112586880.0,0.044154581981646,0.0289880605268972,0.017881977903374,0.0708657070437462,0.3860959699022221,0.6168738983686706,0.1193374245669953,0.3292274400337009,0.1102235485640455,0.2651109886273958,0.0366673305542613,0.0138153083042,0.0,0.4601360490199971,51.12716187329965,0.8077243445415286,0.2566559682121647,Italy,EUR
0388.HK,Financial Services,Financial Data & Stock Exchanges,472747638784.0,177847123968.0,23057750016.0,18865000448.0,,43.585,1264031072.0,1219000064.0,308608991232.0,580775000000.0,29105999872.0,,0.02987,0.34995997,0.77203006,0.96533996,1.048,2.186,30151000064.0,0.19,0.27,,177847123968.0,58147000000.0,-307389991168.0,0.1296492712479779,0.0399050125274543,0.0,0.1229979702269175,0.0501157933313245,0.0,0.1192768967827124,0.2045336487248892,0.1215952089288144,0.2156125743415463,0.0226334123713126,0.5218314121830364,0.0,-13.331309037295446,5.528681506849315,0.0,0.4172859450726979,Hong Kong,HKD
8591.T,Financial Services,Financial Conglomerates,6489883803648.0,12492765921280.0,1072834019328.0,447169003520.0,-1643793743872.0,4080.242,1072708118.0,6537994043392.0,961524006912.0,16866251000000.0,1438620975104.0,1369567002624.0,0.02395,0.10418,0.16694,0.43191,4.676,1.41398,3330831024128.0,0.28,-0.257,,12492765921280.0,4089782000000.0,5576470036480.0,0.0858764204891208,0.0689024668313235,0.0,0.6301780006756224,0.0852958357553199,-3.676001088922703,0.053862911299686,,0.0566008339099326,-0.460104134708553,,0.033338295930058,-0.0427987463703507,5.197887031931538,,0.2094781661675314,,Japan,JPY
BDX,Healthcare,Medical Instruments & Supplies,40628432896.0,57185120256.0,6157000192.0,1647000064.0,4531250176.0,87.584,275540427.0,17279000576.0,816000000.0,55325000000.0,10467000320.0,3828000000.0,0.04383,0.06672,0.14743,0.47090998,0.942,0.71599,22226999296.0,0.052,,,57185120256.0,25390000000.0,16463000576.0,0.107667871719724,0.0405381144829278,0.1115290414375326,0.624931807362418,0.1891911490284681,2.7512143290359945,0.0499297569954488,0.1718047838339393,0.048422626463992,0.1676822861945787,0.0052098074156897,-0.0342317494675837,0.0,2.6738671532592995,4.068515497553018,0.2215405910291463,0.0530502850336084,United States,USD
2914.T,Consumer Defensive,Tobacco,11192898682880.0,12076953108480.0,1078600990720.0,540890005504.0,128977248256.0,2301.322,1775241665.0,1987193995264.0,882317000704.0,8419240000000.0,2031148990464.0,560224993280.0,0.07012,0.13618,0.32724997,0.56582,1.881,0.4829299999999999,3589766119424.0,0.117,0.251,,12076953108480.0,4086933000000.0,1104876994560.0,0.0893106879716743,0.0483243903861395,0.011523131934829,0.3651362453812909,0.2412508718677695,0.2384537464984573,0.0927067364838882,-0.0292202611778745,0.0880012156403408,-0.0163962499114355,-0.02759082070832,0.0057949531773326,0.0,1.024361190158429,4.790003791100136,0.2819176158015583,0.1440205989290183,Japan,JPY
FNV.TO,Basic Materials,Gold,56213532672.0,55580635136.0,1920600064.0,1370899968.0,-827950016.0,58.62213,192855530.0,0.0,714700032.0,8241400000.0,1916999936.0,1725200000.0,0.13019,0.19041,0.79260004,0.91823995,6.155,0.0,2087699968.0,0.777,1.231,,55580635136.0,7635300000.0,-714700032.0,0.0345552018126545,0.0243873655121277,0.0,0.1358267242258401,0.2326061028466037,-0.6039463384100101,0.1147925260866369,,0.1035184880554184,-0.7717629786713429,0.0911175251556342,0.3018766586629597,0.0012775567747831,-0.3721232990649322,4721.0,,0.1744555577453685,Canada,CAD
WDS.AX,Energy,Oil & Gas E&P,59922677760.0,70720151552.0,7852000256.0,2718000128.0,-314375008.0,27.299528,1901100143.0,13722000384.0,5941000192.0,66501000000.0,4536000000.0,7192000000.0,0.02596,0.07203,0.1908,0.34935,1.592,0.3444,12984000512.0,-0.111,-0.144,,70720151552.0,35914000000.0,7781000192.0,0.1110291774505952,0.0453584557567008,0.0,0.5993390372813673,0.0682095006090134,-0.115664088739881,-0.0826114242716573,,-0.0864534700038614,-0.9341085271317828,-0.261754757668089,0.0854825019587359,0.001237852420523,0.9909577099229274,15.803846153846154,0.5241218334599341,0.0672680243598978,Australia,AUD
OXY,Energy,Oil & Gas E&P,57350635520.0,78508638208.0,10826999808.0,736000000.0,3033374976.0,30.917,994634701.0,16611000320.0,3811000064.0,84186000000.0,14732000256.0,9665000448.0,0.02497,0.04053,0.17725,0.69757,1.21,0.41989,21119000576.0,-0.083,3.156,,78508638208.0,36034000000.0,12800000256.0,0.1379083888745472,0.0128333364282133,0.0528917412770807,0.628310387030215,0.1749934698881049,4.121433391304348,-0.1615518427652615,-0.3066011868022466,-0.1789520512175779,-0.3695667588456356,-0.1323302142609433,-0.0147346246123237,0.0407693606802347,1.182229655766888,3.8285449490268766,0.5818433725730011,0.0552583001150378,United States,USD
ATD.TO,Consumer Cyclical,Specialty Retail,77663903744.0,84647510016.0,5707100160.0,2719699968.0,2106437504.0,21.968512,918230107.0,9043399680.0,3492900096.0,38301900000.0,13889200128.0,5521399808.0,0.06449,0.1816,0.09246001,0.18951,0.948,0.7586799999999999,73289203712.0,-0.221,,,84647510016.0,14946800000.0,5550499584.0,0.0674219496701231,0.0350188419186965,0.0271224777850898,0.1924549150821526,0.3626243117965427,0.7745109860588858,0.050704672217618,0.0592849282745446,0.0398104101025012,0.0624113475177304,0.0035165181342295,0.0291230049975818,-0.0094405965938773,0.9725603946645996,6.169779022720199,0.610544707010008,0.1292081369807656,Canada,CAD
HUM,Healthcare,Healthcare Plans,44378333184.0,36229615616.0,3361999872.0,1130000000.0,1431374976.0,154.754,120061500.0,14371000320.0,21965000704.0,48909000000.0,19215998976.0,1844000000.0,0.036429998,0.062800005,0.04671,0.14006,1.771,0.7707299999999999,137200001024.0,0.235,-0.046,,36229615616.0,17657000000.0,-7594000384.0,0.0927970063948249,0.0254628761137745,0.0322539147665884,0.3978743394167401,0.3928929026559529,1.2667035185840707,0.1176727344769554,-0.5227593913804323,0.1090462960268118,-0.4268900250190362,,0.0522816755954301,2.5714727257072445e-06,-2.258774739180002,3.464342313787639,0.128313962768042,,United States,USD
YUM,Consumer Cyclical,Restaurants,42004672512.0,54095851520.0,2992999936.0,1738000000.0,1261500032.0,-26.444,275621202.0,13144000512.0,689000000.0,8197000000.0,3875000064.0,2022000000.0,0.23302001,-0.2372696245733788,0.31083,0.45663,0.651,-1.7944028002730374,8486000128.0,0.152,0.722,,54095851520.0,,12455000512.0,0.0553277164866042,0.0413763492502764,0.0300323739374378,,0.4727339348542149,0.7258343107019563,0.0628138605145283,0.1260189217301528,0.0618442774839122,0.1146469207151887,-0.0216873651739385,0.218522372528616,-0.0089667301239199,4.161376805321789,5.145708582834331,0.1538344431859985,0.3858703786858254,United States,USD
CCI,Real Estate,REIT - Specialty,40336891904.0,70579888128.0,2729999872.0,1039000000.0,1202875008.0,-4.404,436451983.0,29878999040.0,55000000.0,31518000000.0,3110000128.0,2924999936.0,0.04048,-0.635474006116208,0.47722998,0.73819,0.267,-18.274617149847096,4212999936.0,-0.048,,,70579888128.0,,29823999040.0,0.038679572104861,0.0257580579701771,0.0298207162530714,,0.0986737777777777,1.157723780558229,-0.1517389256189778,0.2239507146129689,-0.1651340246527098,0.1507975824829089,0.0368742711904644,-0.0372067448680351,0.0020267041690148,10.924542285106744,2.189160467587673,0.0978948435348923,0.0761862494914752,United States,USD
BAYN.DE,Healthcare,Drug Manufacturers - General,35347615744.0,67092197376.0,10158000128.0,-2156000000.0,7314874880.0,29.361,982424082.0,38886998016.0,6659999744.0,104541000000.0,27107999744.0,5151000064.0,0.03637,-0.06928,0.26319,0.59918,1.055,1.3426900000000002,45241999360.0,-0.024,1.129,,67092197376.0,25947000000.0,32226998272.0,0.151403598708688,0.0,0.2069411111905517,0.734052338576876,0.259304959240872,,-0.0351460230975076,-0.0599035226759221,-0.0346835854888563,0.0033280616103967,-0.0208093475524452,-0.056914749661705,0.0,3.172573131119378,-0.3814569536423841,0.1324607279245528,-0.0120073378175551,Germany,EUR
NDAQ,Financial Services,Financial Data & Stock Exchanges,48958865408.0,58034696192.0,3216000000.0,1912000000.0,1559624960.0,21.307,565540798.0,9516999680.0,531000000.0,31053000000.0,5418999808.0,2280999936.0,0.055549998,0.162,0.48401,1.0,0.996,0.7905800000000001,5418999808.0,0.137,0.338,,58034696192.0,12227000000.0,8985999680.0,0.0554151259680983,0.039053192594769,0.0318558231895862,0.2497402645691637,0.1745080928734743,0.8157034309623431,0.0989013108210579,0.0857452120803394,0.1065254722381224,0.0880082195802142,0.0466122225978111,0.0216482974173383,-0.0071796822381622,2.7941541293532337,7.059322033898305,0.2396763699376314,0.1082192967261389,United States,USD
LR.PA,Industrials,Electrical Equipment & Parts,35144577024.0,40351920128.0,2151500032.0,1286200064.0,1137350016.0,29.6,261395129.0,6610599936.0,1942000000.0,17592800000.0,4906599936.0,1612600064.0,0.06692,0.16858,0.1912,0.50374,1.957,0.85084,9740399616.0,0.114,0.138,,40351920128.0,7294200000.0,4668599936.0,0.0533184052995556,0.0365973977470738,0.0323620345529642,0.2075483792284322,0.2788981819835387,0.8842714658736015,0.0436791465727046,0.0882472879845801,0.0419150485297742,0.0454242737398093,0.0110169631328973,0.0944199066874028,0.0,2.1699278952183625,11.07206670637284,0.2439415604653526,0.126389502668525,France,EUR
TEVA,Healthcare,Drug Manufacturers - Specialty & Generic,40126152704.0,52289458176.0,5002999808.0,1564999936.0,2611375104.0,7.066,1164426972.0,16924999680.0,3740999936.0,40748000000.0,9031999488.0,1714000000.0,0.063829996,0.21599,0.19161,0.52061003,1.013,2.056,17348999168.0,0.023,0.722,,52289458176.0,7910000000.0,13183999744.0,0.0956789376390267,0.0390019932273245,0.0650791298947452,0.1971282933190723,0.2216550379895945,1.6686103583329477,0.0495834799031276,0.0328201993265031,0.047668457976491,0.0238032266596138,0.0507320710484877,0.0361592839342928,0.0125157251604684,2.635218918641222,2.3351528384279474,0.1012703121067356,0.0783746152718745,Israel,USD
ALNY,Healthcare,Biotechnology,38368178176.0,38842540032.0,806942976.0,537988992.0,204714128.0,8.059,133512573.0,2970230016.0,3009222912.0,4966331000.0,3464971008.0,714896000.0,0.10062,0.90356004,0.23016001,0.80827004,3.127,2.76203,4286923008.0,0.964,,,38842540032.0,789176000.0,-38992896.0,0.0207747221303037,0.0140217497305233,0.0053355185920204,0.020568503314907,0.6976923221589539,0.3805173173506123,0.5297727404163555,,0.382855155648745,1.0837271437782077,-0.0208698487435674,0.1713091774188717,0.0238371463486318,-0.0483217490699119,2.279166518226476,0.2406870835420175,0.164509131761249,United States,USD
6367.T,Industrials,Building Products & Equipment,6755855630336.0,7046194790400.0,691199016960.0,275229016064.0,123613626368.0,11114.032,292841612.0,1094585024512.0,933483970560.0,5133416000000.0,1732517036032.0,465848008704.0,0.04741,0.09262,0.0794,0.34546003,1.932,0.33004,5015035969536.0,0.164,0.023,,7046194790400.0,2805493000000.0,161101053952.0,0.0980953603357255,0.040739327647579,0.01829725694743,0.4152683469733159,0.3374978836766784,0.4491300667922879,0.1519240336067486,0.2703131944891195,0.1316249645283851,0.4091311759445562,0.0022145448429885,0.051879931888456,0.0,0.233074772965603,9.74029746688357,0.4255932597942216,0.1167359121026278,Japan,JPY
AIG,Financial Services,Insurance - Diversified,39966941184.0,39320653824.0,8316000256.0,3160999936.0,9517249536.0,75.82,530206221.0,9155999744.0,9592999936.0,161254000000.0,9488000000.0,3524999936.0,0.01885,0.07723,0.18620001,0.35534,0.611,0.2264699999999999,26701000704.0,0.014,0.216,,39320653824.0,41139000000.0,-437000192.0,0.2114919119407977,0.0790903642449736,0.2381280441799246,1.029325707228984,0.0588388505091346,3.0108350929115617,-0.036944411466962,,-0.0366962315889136,,,-0.0004215172140191,0.0,-0.0525493240196456,10.795454545454543,0.3849934506944433,,United States,USD
MBG.DE,Consumer Cyclical,Auto Manufacturers,45482754048.0,127247826944.0,11079000064.0,4880999936.0,-4120750080.0,97.414,957330201.0,99530997760.0,18208000000.0,255466000000.0,20299999232.0,15825000448.0,0.01666,0.05282,0.05965,0.15545,1.389,1.04519,130591997952.0,-0.049,-0.145,,127247826944.0,93257000000.0,81322997760.0,0.087066320345696,0.1073153998293256,0.0,2.050381555645942,0.0794626260715711,-0.8442430104551429,-0.0412346663150664,-0.0614245938979189,-0.0415053040683195,-0.0283451438099208,-0.0578587529040464,-0.0360137353307422,0.0,7.340283174494258,16.78894472361809,0.158995697864488,0.0367753084789045,Germany,EUR
PEG,Utilities,Utilities - Regulated Electric,39756083200.0,63158079488.0,4794999808.0,2263000064.0,-171750000.0,34.745,498321402.0,24398999552.0,404000000.0,57576000000.0,4524000256.0,3520000000.0,0.03662,0.13441,0.2843,0.3536,0.969,1.4101,12794000384.0,0.194,0.254,,63158079488.0,16982000000.0,23994999552.0,0.0759206082083456,0.0569221080611884,0.0,0.4271547555268221,0.0785744104487981,-0.0758948277254666,0.0748083748752559,,0.0566226002988849,0.3192099394711691,0.082494129801822,0.0537335285505124,-0.0001337356800922,5.004171118415194,3.470343392299688,0.1442682103623984,0.0643375260436762,United States,USD
KDP,Consumer Defensive,Beverages - Non-Alcoholic,42408640512.0,79461736448.0,4441999872.0,1832000000.0,-16345499648.0,18.568,1360559471.0,28891000832.0,898000000.0,55459000000.0,9112000512.0,2063000064.0,0.036140002,0.06312,0.19014,0.53777003,2.307,0.85985,16944000000.0,0.094,-0.477,,79461736448.0,25516000000.0,27993000832.0,0.0559011175763426,0.0431987438852611,0.0,0.6016698411442819,0.1643015653365549,-8.922215965065503,0.0570559481072057,-0.1540584612626452,0.0537607891491985,-0.1352526991081208,0.021060063870963,0.0379749204566722,0.0014736037092274,6.301891408969405,4.563660477453581,0.0714063204662331,0.0729504547478216,United States,USD
SLF.TO,Financial Services,Insurance - Diversified,58756603904.0,-34674843648.0,5169999872.0,3008999936.0,-4171375104.0,42.446,554255267.0,14042000384.0,109036003328.0,398455000000.0,14008999936.0,5356000256.0,0.00754,0.119720004,0.08493,0.40144002,48.176,0.54114,34896998400.0,0.002,-0.484,,,25228000000.0,-94994002944.0,,0.0512112636890362,0.0,0.429364502434807,0.0351582987689952,-1.3862994990771578,1.2381970767743091,-0.1439085025851918,0.3661795888673001,-0.2114864405627676,,0.0748109764485961,-0.0350111135854434,-18.37408226225968,10.12167300380228,0.3814271549303498,,Canada,CAD
WCN,Industrials,Waste Management,40436973568.0,49727467520.0,3070896128.0,1054390976.0,1057641856.0,32.257,254080912.0,9435247616.0,114266000.0,21129363000.0,4084332032.0,2418127872.0,0.05472,0.13121,0.1875,0.42504,0.686,1.1709699999999998,9609369600.0,0.064,-0.076,,49727467520.0,8245381000.0,9320981616.0,0.061754524836096,0.0260749230954909,0.0261553168468811,0.2039069760286171,0.1933012382815326,1.0030831826845985,0.094931836306789,0.0319718097707881,0.0911687802101562,0.0263913032551454,0.0249759771738309,0.0661805752593538,-0.0093249871495823,3.035264374790341,5.238265615705827,0.2562866360708344,0.0922103443591094,United States,USD
HLN.L,Healthcare,Drug Manufacturers - Specialty & Generic,29834498048.0,37461250048.0,2743000064.0,1667000064.0,1399500032.0,1.844,8829386432.0,8632999936.0,1350000000.0,32630000000.0,7144000000.0,2633999872.0,0.04674,0.10273,0.23171,0.64769,0.922,0.52372,11029999616.0,0.006,0.92,,37461250048.0,16425000000.0,7282999936.0,0.0732223313553426,0.0558749157206534,0.0469087842452847,0.550537165853242,0.2189396261109408,0.8395320805458589,0.0052526462893978,0.085799639531046,0.0040249420345316,0.0870829546929767,0.0361572709736686,-0.049103890426927,-0.0185868553130501,2.655122043774039,7.2017291066282425,0.3051082927750412,0.09022637830812,United Kingdom,GBP
CBRE,Real Estate,Real Estate Services,39170072576.0,48958992384.0,2200000000.0,1312000000.0,1094499968.0,29.094,292816579.0,10581000192.0,1664000000.0,30877000000.0,7808000000.0,1280000000.0,0.02717,0.15597,0.026500002,0.18501,1.083,1.13689,42202001408.0,0.186,0.981,,48958992384.0,8878000000.0,8917000192.0,0.0449355653144317,0.0334949596392598,0.0279422501930878,0.226652630851638,0.2528743077371506,0.8342225365853658,0.0956752109291536,-0.0448336842663318,0.0948538398493105,0.06747220879652,-0.0271498039238273,0.2663331009309765,-0.0209260200493339,4.0531819054545455,25.699078487448364,0.1209715505881733,0.0697310987767419,United States,USD
ADM,Consumer Defensive,Farm Products,38922809344.0,49505427456.0,2539000064.0,1080999936.0,1578499968.0,47.311,481956527.0,10657000448.0,624000000.0,52389000000.0,5074999808.0,5944000000.0,0.01669,0.047659997,0.01274,0.062979996,1.311,0.46128,80583999488.0,0.016,0.009,,49505427456.0,22733000000.0,10033000448.0,0.051287307159536,0.0277729165550748,0.0405546257992122,0.5840534222256575,0.0968714769894443,1.4602220735006592,-0.0754137684490797,0.2487342444292353,-0.0800088571507653,0.16657824933687,-0.0118384895360621,-0.0165568508193951,0.00418410041841,3.951555807444045,3.0506535947712417,0.5577554424439862,0.0568254451377263,United States,USD
RKT.L,Consumer Defensive,Household & Personal Products,29350971392.0,36610142208.0,3766000128.0,3198000128.0,3002249984.0,12.0,635715204.0,8525000192.0,1952000000.0,25068000000.0,8634000384.0,2296999936.0,0.085,0.44175997,0.26674998,0.60780996,0.847,1.09562,14204999680.0,,,,36610142208.0,7746000000.0,6573000192.0,0.1028676727504505,0.1089572159397646,0.102287925803311,0.2639094937113828,0.3444231842987075,0.9387898260897132,-0.0057527194282964,-0.0487372793722368,-0.0082320576661907,-0.0391044776119402,0.0293183359293507,-0.0090916277966637,-0.0467674072441304,1.7453531515121603,10.073286052009456,0.2694428016735463,0.2313497665327397,United Kingdom,GBP
TSCO.L,Consumer Defensive,Grocery Stores,29859237888.0,40698490880.0,4398000128.0,1787000064.0,2247000064.0,1.661,6285962357.0,15079999488.0,4164000000.0,39474000000.0,5621000192.0,3905999872.0,0.04935,0.15459,0.03968,0.07626,0.592,1.31623,73712001024.0,0.072,0.537,,40698490880.0,11463000000.0,10915999488.0,0.1080629780835745,0.0598474773771158,0.0752530949526691,0.3839012918881903,0.1423975323504078,1.2574146522246572,0.0411011044587228,-0.0323168386214545,0.0388241194788137,-0.0828086600351082,0.023677433559222,0.0150167138081769,-0.0521993804253465,2.482037101023022,4.178571428571429,0.259018567945458,0.1256313382382183,United Kingdom,GBP
VTR,Real Estate,REIT - Healthcare Facilities,41163988992.0,54002569216.0,2288324096.0,260424992.0,1483115264.0,27.001,486169723.0,12726149120.0,183612992.0,27591945000.0,2475273984.0,1720189056.0,0.022119999,0.0214,0.13771,0.40493,0.206,0.93736,6112847872.0,0.219,0.1,,54002569216.0,12527253000.0,12542536128.0,0.0423743560578967,0.0063265246730731,0.036029434958022,0.3043255356626056,0.089710021674804,5.694980549332223,0.1221043634176659,0.1458473619547355,0.1143301309355259,0.1751343503601021,-0.0333336491626007,0.0536542575896518,0.0865758376517153,5.481101278409123,1.4040336727393892,0.1351696447825373,0.0328047000782972,United States,USD
SGO.PA,Industrials,Building Products & Equipment,36011147264.0,47692025856.0,6773000192.0,2883000064.0,3115875072.0,49.808,486768672.0,18087999488.0,7582000128.0,60836000000.0,12938999808.0,5638000128.0,0.05296,0.11723,0.10729,0.27836,1.268,0.72038,46483001344.0,-0.021,0.069,,47692025856.0,24541000000.0,10505999360.0,0.142015359390482,0.080058545285007,0.0865252931031972,0.6814834256761768,0.212686564008153,1.0807752351128632,-0.0316852543358709,-0.0310321912663378,-0.0322901220114987,-0.0433865296186096,0.0207080149395911,-0.0142908065718266,-0.0084689879671442,1.5511588752661296,5.157894736842105,0.3116983794554163,0.1113838879796326,France,EUR
9434.T,Communication Services,Telecom Services,10277272682496.0,17024090636288.0,1776240033792.0,541359013888.0,1615376023552.0,61.878,47801264883.0,6484582203392.0,1438798970880.0,16102195000000.0,3383994875904.0,1393760010240.0,0.0358,0.16267,0.08928,0.48077,0.634,1.38902,7038680170496.0,,,,17024090636288.0,2743630000000.0,5045783232512.0,0.1043368525074593,0.0526753576179825,0.1571794457009269,0.2669609034187526,0.2101573652476572,2.9839274531525577,0.0476976698969906,0.0701897396638437,0.0451196725378891,0.0817311200021354,,0.0373851639096384,0.003983915086074,2.840710228639553,8.499292726157202,0.2149344347136107,0.107630320916535,Japan,JPY
GRMN,Technology,Scientific & Technical Instruments,44868018176.0,42203803648.0,2166502912.0,1736195968.0,810156096.0,48.061,192856206.0,216112000.0,2700950016.0,10993669000.0,4414047232.0,1748558976.0,0.11903,0.19899,0.24617,0.59139,4.361,2.331,7463908864.0,0.142,0.215,,42203803648.0,8972564000.0,-2484838016.0,0.0513343046060415,0.038695624156823,0.018056427026085,0.1999768290367557,0.401508107257004,0.4666271036980083,0.142358869424539,0.358199595033785,0.1392131339564706,0.2322248654103347,0.0099476178128148,0.1415438635912655,0.0,-1.1469349993654658,,8.090985118827275,0.2023029249273043,United States,USD
6146.T,Technology,Semiconductor Equipment & Materials,7595595661312.0,7314640732160.0,198835994624.0,135521001472.0,,5419.012,108462025.0,0.0,284575006720.0,654087000000.0,306477006848.0,133543002112.0,,0.2752522615364617,0.4399,0.7015,3.202,0.0,436888993792.0,,,,7314640732160.0,492352000000.0,-284575006720.0,0.0271832892283807,0.017842050513862,0.0,0.0648207226864094,0.4685569455561721,0.0,0.1572478935641057,0.1011326312679479,0.1427255621040973,0.0891220625688823,0.0988571607523606,0.1762927608271079,0.000516607426425,-1.4312046833277494,,,0.3379292883257881,Japan,JPY
CMG,Consumer Cyclical,Restaurants,39142625280.0,43395227648.0,2303996928.0,1451986048.0,1087909760.0,1.871,1282734000.0,5245879808.0,871422016.0,8994531000.0,4812852224.0,2208200960.0,0.13539,0.49231997,0.13271,0.39648998,0.919,2.17885,12138590208.0,0.074,-0.179,,43395227648.0,2830607000.0,4374457792.0,0.0530933250699558,0.0370947538039022,0.0277934796712746,0.0723152057316478,0.5350865124596269,0.7492563454714408,0.1136408299076578,0.1970119050232832,0.1084186979011399,0.1670931572613764,0.0149381850017104,-0.0227981826900992,-0.0400301453319997,1.8986387259627455,,0.4209400597841528,0.2578411093784847,United States,USD
TTWO,Communication Services,Electronic Gaming & Multimedia,38834036736.0,40044404736.0,788499968.0,-298200000.0,1447787520.0,18.885,185666663.0,2958299904.0,1989299968.0,9383200000.0,3838799872.0,624300032.0,-0.00535,-0.105579995,0.02328,0.57671,1.236,0.8426,6656399872.0,0.061,,,40044404736.0,3510900000.0,968999936.0,0.0196906402579418,0.0,0.0372814067680445,0.090407804469766,0.4091141478386904,,0.0755515963947339,,0.0731377367928837,0.7471552555448409,0.1451695351209841,0.0220571416122953,0.0411043740444344,1.2289156313573877,-0.2262864228146311,0.2110333814214936,-0.0053720711173907,United States,USD
ED,Utilities,Utilities - Regulated Electric,40225017856.0,66683797504.0,6016999936.0,2156000000.0,-833249984.0,69.554,368529705.0,27177000960.0,147000000.0,74603000000.0,9157000192.0,4136999936.0,0.0317,0.08732,0.25613,0.53192,1.189,1.06177,17215000576.0,0.062,0.129,,66683797504.0,24190000000.0,27030000960.0,0.0902318128423785,0.053598484597774,0.0,0.6013670419388465,0.1227430558020454,-0.3864795844155844,0.0258723897022303,,0.0277536915865423,0.2112646121147715,0.0420821843234527,0.0572687848983872,0.0381850683989134,4.492272103623968,3.106244931062449,0.1522242995865869,0.0563326420450367,United States,USD
DHI,Consumer Cyclical,Residential Construction,42100232192.0,46902665216.0,4268600064.0,3172600064.0,2875425024.0,82.915,283579613.0,6643400192.0,1917900032.0,35471200000.0,7202100224.0,3651899904.0,0.07298,0.13084,0.11257,0.21597,6.37,0.27453,33348399104.0,-0.023,-0.132,,46902665216.0,24190400000.0,4725500160.0,0.0910097548687669,0.075358255734344,0.0682995051164206,0.5745906552172585,0.2030407830578046,0.9063307589972992,0.00761215890412,0.9948894344524908,0.0104354385458618,0.2623725587470006,-0.076775957282596,-0.017535307428755,0.0029368396904063,1.107037457046714,,0.5497034347558389,0.1320329589982183,United States,USD
6702.T,Technology,Information Technology Services,5840998236160.0,5534724390912.0,489555984384.0,303069003776.0,497066377216.0,1167.247,1734778205.0,133093998592.0,450366013440.0,3497808000000.0,1246866964480.0,338130010112.0,0.06313,0.15623,0.13057,0.35595,1.75,6.51,3502971027456.0,,,,5534724390912.0,1740965000000.0,-317272014848.0,0.0884517366732568,0.0518865083539631,0.0850995595476814,0.298059497642401,0.3564709568049475,1.6401095823820524,-0.0034244678321931,0.1080697148738287,-0.0096861556423508,0.1690287241988624,0.017120579390897,-0.0048395108935939,0.0,-0.6480811694033687,24.867068167932267,2.5405353636457977,0.1327762579634902,Japan,JPY
SSE.L,Utilities,Utilities - Diversified,28898007040.0,38083059712.0,2988600064.0,1281600000.0,-2119212544.0,10.5,1206093793.0,10410399744.0,1542899968.0,35353600000.0,3774200064.0,3435200000.0,0.03847,0.097040005,0.22631,0.37050998,1.199,0.63473,10186500096.0,-0.021,0.437,,38083059712.0,15649700000.0,8867499776.0,0.0784758390371215,0.0443490790982934,0.0,0.5415494562769683,0.1067557494569152,-1.6535678401997502,-0.0657149404628754,,-0.0669148968134552,-0.4874377288278014,0.3832955011317897,0.1643415141814541,0.0938769916781986,2.967108206553261,7.004248366013072,0.3299777227075133,0.0711152549571311,United Kingdom,GBP
A,Healthcare,Diagnostics & Research,36662489088.0,38908690432.0,2015000064.0,1414000000.0,930625024.0,25.236,282431944.0,3542000128.0,1807000064.0,12727000000.0,3807000064.0,1452000000.0,0.08613,0.21330999,0.23706,0.52641,2.099,0.49733,7232000000.0,0.1,0.6,,38908690432.0,6741000000.0,1735000064.0,0.0517879178565924,0.0385680305722291,0.025383574523984,0.1838664031735476,0.2991278434823603,0.6581506534653465,0.0048440980706059,0.0410595657089594,-0.0003389955414716,0.0232669322709163,-0.0191928087959152,0.0743710957285159,-0.0074989004551727,0.8610421880363771,13.8125,0.409937873384515,0.1490366088631984,United States,USD
PCG,Utilities,Utilities - Regulated Electric,37085462528.0,100462198784.0,10312999936.0,2844000000.0,-5572125184.0,14.381,2202224728.0,62940999680.0,1131000064.0,141611000000.0,10165999616.0,8297999872.0,0.02528,0.08826999,0.23921,0.39353,1.199,1.87872,25833000960.0,0.15,0.398,,100462198784.0,32540000000.0,61809999616.0,0.1026555267635899,0.0766877316914341,0.0,0.8774327669617679,0.0717882058314678,-1.959256393811533,0.047731573367945,,0.0408790932517651,0.2712411456729288,0.0722590451039862,0.0594867574442615,0.0016356493047841,5.993406380255794,1.8001981505944518,0.1318377514527586,0.0434997725658561,United States,USD
RWE.DE,Utilities,Utilities - Diversified,40972886016.0,58652491776.0,1064000000.0,2360000000.0,-10523374592.0,49.62,713564711.0,24533999616.0,12954999808.0,101717000000.0,6111000064.0,5461000192.0,-0.00416,0.06825,-0.28781,0.37570998,1.258,0.57294,16264999936.0,-0.328,-0.974,,58652491776.0,34381000000.0,11578999808.0,0.0181407467574187,0.0575990668335741,0.0,0.8391158969513192,0.0600784535918283,-4.4590570305084745,-0.2286809314834337,,-0.2450932088097952,-0.3985949343686448,0.152423117813262,0.0332683204323357,0.0,10.882518616541354,6.988155668358714,0.2225890713896716,0.0524191501243844,Germany,EUR
UCB.BR,Healthcare,Biotechnology,51188166656.0,50213543936.0,2614000128.0,1558000000.0,1825874944.0,57.086,190361362.0,2244999936.0,2363000064.0,18158000000.0,5751000064.0,2291000064.0,0.06995,0.14912,0.30395,0.74293,1.376,0.20659,7741000192.0,0.266,0.263,,50213543936.0,10867000000.0,-118000128.0,0.0520576705625815,0.0304367220351967,0.035669864018972,0.2122951594072422,0.3167199065976429,1.1719351373555842,0.1195187229590153,0.3504007671454014,0.1228124239721028,0.3799747155499368,0.0465343031861893,0.0467515997002363,0.0,-0.0451415922807483,15.234375,1.020490035328001,0.1417460202078941,Belgium,EUR
JBL,Technology,Electronic Components,38454648832.0,39786905600.0,2376999936.0,809000000.0,1203750016.0,12.701,105502622.0,4437000192.0,1830000000.0,18543000000.0,2952000000.0,1728000000.0,0.053489998,0.59696996,0.046729997,0.09037,1.013,3.2891000000000004,32667000832.0,0.231,0.962,,39786905600.0,1513000000.0,2607000192.0,0.0597432723192225,0.0210377685032138,0.0313031077532113,0.039345047892908,0.159197540850995,1.4879481038318911,-0.0380290251472923,0.6393889054772124,-0.0531178812123123,0.3833441769681197,0.0101671930854518,0.0686992104201486,0.0061903968263016,1.096760732937605,7.068027210884353,0.3894523158046327,0.2151584178919031,United States,USD
EBS.VI,Financial Services,Banks - Regional,40277721088.0,117870002176.0,,3507436032.0,,60.218,388406224.0,81920000000.0,16862999552.0,368574000000.0,11998000128.0,-3567000064.0,0.01118,0.12521,0.43902,0.0,,3.1151842415484654,11998000128.0,0.289,0.183,,117870002176.0,26297000000.0,65057000448.0,0.0,0.0870812930139926,0.0,0.6528919534088214,0.032552486415211,0.0,0.1188982811530696,,0.1031787086949164,0.4244787613156924,,0.0419465364000271,0.0,,,-0.04354248125,,Austria,EUR
STLD,Basic Materials,Steel,39197753344.0,42310868992.0,2315760128.0,1371879936.0,-31788876.0,61.799,144212781.0,4200793088.0,556526976.0,16419780000.0,2668861952.0,1445246976.0,0.06657,0.15247,0.103369996,0.14038,3.13,0.45994,19012243456.0,0.191,0.931,,42310868992.0,8957182000.0,3644266112.0,0.0547320389103295,0.0349989430251362,0.0,0.2285126374818386,0.1625394464481253,-0.0231717624595393,-0.06533213396467,-0.4792584117948618,-0.0703762743027792,-0.7433146485935254,-0.1432176452520439,0.0993989849371616,0.0009958447843355,1.5736803082223203,22.31506360378625,0.3440414573449231,0.1093205915484958,United States,USD
IRM,Real Estate,REIT - Specialty,36546441216.0,56508923904.0,2449746944.0,272304000.0,-499464512.0,-4.084,297524681.0,19716626432.0,250710000.0,21125019000.0,3986277888.0,1481250048.0,0.04557,-0.2775760009867412,0.20955999,0.55018,0.769,-20.098354478612283,7245357056.0,0.216,8.6,,56508923904.0,,19465916432.0,0.0433515058287385,0.007450903314788,0.0,,0.1886993752763015,-1.8342165814677716,0.1058460301330026,,0.1026270938358044,-0.738019793814433,-0.0172505037845044,0.1286471766615742,0.0074797788610754,7.946092750386548,1.2494949566548763,0.0751269520223772,0.0571532077207436,United States,USD
AXON,Industrials,Aerospace & Defense,34632298496.0,37180067840.0,102861000.0,205988000.0,62617500.0,43.863,80602077.0,1840359040.0,736972992.0,7000313000.0,1773918976.0,154028000.0,0.00084,0.06765,0.03748,0.59463,2.271,0.52074,2983247872.0,0.337,0.898,,37180067840.0,3242658000.0,1103386048.0,0.0027665629993643,0.0059478581828402,0.0018080665367108,0.0936310363683924,0.25340566571809,0.3039861545332737,0.327872639391876,-0.2522192343291907,0.2785320813508291,-0.0636233092134296,,0.5644597893705521,0.0372307874432884,10.726962094477011,1.201341284832021,0.0836945382135868,0.0204717182088204,United States,USD
CVE.TO,Energy,Oil & Gas Integrated,75487870976.0,85341913088.0,10682999808.0,4631000064.0,3668375040.0,17.375,1864819000.0,13752000512.0,2575000064.0,63424000000.0,12124999680.0,9093999616.0,0.05667,0.14832,0.18501,0.24870001,1.566,0.42271,48753000448.0,-0.071,0.78,,85341913088.0,31622000000.0,11177000448.0,0.1251788180209209,0.0613476046432988,0.048595555717372,0.4189017333665913,0.191173683148335,0.7921345258698749,-0.0975163640344634,-0.2426491300464771,-0.0921940466775479,-0.2591814401400744,-0.0147557268917169,0.121774350448363,0.0348595979919322,1.0462417531478438,7.7730711043872915,0.6612855786374189,0.0899667308702504,Canada,CAD
GALD.SW,Healthcare,Drug Manufacturers - Specialty & Generic,39689027584.0,41064878080.0,1134000000.0,613000000.0,905000000.0,27.731434,234568725.0,2753999872.0,780000000.0,13393000000.0,3608999936.0,1184999936.0,0.042529996,0.07692,0.17802,0.68861,1.186,0.33796,5240999936.0,0.248,1.291,,41064878080.0,8150000000.0,1973999872.0,0.0276148390795368,0.0154450748056906,0.0228022719398858,0.2053464268619557,0.2694691208840439,1.4763458401305056,0.1108000171244265,,0.1038321633876029,1.0546235239993866,0.0008557032455155,0.0615043195688356,0.0,1.7407406278659612,4.645714285714286,0.4302832211605854,0.0717057682130887,Switzerland,CHF
FANG,Energy,Oil & Gas E&P,55483424768.0,75183128576.0,10149000192.0,279000000.0,1397250048.0,129.653,281313297.0,13898000384.0,174000000.0,71059000000.0,10446000128.0,8231000064.0,-0.00122,0.0047400002,0.0579,0.72246003,0.561,0.32594,14458999808.0,0.042,-0.984,,75183128576.0,36972000000.0,13724000384.0,0.1349903945768994,0.0050285288113813,0.0251831975737348,0.666361172811444,0.1470046036110837,5.008064688172043,0.1599344500427681,,0.1712201016941423,-0.673336668334167,-0.3507797595775905,0.0559799084586577,-0.0219581035714244,1.3522514655993416,8.071698113207548,0.5922434765130598,0.032185257075791,United States,USD
ORA.PA,Communication Services,Telecom Services,47215566848.0,81806966784.0,10083999744.0,327000000.0,2350000128.0,11.186,2659282959.0,45780000768.0,15297000448.0,107415000000.0,14913999872.0,10780000256.0,0.02559,0.03212,0.16113001,0.36918998,1.114,1.3807900000000002,40396001280.0,,,,81806966784.0,29739000000.0,30483000320.0,0.1232657821261777,0.0069256819695229,0.0497717232870528,0.6298558290264329,0.138844666685286,7.186544733944954,0.0106958632981455,0.1046207212823135,0.0110095885514326,0.0503453568687643,0.007432015714692,0.0340893775150663,0.0,3.0229076848338323,2.6159582401193138,0.2354740077578847,0.0430545668769483,France,EUR
AD.AS,Consumer Defensive,Grocery Stores,32105914368.0,47413354496.0,5391000064.0,2262000128.0,2654374912.0,16.796,880579129.0,19420000256.0,3865999872.0,49089000000.0,24310999040.0,6449999872.0,0.045939997,0.14973,0.040359996,0.26613,0.772,1.31305,91350999040.0,-0.043,0.033,,47413354496.0,14195000000.0,15554000384.0,0.1137021440753534,0.0704543126251697,0.0826755743996383,0.4421303762694942,0.4952433139807289,1.1734636435882642,0.0201616105745001,0.0692228585907173,0.0187193468876162,0.0576927884014498,-0.0023669510213012,-0.053103661124185,-0.0292327397914054,2.8851790390184644,4.517618469015796,0.332131811893628,0.1151261805233008,Netherlands,EUR
WEC,Utilities,Utilities - Regulated Electric,37534085120.0,59846483968.0,3932499968.0,1637699968.0,-2067012480.0,41.829,325725678.0,22317799424.0,45600000.0,51518300000.0,4211800064.0,3435200000.0,0.030439999,0.11679,0.28952998,0.41764,0.679,1.53184,10084800512.0,0.09,0.079,,59846483968.0,13644000000.0,22272199424.0,0.0657097912402458,0.0436323401186979,0.0,0.3635095928508407,0.081753475250542,-1.26214356743518,0.0069911115987619,,0.0034155227376227,-0.4285675833295949,0.0778861887712487,0.0877284474022025,0.0244920771193467,5.663623548693186,2.8696235057535477,0.1539219855298937,0.0559304429623145,United States,USD
SYY,Consumer Defensive,Food Distribution,37687963648.0,51054460928.0,4565000192.0,1736999936.0,1868375040.0,4.767,478182608.0,15399999488.0,1902000000.0,26774000000.0,15491000320.0,2656000000.0,0.08294,0.81894994,0.03748,0.18537001,1.329,6.704400000000001,83567001600.0,0.047,-0.135,,51054460928.0,1830000000.0,13497999488.0,0.0894143255853358,0.0460889835339293,0.0495748472231173,0.0485566165657537,0.5785837125569583,1.075633338422875,0.0583698271498915,0.1147186524509218,0.0533739657573523,0.0812124678295682,0.0044645084892771,0.0745274310711562,0.0,2.95684532755437,4.803149606299213,0.1724675382015181,0.1809230039150551,United States,USD
VMC,Basic Materials,Building Materials,35535970304.0,40455766016.0,2350599936.0,1117900032.0,244387504.0,65.276,129754885.0,5191300096.0,140200000.0,16700400000.0,2232000000.0,1802599936.0,0.06059,0.13458,0.15553,0.27684,2.589,0.61249,8062400000.0,0.074,0.297,,40455766016.0,8525100000.0,5051100096.0,0.0581029644839836,0.0314582667206407,0.0068771867465369,0.2399005831857192,0.1336494934253072,0.2186130217411068,0.0277436927656908,0.2845667895921915,0.0198779218476551,0.2471666878899783,0.0609009761548424,-0.0236424863196295,-0.0110650088532019,2.148855710681003,6.799332498957029,0.3472347779295092,0.1035168283124686,United States,USD
G.MI,Financial Services,Insurance - Diversified,61739012096.0,96073039872.0,7857999872.0,4150000128.0,3450125056.0,21.324,1495978000.0,39570001920.0,7944999936.0,558529000000.0,11902000128.0,19669000192.0,0.00849,0.13688,0.11055,0.20591,2.229,1.13746,57803001856.0,,,,96073039872.0,32064000000.0,31625001984.0,0.0817919354115303,0.067218440773672,0.0558824143579636,0.519347474335071,0.0213095472714935,0.8313554095389175,0.3089288675297192,0.2683319868654055,0.1974004538890035,0.3792090595417146,,0.0369110010823414,-0.012511042901171,4.024561275024668,6.25304347826087,0.4970684669605393,,Italy,EUR
HIG,Financial Services,Insurance - Diversified,35361505280.0,35747147776.0,5520999936.0,4040999936.0,5603250176.0,67.497,274130820.0,4373000192.0,4393999872.0,85997000000.0,10990000128.0,5982000128.0,0.03884,0.22735001,0.15296,0.38172,1.792,0.23151,28790999040.0,0.061,0.414,,35747147776.0,18979000000.0,-20999680.0,0.1544458867206938,0.114276807618977,0.1584562119636101,0.5367135773695209,0.1277951571333883,1.38659991703598,0.0870319652978497,0.1449464764948376,0.0822941404425719,0.1553913717385688,,0.0627803798954484,0.0,-0.0038036008410488,24.91959798994975,1.3679395987549958,,United States,USD
EME,Industrials,Engineering & Construction,35310653440.0,34118787072.0,1850836992.0,1337624064.0,891520000.0,87.006,44440278.0,516518016.0,916419968.0,9291399000.0,3424219904.0,1194150016.0,0.117539994,0.39229,0.08726,0.19294001,1.26,13.355,17747283968.0,0.197,0.3,,34118787072.0,3673944000.0,-399901952.0,0.0542468578409374,0.0378816004148123,0.0252479043333161,0.1040463328225511,0.3685365254468137,0.6664951864980803,0.1532003149027665,0.3839851620705465,0.1428263164808815,0.2883534204325143,0.0484919088229199,0.2040992043903996,0.0010870281492747,-0.2160654632085503,144.22995008319467,2.311923261162685,0.3916548193488294,United States,USD
8750.T,Financial Services,Insurance - Life,6231445995520.0,6847971983360.0,489897984000.0,436596998144.0,1108229619712.0,1181.413,3600951015.0,3176795996160.0,2565670961152.0,69592967000000.0,1879765942272.0,792158011392.0,0.003,0.11062,0.01031,0.18341999,1.11,0.7467400000000001,10248653897728.0,0.263,-0.355,,6847971983360.0,3469704000000.0,611125035008.0,0.0715391338034692,0.070063513100793,0.1778446961602081,0.5568055957629239,0.0270108607709166,2.538335408679287,0.0512250484626699,,0.0656261523582225,0.7827306980361708,,0.0303915991856063,-0.0289424810609062,1.247453663757065,12.402883679428944,0.2493575326679878,,Japan,JPY
IBKR,Financial Services,Capital Markets,145976885248.0,-38501691392.0,,1038000000.0,,12.537,445484364.0,32355999744.0,124586000384.0,203240000000.0,5994999808.0,16837999616.0,0.024249999,0.2356,0.76811,0.93017995,1.101,1.5219200000000002,6445000192.0,0.168,0.229,,,5363000000.0,-92230000640.0,,0.0071107148110232,0.0,0.0367386931902869,0.0294971452863609,0.0,0.3459787421885367,0.5924065256034745,0.2489957800552083,0.4841373845731874,0.0832632915684028,0.3536518762238414,0.0226624425474884,,2.1308366911590424,0.5203980637044723,0.1955921066945151,United States,USD
WAT,Healthcare,Diagnostics & Research,35402383360.0,40799137792.0,1135047936.0,449628992.0,-502370624.0,43.011,98185855.0,5601999872.0,462000000.0,5076550000.0,2079463936.0,389555008.0,0.03313,0.05212,0.02841,0.55154,1.788,0.36634,3770286080.0,0.914,,,40799137792.0,2561242000.0,5139999872.0,0.0278203902687022,0.0127005288719634,0.0,0.072346598079435,0.4096214823058967,-1.1173003363626517,0.0212299126818125,0.0802635699799108,0.0193149295410032,0.1009501269561944,0.0128127534659815,0.1147954618071301,0.0012272799793816,4.528442992560977,11.854057629263243,0.069538560674926,0.2148592760429819,United States,USD
6301.T,Industrials,Farm & Heavy Construction Machinery,5774254800896.0,7095922982912.0,729153011712.0,376190992384.0,13521125376.0,3896.1,901522990.0,1419553013760.0,439701012480.0,5773523000000.0,1259853971456.0,448962985984.0,0.058140002,0.113900006,0.12184,0.30485,2.111,0.38279,4132751015936.0,0.061,-0.157,,7095922982912.0,3173399000000.0,979852001280.0,0.1027566129829628,0.0651497042225476,0.002341622571609,0.5495772371367434,0.2182123413132674,0.0359421826937264,0.1356477711071915,0.3114676214178244,0.1181353815825917,0.4140241841334587,,0.0242815953288616,-0.0234722229667201,1.3438221958095962,11.501753654894609,0.3162706722694507,0.160622167455554,Japan,JPY
7182.T,Financial Services,Banks - Regional,11027786760192.0,-23479936090112.0,,525582991360.0,,2585.099,3561946621.0,27770585350144.0,62620182773760.0,233601531000000.0,1862972997632.0,-5084401893376.0,0.00235,0.05881,0.43028,0.0,,3.0719154145006176,1862972997632.0,0.56,0.415,,,9040153000000.0,-34849597423616.0,,0.0476598797917678,0.0,0.8197613171695574,0.0079750033728674,0.0,-0.0080673355771763,-0.1582989791953858,0.012871336165761,-0.1116100055552669,,-0.0013101690113279,-0.0036673184224594,,,-0.1830858741099469,,Japan,JPY
PYPL,Financial Services,Credit Services,35866406912.0,38229692416.0,6572000256.0,5058999808.0,4083500032.0,22.448,882105493.0,11669999616.0,9342000128.0,80173000000.0,13806999552.0,6390000128.0,0.04738,0.25120002,0.17969999,0.40929002,1.259,0.5828,33734000640.0,0.072,-0.062,,38229692416.0,20256000000.0,2327999488.0,0.171908269218757,0.1410512020457612,0.1138530559255369,0.5647624544521311,0.1722150792910331,0.8071753680525144,0.0642694523281814,0.0289803654404314,0.0621243599600844,0.0723612521931849,-0.0343023187383561,0.0183931406795808,0.0097744360902255,0.354229975246063,15.267573696145124,0.5475578696025897,0.1996145864215831,United States,USD
KR,Consumer Defensive,Grocery Stores,39885312000.0,72768610304.0,8090999808.0,1009000000.0,3398874880.0,9.252,616560677.0,24692000768.0,3334000128.0,49953000000.0,35582001152.0,7311000064.0,0.05763,0.14405,0.034360003,0.241,0.801,4.1597,147642007552.0,0.012,0.509,,72768610304.0,5927000000.0,21358000640.0,0.111188048998034,0.0252975330868666,0.0852162038998215,0.1486010689849937,0.7123095940584149,3.368557859266601,-0.0013868956327633,0.3451223737416764,-0.00321315477977,0.2097514941805599,0.0186670122325127,-0.0506119811464193,0.0002085940759282,2.6397232909191537,2.877934272300469,0.2960877950998126,0.0577484691474328,United States,USD
U11.SI,Financial Services,Banks - Regional,62897569792.0,43468197888.0,,4536000000.0,,29.355,1652589791.0,56228999168.0,78316003328.0,572061000000.0,11617999872.0,,,0.09151,0.52656,0.0,,1.0971940206056825,11617999872.0,-0.044,,,43468197888.0,51248000000.0,-22087004160.0,0.0,0.0721172537349279,0.0,0.814785057188621,0.0203090227650547,0.0,0.060476617520446,-0.8302238584189974,0.0526500317034053,-0.6124144226380648,,0.0639748988215688,-0.0109793150725266,,,0.0,,Singapore,SGD
XYZ,Technology,Software - Infrastructure,39686729728.0,40435023872.0,1575778944.0,807083008.0,-794561728.0,36.879,535195000.0,8133390848.0,7320968192.0,39549887000.0,11034558464.0,3411973120.0,0.02053,0.03743,-0.02632,0.45078,1.986,0.37514,24478734336.0,0.049,,,40435023872.0,22204278000.0,812422656.0,0.0389706445824847,0.0203363445043591,0.0,0.5594887296630621,0.2790035396055619,-0.9844857593631806,0.1133377071512014,6.810920250814379,0.101145058930211,0.8789062807978565,0.086431085141193,0.0753799154077367,-0.0283987115847636,0.5155689248757979,84.06900739759303,0.4195019253057295,0.1044267927227672,United States,USD
PRU,Financial Services,Insurance - Life,36578545664.0,56285990912.0,5103249920.0,3425999872.0,10378999808.0,92.061,347325107.0,55523999744.0,38684000256.0,773740000000.0,18325999616.0,9784999936.0,0.00409,0.10711,0.04721,0.28956,0.81,1.58972,63288999936.0,0.153,-0.143,,56285990912.0,32438000000.0,16839999488.0,0.0906664311547547,0.0936614567312284,0.2837455568446735,0.8868039833504081,0.0236849582753896,3.029480500809546,0.022764276690355,,0.0466921648627173,,,0.0518674201691982,0.0,3.2998578850710096,,0.1762300983559344,,United States,USD
IFC.TO,Financial Services,Insurance - Property & Casualty,50259316736.0,52931665920.0,5863000064.0,3348000000.0,4330749952.0,111.853,176788893.0,4961999872.0,3398000128.0,62868000000.0,4989000192.0,4236000000.0,0.051420003,0.17187999,0.17292999,0.18932,0.35,0.23328,26352001024.0,0.045,0.117,,52931665920.0,20836000000.0,1563999744.0,0.1107654550843201,0.0666145148288869,0.0861681024186695,0.4145699017248176,0.0793567505249093,1.2935334384707289,0.0497489615604511,0.0650299766782134,0.0507648163821398,0.1249154453213077,,0.0561435339179518,-0.0041058685126359,0.266757586035735,20.142222222222223,0.8536880510423358,,Canada,CAD
CCL,Consumer Cyclical,Travel Services,36643868672.0,61200777216.0,7255000064.0,3096000000.0,2174000128.0,9.409,1239000212.0,26606999552.0,1424000000.0,51687000000.0,15098000384.0,6556000256.0,0.05523,0.27853,0.0983,0.55966,0.299,2.03901,26976999424.0,0.061,,,61200777216.0,12284000000.0,25182999552.0,0.1185442472142868,0.0844888957471264,0.059327800442129,0.3352266134876295,0.292104405053495,0.7021964237726098,0.2981448600373693,,0.2191185424570277,0.9712796455564244,0.3671051261529102,0.0536111054487636,0.0042758275382475,3.471123270826756,3.054855448480356,0.2464013367304769,0.1067754890529861,United States,USD
DOL.TO,Consumer Defensive,Discount Stores,52474474496.0,54029475840.0,1851128960.0,1309437952.0,1162095104.0,5.338,272241115.0,5395701760.0,340488000.0,7558352000.0,3268665088.0,1761155968.0,0.15547,0.99044,0.24458,0.45049,1.129,3.70612,7255754240.0,0.117,0.032,,54029475840.0,1455888000.0,5055213760.0,0.0342614643436822,0.0249538078194535,0.0221459121822855,0.0277446894701342,0.4324573780104446,0.8874762658475321,0.1281975984307257,0.276619105791686,0.1163908982346081,0.2027940240763405,0.0154406263118456,0.1659459672920955,-0.0153257375533768,2.7308814616567827,9.64297612165512,0.3263997986426885,0.3169484972479833,Canada,CAD
ROP,Technology,Software - Application,33418782720.0,43797590016.0,3194700032.0,1714099968.0,2169925120.0,183.77,100917359.0,10464000000.0,382900000.0,34577000000.0,5632099840.0,2603699968.0,0.04319,0.09012,0.27185,0.69404,0.534,0.55606,8114999808.0,0.113,0.592,,43797590016.0,19881500000.0,10081100000.0,0.0729423703640525,0.0512915141871451,0.064931303398474,0.5949199336964958,0.1628857286635625,1.2659268190360295,0.1373170674363193,0.5419864981219746,0.1276419050782709,0.3102391506594429,-0.0061721646920855,0.1034731463840406,0.0036730945821854,3.155570131474553,6.957230769230769,0.2488245382262996,0.0732900289776152,United States,USD
CRDO,Technology,Semiconductors,48793464832.0,42472787968.0,470048992.0,472279008.0,,11.174,184449940.0,20617000.0,1443286016.0,809257000.0,908348992.0,,0.17916,0.34408,0.35661998,0.68035007,10.153,0.999,1335116032.0,1.57,3.416,,42472787968.0,681582000.0,-1422669016.0,0.011067062335398,0.0096791447302645,0.0,0.0139687149159573,1.1224481122807712,0.0,0.6007886216145644,,0.4344426867851059,0.8398190944784056,0.0465128606801106,0.3444325937149047,0.0417759654301451,-3.026639861404064,,0.0,0.0541618083489892,United States,USD
ERIC-B.ST,Technology,Communication Equipment,377428803584.0,348921036800.0,35869999104.0,25166999552.0,29486125056.0,30.73,3059218974.0,39289999360.0,63089999872.0,279223000000.0,110984003584.0,35998998528.0,0.06922,0.27007,0.107659996,0.48048002,1.121,0.38097,230988005376.0,-0.103,-0.785,,348921036800.0,109535000000.0,-23800000512.0,0.1028026267288679,0.066680124338732,0.0781236746533511,0.2902136746318092,0.3974744329227893,1.1716186109144966,-0.0447728407864385,0.0576905325859413,-0.0471097387042918,0.2219352210226115,0.0588110135439102,-0.0449800597864379,0.0068991228343229,-0.663507139852311,15.08679661640309,0.916238206016606,0.2437576506661279,Sweden,SEK
MTB,Financial Services,Banks - Regional,32759758848.0,38021443584.0,,2772000000.0,,173.831,146445060.0,19451000832.0,16657000448.0,213510000000.0,9310000128.0,3380000000.0,0.013789999,0.102910005,0.38896,0.0,,0.6666552706583954,9310000128.0,0.057,0.244,,38021443584.0,29177000000.0,2794000384.0,0.0,0.0846160074883833,0.0,0.8906353717491199,0.04360451561051,0.0,0.0632623693255096,-0.1311199054363415,0.0517174835970667,-0.1333520297272663,,0.0259724658225415,0.0,,,0.1737699786861024,,United States,USD
MLM,Basic Materials,Building Materials,33261223936.0,38614577152.0,2110000000.0,965000000.0,841750016.0,188.106,60045900.0,5688000000.0,273000000.0,18711000000.0,1888999936.0,1794000000.0,0.04775,0.0947,0.12702,0.29748,2.279,0.5035000000000001,6350000128.0,0.172,12.208,,38614577152.0,10032000000.0,5415000000.0,0.0546425768614357,0.0290127627851824,0.0253072471902917,0.3016124728092748,0.1009566530917642,0.8722798093264249,-0.0005954960264881,0.2431981565804934,-0.0037273337810611,0.1526439878747053,0.0761854730055172,0.0297743533296642,-0.0133641718212381,2.566350710900474,6.330434782608696,0.3154008438818565,0.0817242927705433,United States,USD
KVUE,Consumer Defensive,Household & Personal Products,34780958720.0,42383155200.0,3470000128.0,1622000000.0,1858000000.0,5.525,1920008668.0,8801999872.0,1075000064.0,27076000000.0,8961000448.0,2257999872.0,0.07072,0.15701,0.21617001,0.58599,0.983,0.82975,15292000256.0,0.045,0.469,,42383155200.0,10765000000.0,7726999808.0,0.0818721520761153,0.0466347122015157,0.0534200340754724,0.3095084320895913,0.3309573219087014,1.1454993834771887,0.0038646439492577,-0.0713225595619821,0.0034966296557492,-0.1339741968125474,0.027147089080325,0.0576149369165267,0.0059874158507403,2.226801015264977,5.648837209302326,0.2565325954142436,0.1149496001135772,United States,USD
SDZ.SW,Healthcare,Drug Manufacturers - Specialty & Generic,28678864896.0,32527366144.0,1892000000.0,914000000.0,924625024.0,17.33975,432692617.0,5698999808.0,1739000064.0,22032000000.0,5299999744.0,1594000000.0,0.043070003,0.104169995,0.14308,0.47504002,1.184,0.6072500000000001,11157000192.0,0.107,,,32527366144.0,9384000000.0,3959999744.0,0.0581664064536931,0.0318701595517987,0.0322406422762207,0.3272096031007433,0.2405591750181554,1.0116247527352298,0.0623349303357425,0.0058286078917508,0.0583745652280409,0.0756868843960601,0.0031548428394984,0.1067463706233988,0.0,2.0930231205074,6.486363636363636,0.2796982020884462,0.0942723128757349,Switzerland,CHF
ZTS,Healthcare,Drug Manufacturers - Specialty & Generic,34171285504.0,41392054272.0,4073999872.0,2672000000.0,1780875008.0,7.839,419228118.0,9253999616.0,1940999936.0,15467000000.0,6847000064.0,2790000128.0,0.15525,0.67748,0.36561,0.71839,3.153,2.86236,9530999808.0,0.029,0.06,,41392054272.0,3331000000.0,7312999680.0,0.0984246842456401,0.0781943073135841,0.0521161256222431,0.0974795051128551,0.4426844290424775,0.6664951377245509,0.0542258768150962,0.1985444056898977,0.0551447081789119,0.1885228480340063,0.0221030688153848,0.0863946056051134,0.0,1.795041705882508,16.135135135135137,0.3014912733707207,0.2707073760580411,United States,USD
7267.T,Consumer Cyclical,Auto Manufacturers,5556658503680.0,14358703767552.0,888917000192.0,-423941013504.0,-1265908449280.0,3035.907,3892580441.0,13796360847360.0,5363801784320.0,30775867000000.0,3603182125056.0,1135260991488.0,-0.00806,-0.028499998,-0.1728,0.16531,1.281,1.13568,21796610899968.0,0.086,,,14358703767552.0,12326529000000.0,8432559063040.0,0.0619078862954737,0.0,0.0,2.2183348125202453,0.1170781679377546,,0.1422569311243284,,0.1355258005824839,-0.7851855662930532,0.0099401896739676,0.03364384877486,0.0,9.486328938718266,24.99766878540077,0.0822869888696219,0.0619360571028635,Japan,JPY
ASSA-B.ST,Industrials,Security & Protection Services,364334645248.0,430562017280.0,28519999488.0,15788999680.0,17268000768.0,97.647,1053250365.0,66465001472.0,2512999936.0,208371000000.0,64776998912.0,22093000704.0,0.07067,0.15045,0.1527,0.43120998,1.002,0.61185,150219997184.0,-0.058,0.444,,430562017280.0,101597000000.0,63952001536.0,0.0662390047040612,0.0433365310873813,0.0473959888065154,0.2788562694355999,0.3108733888688925,1.0936728809915337,0.0805783999373803,0.1466348731700602,0.0739568855481491,0.1109673651164488,0.0294778053630799,-0.0681290668813309,0.0,2.2423563353466496,6.977985524728589,0.3324005147777994,0.144212251715477,Sweden,SEK
TCL.AX,Industrials,Infrastructure Operations,48269242368.0,68295098368.0,2252999936.0,478000000.0,570625024.0,2.822,3120183769.0,20882999296.0,1348000000.0,35567000000.0,2376000000.0,1619000064.0,0.0208,0.053629998,0.35603002,0.60612,0.706,2.28429,3920000000.0,0.082,,,68295098368.0,9171000000.0,19534999296.0,0.0329891894123935,0.0099027864650489,0.0118217108039444,0.1899967670940676,0.0668034976242022,1.19377620083682,0.0344247478998294,,0.027284493916645,,0.0485451637070484,-0.0307134681419305,0.0051746442432082,8.670661274266454,1.123819517313746,0.0775271808925506,0.0338945502879929,Australia,AUD
HAL,Energy,Oil & Gas Equipment & Services,33399201792.0,39313350656.0,4123000064.0,1540000000.0,2027000064.0,12.91,835397735.0,8080999936.0,2003000064.0,25010000000.0,3388000000.0,2822000128.0,0.07375,0.14626999,0.12569,0.15283,2.083,0.74651,22168999936.0,-0.003,1.335,,39313350656.0,10461000000.0,6077999872.0,0.1048753157693707,0.0461088863617354,0.0606900750689652,0.3132110780715031,0.1354658136745302,1.3162338077922078,0.0300761574836285,0.1074549620836109,0.025268251868435,0.0900472653612424,-0.0061759663088956,-0.0225505139328565,-0.0013125802816901,1.4741692402748408,6.03125,0.3492142247679384,0.1093090309957779,United States,USD
LUMI.TA,Financial Services,Banks - Regional,98446909440.0,25186783232.0,,10204999680.0,,46.576,1474639161.0,113407000576.0,186108002304.0,872971000000.0,21284999168.0,9514000384.0,0.01224,0.15385,0.69957,0.0,,1.6645677466020845,22198999040.0,-0.006,-0.012,,25186783232.0,68130000000.0,-72701001728.0,0.0,0.1036599293776672,0.0,0.6920481342435933,0.0243822522947497,0.0,0.0908577413484217,0.2524661905066094,0.0796843608549367,0.3951579150703454,,0.1112849452167968,0.0003525204984478,,,0.0838925316398273,,Israel,ILS
FER.MC,Industrials,Engineering & Construction,40569479168.0,48645304320.0,1456999936.0,868000000.0,321375008.0,8.198,716016287.0,10732000256.0,4241999872.0,27420000000.0,8417999872.0,1926000000.0,0.02368,0.14317,0.12369,0.87442,1.131,1.40013,9626999808.0,0.057,-0.876,,48645304320.0,5908000000.0,6490000384.0,0.0299515021309255,0.0213953942175489,0.0079215956080967,0.1456267154807364,0.307002183515682,0.3702477050691244,0.084331731956794,0.2423122423167123,0.0787692660945437,0.1951738241308793,0.0417670900512847,-0.0544501534535673,0.0057506185670545,4.4543587296355245,3.442922374429224,0.1794632830839917,0.0719602977667493,Spain,EUR
CSL.AX,Healthcare,Biotechnology,51353731072.0,61430366208.0,4840000000.0,1396000000.0,1848125056.0,55.107155,478911979.0,11137999872.0,1144999936.0,39403999999.9997,7992000000.0,3604000000.0,0.06578,0.06662,0.31649,0.51873,2.571,0.54438,15406999552.0,-0.018,-0.801,,61430366208.0,19335000000.0001,9992999936.0,0.0787883956871104,0.027184003398755,0.0359881359624844,0.3765062361854808,0.2028220485229941,1.3238718166189112,0.1371577218496926,,0.1214172171394256,,-0.0244407556950689,0.0363473778338805,0.0019852841844996,2.064669408264463,10.47582697201018,0.323576947514621,0.1190262800312244,Australia,AUD
EQT,Energy,Oil & Gas E&P,32559257600.0,42240528384.0,7665675776.0,3284336896.0,2503225856.0,40.159,625478000.0,5992411136.0,326568000.0,41792874000.0,7581796864.0,6439832064.0,0.07727,0.13402,0.57368,0.80966,0.658,0.2081599999999999,9364126720.0,0.499,4.9,,42240528384.0,23752677000.0,5665843136.0,0.1814767965569206,0.1008725977830649,0.0768821539714713,0.7295214556734856,0.1814136272130986,0.7621708537417959,-0.11718245847505,0.1117277517152808,-0.1456505896249244,0.104325121565539,-0.2050785697235199,0.0492745778303453,0.0455811148156214,0.7391185463046643,7.787271338857293,1.074664591238087,0.0869093856718803,United States,USD
ALC.SW,Healthcare,Medical Instruments & Supplies,25965148160.0,29773981696.0,2264999936.0,819000000.0,1191750016.0,36.224884,487700000.0,5262000128.0,1659000064.0,31555000000.0,5932000256.0,2304999936.0,0.02469,0.037100002,0.10791001,0.55783004,2.204,0.23774,10634000384.0,0.094,-0.446,,29773981696.0,22014000000.0,3603000064.0,0.0760731285162404,0.0315422810204368,0.0458980633831284,0.8478287843515236,0.1879892332752337,1.4551282246642248,0.0606432932246876,0.5046933972932166,0.0572497661365762,0.425248508946322,0.0076679317893262,0.0398062411440999,5.587352411446868e-05,1.590728550025001,6.686274509803922,0.4380463473831371,0.047849575527959,Switzerland,CHF
HBAN,Financial Services,Banks - Regional,34339594240.0,40816877568.0,,2068999936.0,,14.629,2027130587.0,23893000192.0,20139999232.0,225106000000.0,8297999872.0,2492999936.0,0.00899,0.083859995,0.40698,0.0,,0.981554522717936,8297999872.0,0.336,-0.265,,40816877568.0,24342000000.0,3753000960.0,0.0,0.0602511468696958,0.0,0.7088610258430357,0.0368626330351034,0.0,0.0387765489896121,-0.165610221752254,0.0352605376700962,-0.2194959953115842,,0.1022180874504235,0.0782545377748174,,,0.1043401798002212,,United States,USD
TWLO,Technology,Software - Infrastructure,31116677120.0,30152718336.0,439796992.0,103956000.0,879865344.0,51.175,151773860.0,1068131008.0,2346262016.0,9770890000.0,2582917120.0,965408000.0,0.01674,0.01317,0.07653,0.48719,4.656,13.722,5301663744.0,0.2,3.75,,30152718336.0,7821546000.0,-1278131008.0,0.0145856498607927,0.0033408451551268,0.0282763272121518,0.2513618652093402,0.2643481934603705,8.463824541152025,0.098152832966645,,0.0920118348941551,0.7186372231631384,0.0151963068982199,-0.0095871743389469,-0.0013062714732244,-2.906184060485798,,0.9038292051905304,0.0196626880005835,United States,USD
PRU.L,Financial Services,Insurance - Life,23879249920.0,26874806272.0,6473999872.0,3977999872.0,2782500096.0,5.906358,2500444903.0,6034999808.0,3851000064.0,212195000000.0,5970999808.0,2449999872.0,0.01894,0.20577998,0.45484,0.41388,2.392,0.28254,14426999808.0,0.188,0.308,,26874806272.0,20117000000.0,2183999744.0,0.2408947549789429,0.1665881418104442,0.1165237645789503,0.8424468970924862,0.0281392106694314,0.6994721431705466,,0.3098126175237015,0.6807126184918783,0.3448347645068956,,0.1667014889265213,-0.0411315931182275,0.3373493647174418,28.0,0.4059651946885364,,United Kingdom,GBP
POW.TO,Financial Services,Insurance - Life,53244207104.0,-99992535040.0,7402999808.0,2703000064.0,-26356750336.0,36.515,575322676.0,21473599488.0,196672995328.0,925735000000.0,20718000128.0,6935000064.0,0.00455,0.10466,0.18761998,0.52502,79.199,0.47533,39460999168.0,0.074,0.21,,,24432000000.0,-175199395840.0,,0.0507660872612926,0.0,0.4588668200519514,0.0223800549055615,-9.750924791691014,,0.0639404263592193,0.4628365471256082,0.0578249029491859,,0.0873615008474685,-0.0140758476840204,-23.666000322014327,7.562189054726368,0.3229547085422477,,Canada,CAD
SE,Consumer Cyclical,Internet Retail,50444226560.0,43590955008.0,2507181056.0,1603036032.0,885241600.0,21.016,566956729.0,3584398080.0,10540638208.0,29370979000.0,11153126400.0,5325496832.0,0.04873,0.14856,0.08355,0.44267,1.578,0.27612,25194858496.0,0.466,0.031,,43590955008.0,12526503000.0,-6956240128.0,0.0575160845991988,0.031778384590619,0.0175489180897057,0.2483238192799045,0.3797328784988747,0.5522281360672496,0.2259378555374607,,0.2158525177872152,0.7332189668053231,0.0300765917683616,0.298137908213085,0.0388174825281017,-2.774526439306344,68.86251115739363,1.4857436906115071,0.1575494493727855,Singapore,USD
8725.T,Financial Services,Insurance - Property & Casualty,6604676661248.0,5532121825280.0,1251490004992.0,787339018240.0,582619627520.0,3286.984,1450939519.0,998406029312.0,2192178020352.0,26241298000000.0,2087626997760.0,762608025600.0,0.02587,0.17839001,0.15012999,0.28521,1.408,0.20692,7319566942208.0,0.183,1.056,,5532121825280.0,4000616000000.0,-1193771991040.0,0.2262224232433019,0.1192093207014356,0.088213194589591,0.6057247319120169,0.0795550204018109,0.7399857164736671,0.0823752273537858,0.543387230534123,0.0933558930724632,0.4909215094507401,,-0.0266655593556829,0.0001147284982311,-0.9538805633910205,78.00772299074939,0.7638255411232963,,Japan,JPY
GIVN.SW,Basic Materials,Specialty Chemicals,29164263424.0,32832346112.0,1620999936.0,1071000000.0,1130749952.0,491.592,9229197.0,4416000000.0,742000000.0,11864000000.0,3252000000.0,1512000000.0,0.07126,0.2342,0.16906999,0.43522,1.736,0.96673,7472000000.0,-0.018,-0.047,,32832346112.0,4537000000.0,3674000000.0,0.0493720409278804,0.0367230258631749,0.0387717644557234,0.1555671039600605,0.2741065407956844,1.0557889374416434,0.0163578186550903,0.2329358126963183,0.0216074145801632,0.1796776454099509,0.0471399721810942,-0.0194230928175882,0.0,2.2665022486466038,12.548672566371682,0.3423913043478261,0.1489808783357848,Switzerland,CHF
NTAP,Technology,Software - Infrastructure,31015102464.0,30625495040.0,1884000000.0,1276000000.0,1295250048.0,6.893,195919927.0,2732999936.0,3584000000.0,10744000000.0,4898999808.0,2067000064.0,0.09824,1.06734,0.27259,0.70744,1.436,2.02295,6925000192.0,0.125,0.234,,30625495040.0,1351000000.0,-851000064.0,0.0615173729449697,0.0411412472836768,0.0417619141998137,0.043559424044081,0.4559754102755026,1.015086244514107,0.0286683341119526,0.2913080509292804,0.030512496650974,0.2006066012488849,0.0458524156856424,-0.0072992700729927,-0.0248756218905472,-0.4516985477707006,16.119266055045873,0.7563117864632105,0.2613416629480886,United States,USD
SUNB.L,Industrials,Rental & Leasing Services,24599603200.0,35639287808.0,4629600256.0,1385500032.0,4048378880.0,13.7217655,413299803.0,10467000320.0,39000000.0,21691700000.0,10359499776.0,2152900096.0,0.06711,0.18141001,0.18695,0.94782996,1.018,1.37452,10929699840.0,0.027,-0.068,,35639287808.0,7668100000.0,10428000320.0,0.1299015928977342,0.0563220479914082,0.1645709016964956,0.3117164101248592,0.47757897149601,2.921962314324941,0.1066673802919053,0.1600850423197657,0.0985702647657841,0.1761932144910868,-0.0044485896074808,0.0018659387658015,-0.0128609942541876,2.252462360326948,4.610769786772678,0.2056845352231727,0.1267661612448083,United Kingdom,GBP
NTR.TO,Basic Materials,Agricultural Inputs,44541386752.0,56783536128.0,5594999808.0,2387000064.0,1606249984.0,73.01525,480023548.0,13946000384.0,777000000.0,52301000000.0,8673000448.0,4238000128.0,0.04227,0.098129995,0.06498,0.32269,1.239,0.55359,26876999680.0,0.19,12.5,,56783536128.0,25323000000.0,13169000384.0,0.0985320779492825,0.0535906094996653,0.0360619662100636,0.568527426884906,0.1658285778092197,0.6729157691384126,-0.1080276247812555,-0.2917443447863035,-0.1204738015142282,-0.4174155346569139,-0.0966670552730419,0.0088927469135802,-0.0184577257122434,2.353708817857389,5.18244170096022,0.3038864198557016,0.0915656810470189,Canada,CAD
KMB,Consumer Defensive,Household & Personal Products,33881151488.0,40400502784.0,3351000064.0,1720999936.0,1054625024.0,5.411,331940357.0,7105999872.0,542000000.0,17098000000.0,6150000128.0,3195000064.0,0.10163999,1.11727,0.19649,0.37147,0.766,3.71264,16556000256.0,0.027,0.179,,40400502784.0,1502000000.0,6563999872.0,0.0829445138818201,0.0507952020641784,0.0311271895340843,0.0443314330840254,0.3596911994385308,0.6127978287153173,-0.0658332979237716,-0.0407708900132383,-0.0653224320915931,-0.0417529880478087,0.0518736787287678,0.0333615375317297,0.0,1.9588181875964297,9.015625,0.4496200565087767,0.2314248470871352,United States,USD
EXPN.L,Industrials,Consulting Services,22618025984.0,28269551616.0,2980000000.0,1502000000.0,904374976.0,4.6125655,892934295.0,5607000064.0,359000000.0,12886000000.0,3528000000.0,2239000064.0,0.09678,0.28258,0.24937001,0.41776,0.854,1.0043,8445000192.0,0.123,0.231,,28269551616.0,5054000000.0,5248000064.0,0.1054137695736702,0.0664072099423051,0.0399846996656452,0.223450092575506,0.2737855036473692,0.6021138322237017,0.0615965771748387,0.0165340154627107,0.0607839575689323,0.0175206611570247,0.0052761649685663,0.1002390710382513,0.0008097859181085,1.7610738469798657,9.751412429378531,0.3993222825830879,0.1746256576284905,United Kingdom,GBP
PAYX,Technology,Software - Application,35744890880.0,39456006144.0,1608000000.0,,,11.202,358290881.0,5013400064.0,1780600064.0,16564100000.0,2666400000.0,1179200000.0,,0.0,0.44375,0.67197996,1.152,1.2491,3968000000.0,0.199,0.091,,39456006144.0,4128000000.0,3232800000.0,0.0407542515613817,0.0,0.0,0.1154850357176415,0.1609746379217705,,0.0650636405371585,0.0549016607508778,0.0615805518643007,0.0577121200402196,0.0176312073655795,0.5952942762758714,0.0011108025548458,2.0104477611940297,21.644212523719165,0.2352096351670689,0.2374424946397718,United States,USD
6701.T,Technology,Information Technology Services,5313993375744.0,5234129633280.0,514415001600.0,270227996672.0,227444621312.0,1656.115,1328498366.0,489215000576.0,659034013696.0,4315368000000.0,1181295968256.0,438463004672.0,0.051230002,0.12557,0.15059,0.32972,1.572,0.21439,3582733058048.0,,,,5234129633280.0,1952018000000.0,-169819013120.0,0.0982809058318333,0.0508521515863135,0.0428010735486014,0.367335422153533,0.2737416526831547,0.8416767474617738,0.0433616767825568,0.3637034228003035,0.0421007686384272,0.3481432679414341,0.0157040332751159,0.0207814805580773,0.0,-0.3301206469325485,15.462331865613123,0.8962582998390385,0.0955833661452554,Japan,JPY
MSTR,Technology,Software - Application,41239642112.0,55459254272.0,-13990264832.0,-12773697536.0,-8699502592.0,105.951,333680884.0,8257384960.0,2207218944.0,61641082000.0,334075008.0,-50863000.0,-0.17813998,-0.30756,-116.41528,0.68114,6.053,18.094,490467008.0,0.119,,,55459254272.0,51042972000.0,6050166016.0,0.0,0.0,0.0,1.2377161727392247,0.0054196811146176,,-0.0149308043758072,,-0.0204312126655421,-0.7430831749381633,-0.1068086049285926,1.3851506470536226,0.2696889782441424,,-84.05655091737471,-0.0061596982878221,-0.0892542713778093,United States,USD
ACGL,Financial Services,Insurance - Diversified,32147337216.0,31711971328.0,5896999936.0,4832000000.0,5276125184.0,66.454,349389588.0,2728999936.0,3620999936.0,79241000000.0,7785999872.0,5902000128.0,0.045679998,0.21305999,0.25282,0.39369,0.566,11.282,19776999424.0,-0.033,0.946,,31711971328.0,24206000000.0,-892000000.0,0.1859550097030158,0.1503079389603401,0.1641232413294258,0.752970606472267,0.0982572137151222,1.0919133245033112,0.2614046974297357,0.1761954101127858,0.2210302025907261,0.1442578670148111,,0.1175499957690463,0.0070517125587642,-0.1512633558895802,34.641891891891895,2.162697056215688,,United States,USD
COIN,Financial Services,Financial Data & Stock Exchanges,41113055232.0,38091476992.0,1002446976.0,800601984.0,2407562752.0,51.177,222426875.0,7964423168.0,10438001664.0,29671832000.0,5372901888.0,1756433024.0,0.01926,0.06686,-0.07097,0.85475,2.141,0.5908100000000001,6285964800.0,-0.308,,,38091476992.0,14793058000.0,-2473578496.0,0.02631683135339,0.0194731814379209,0.0585595679623949,0.3598141251367266,0.18107752456943,3.00719058922542,0.3100276522124539,,0.3076025352026122,0.4436391659970689,-0.0564105883138282,0.3162938735870733,0.0559690900488881,-2.4675404836574617,18.820062519756945,0.2205348695002942,0.0766540696357511,United States,USD
DANSKE.CO,Financial Services,Banks - Regional,267804000256.0,1187201155072.0,,22965999616.0,,205.84,809075540.0,1549290045440.0,629637971968.0,3753911000000.0,56663998464.0,-114713001984.0,0.0060799997,0.13637,0.54247004,0.0,,8.551959270928782,56663998464.0,0.009,0.014,,1187201155072.0,181162000000.0,919652073472.0,0.0,0.0857567459561704,0.0,0.6764723448000145,0.0150946568695954,0.0,0.0886851718996026,,0.0792790908788456,0.1737374399479981,,0.0101906813755065,-0.031535584534626,,,-0.0740423023575429,,Denmark,DKK
4519.T,Healthcare,Drug Manufacturers - General,12224727875584.0,11591873462272.0,638875992064.0,452196007936.0,308219609088.0,1159.167,1645763056.0,0.0,850094981120.0,2468595000000.0,922572029952.0,441643008000.0,0.17375,0.23707001,0.49345002,0.71449,4.698,0.0,1291228938240.0,0.115,0.187,,11591873462272.0,2025732000000.0,-850094981120.0,0.0551141275086676,0.0369902718930173,0.0252127991906957,0.1657077376786374,0.373723526926045,0.6816062142937422,-0.0004725482007807,0.1680840869181348,0.0044910821529508,0.1238825779489937,0.0889438887303578,0.1178342607883722,0.0,-1.3306103088544936,2888.9565217391305,,0.2906482470627231,Japan,JPY
NTRS,Financial Services,Asset Management,31026874368.0,37239001088.0,,1811800064.0,,65.402,185047258.0,17407500288.0,11795300352.0,177132700000.0,8363500032.0,2463699968.0,0.01101,0.14462,0.31721002,0.0,,1.3433889972912278,8363500032.0,0.139,0.426,,37239001088.0,12957900000.0,5612199936.0,0.0,0.05839454024632998,0.0,0.4176347203495403,0.04721601393757335,0.0,0.06147673310710999,0.4180915053147298,0.07345001086538622,0.2534949789271034,,0.13905551082771092,0.0,,,0.1415309451236012,,United States,USD
CNC,Healthcare,Healthcare Plans,31640041472.0,24994695168.0,2904999936.0,-6444000256.0,6847499776.0,43.395,493797000.0,16371000320.0,23740999680.0,76747000000.0,18830000128.0,7944000000.0,0.01222,-0.26044,0.05069,0.10559,1.123,0.7604900000000001,178331992064.0,0.051,0.183,,24994695168.0,19953000000.0,-7369999360.0,0.11622465953172292,0.0,0.2164187990101001,0.6306249635499845,0.24535161150272974,,0.10452664402969458,-0.06326784209561909,0.09735737986636075,-0.24366701304699226,-0.04403471915888979,-0.06911274182788525,0.005269310458807311,-2.537004999094086,-8.923303834808259,0.48524829544441667,-0.1510574018126888,United States,USD
K.TO,Basic Materials,Gold,40110137344.0,38087458816.0,4960099840.0,2865100032.0,2846512384.0,10.586208,1194109463.0,756499968.0,2184999936.0,12411100000.0,5471099904.0,4292900096.0,0.20349,0.35467,0.55086,0.68721,2.842,8.204,7961299968.0,0.608,1.339,,38087458816.0,8576000000.0,-1428499968.0,0.13022921439737356,0.07143082077799429,0.07096740556102345,0.2138112848243056,0.44082312639492066,0.9935123912629937,0.2684268233983613,1.0782498421986966,0.23518022387872148,0.6515803048561342,0.3778108147023091,0.14223788838168164,-0.02382390282738931,-0.2879982286808162,40.05501222493888,5.6746864211367685,0.29755255868864366,Canada,CAD
ADS.DE,Consumer Cyclical,Footwear & Accessories,30858713088.0,35620294656.0,2469499904.0,1376000000.0,,34.141,177348936.0,5952000000.0,873000000.0,20262000000.0,12968999936.0,,0.06625,0.22917,0.1071,0.51362,1.351,0.93747,25250000896.0,0.071,0.133,,35620294656.0,5776000000.0,5079000000.0,0.06932845244119926,0.04459032351984516,0.0,0.18717566035655933,0.6400651434211825,0.0,0.032959181527404846,,0.03962264150943396,0.3184174624829468,0.04326622642863043,-0.019026870007262164,0.0,2.0566917179357787,8.982456140350877,0.0,0.1833810888252149,Germany,EUR
WOW.AX,Consumer Defensive,Grocery Stores,46530715648.0,61997015040.0,3300000000.0,598000000.0,2267749888.0,3.794,1221599192.0,17198000128.0,1288999936.0,33829000000.0,19207999488.0,4905999872.0,0.03636,0.1188,0.025910001,0.2733,0.557,3.6152999999999995,70282002432.0,0.034,-0.493,,61997015040.0,4860000000.0,15909000192.0,0.05322836910568783,0.012851725826093187,0.04873662174369487,0.10444713631239613,0.5677968455467203,3.7922238929765886,0.04318181454330916,,0.04320101319132379,,-0.024127259612056973,-0.003152993870815653,5.322576496281014e-06,4.820909149090909,6.7012448132780085,0.28526571900720943,0.07500464425041799,Australia,AUD
IQV,Healthcare,Diagnostics & Research,29985255424.0,44646174720.0,3000999936.0,1384999936.0,2156750080.0,37.274,166900000.0,16216999936.0,2103000064.0,29944000000.0,5487000064.0,2704000000.0,0.051269997,0.22490999,0.13611001,0.32991,0.747,2.5542599999999998,16632000512.0,0.084,0.15,,44646174720.0,6503000000.0,14113999872.0,0.06721740339056757,0.04618936595388996,0.07192702044731464,0.2168732568072454,0.18324205396740584,1.5572203463264276,0.04214942539507627,0.08948392261043803,0.04006611137475658,0.11082609295269617,-0.015999771941193175,0.11320123424662627,0.0034856700232378003,4.703099024657893,3.1824417009602195,0.16673860829199427,0.10737758030176803,United States,USD
REP.MC,Energy,Oil & Gas Integrated,26290612224.0,34820583424.0,5152999936.0,2395000064.0,222624992.0,20.337,1096355778.0,14120999936.0,8169999872.0,59428000000.0,14609999872.0,5383000064.0,0.03652,0.09488,0.12274,0.29479998,1.429,0.49173,49558999040.0,0.084,1.733,,34820583424.0,25140000000.0,5951000064.0,0.1479871796877564,0.091097158316217,0.0084678511897403,0.9562348638290882,0.2458437078818065,0.0929540651569686,-0.0995924402556619,-0.2777395540684491,-0.1019196697062791,-0.5023311994202199,-0.0253577603349726,-0.0594752002025765,-0.0449472044294244,1.154861272639457,6.968220338983051,0.3812053033352552,0.0722095371915342,Spain,EUR
8630.T,Financial Services,Insurance - Property & Casualty,5508702404608.0,5183873482752.0,943981985792.0,640085983232.0,2185942138880.0,5791.946,892242030.0,748023971840.0,1171060948992.0,15890039000000.0,933199020032.0,706419032064.0,0.0311,0.15766,0.11921,0.16320999,14.265,14.138,5717827780608.0,0.117,2.133,,5183873482752.0,4205191000000.0,-423036977152.0,0.1820997346738604,0.1161954188515559,0.3968161607444016,0.7633723318366917,0.0587285544127361,3.4150757806669585,0.0834758150175858,-0.0378877495932946,0.0919189710428201,-0.0009342089283796,,-0.0346234575960457,0.0,-0.4481409428560995,19.32236769111284,0.9443802052577812,,Japan,JPY
WDAY,Technology,Software - Application,33131489280.0,33407090688.0,1512000000.0,847000000.0,3118749952.0,30.12,201000000.0,3804999936.0,4352999936.0,18074000000.0,7465999872.0,3177999872.0,0.04343,0.10858,0.13297,0.75766,1.009,0.56936,9854000128.0,0.135,2.48,,33407090688.0,7805000000.0,-548000000.0,0.0452598525900107,0.025564803104438,0.0941325011273384,0.2355764914169291,0.4130795547194865,3.682113284533648,0.15396978072353,0.2905389661322468,0.1422806850316144,0.2320636864666258,0.0321107629524713,0.0053957835011403,0.0203880000587656,-0.3624338624338624,9.850877192982455,0.835216800382096,0.096015731874145,United States,USD
EXR,Real Estate,REIT - Industrial,33153193984.0,46284357632.0,2284812032.0,942353024.0,1340995200.0,63.128,211260936.0,13941396480.0,141698000.0,29264046000.0,2602944000.0,1858643968.0,0.03375,0.0683,0.43982,0.74831,0.689,0.98092,3478423040.0,0.038,-0.106,,46284357632.0,13433166000.0,13799698480.0,0.0493646698127734,0.0284242002280319,0.0404484467061356,0.4051846710903014,0.0889468257396807,1.4230284891620404,0.2062919778549843,0.145988279785294,0.1819170278098704,0.147460564134183,-0.0485400366311565,0.0144246071624005,-0.0039632348817199,6.039752192621506,2.6753950359925183,0.1333183494685318,0.0615467292593561,United States,USD
AEE,Utilities,Utilities - Regulated Electric,30450980864.0,51522273280.0,3827000064.0,1524000000.0,-1869374976.0,48.992,276751616.0,21304000512.0,13000000.0,48476000000.0,4311000064.0,3343000064.0,0.03086,0.117469996,0.27786,0.50451,0.622,1.55674,8544999936.0,0.037,0.196,,51522273280.0,13401000000.0,21291000512.0,0.0742785560567563,0.0500476489347413,0.0,0.4400843460462397,0.0889306061556234,-1.226624,0.0340970992300448,,0.0332381818752156,0.0373956594323873,0.0538979238660671,0.0869545719538992,0.0240829937013708,5.56336560123977,3.0579896907216493,0.1569188877045404,0.0532432856918485,United States,USD
FFH.TO,Financial Services,Insurance - Property & Casualty,46587830272.0,59248799744.0,7604800000.0,4691700224.0,2420187392.0,1719.6901,19076032.0,14048799744.0,6691800064.0,107787700000.0,16572499968.0,1453500032.0,0.04338,0.17221001,0.14423001,0.42960998,2.549,0.45824,38575898624.0,-0.078,-0.271,,59248799744.0,26514300000.0,7356999680.0,0.1283536549745908,0.1007065621345277,0.05194891837353,0.5691250235350733,0.1537513089898012,0.5158444223737343,0.1579597292884362,,0.1309110089698536,0.8937376278837438,,0.1137704813008835,-0.041192846043889,0.9674152745634336,8.835868110475728,0.1034607979675107,,Canada,CAD
KBC.BR,Financial Services,Banks - Regional,44150697984.0,45936021504.0,,3454000128.0,,64.041,396681919.0,49092001792.0,47139999744.0,397372000000.0,12110000128.0,-9098999808.0,0.00921,0.13389,0.25792,0.0,,1.7592546780863645,12110000128.0,0.064,0.002,,45936021504.0,27905000000.0,1952002048.0,0.0,0.0782320616822799,0.0,0.6320398379684198,0.0304752225320354,0.0,0.0804195557224463,-0.3409994656383111,0.0777556529049958,0.083157746874561,,0.0652034054598872,0.0002841184572119,,,-0.1853458705259553,,Belgium,EUR
GEHC,Healthcare,Medical Devices,28929298432.0,37549899776.0,3521999872.0,1908999936.0,1483624960.0,23.452,454891786.0,10577000448.0,2260999936.0,36906000000.0,8211999744.0,2027000064.0,0.05174,0.19462,0.11089,0.39144,1.222,0.97055,20978999296.0,0.074,-0.309,,37549899776.0,10379000000.0,8316000512.0,0.0937951870180778,0.0659884628895241,0.0512845122562286,0.358771230639984,0.2225112378475044,0.7771739181451707,0.0398969763910512,-0.0584423324152028,0.0356669650850492,-0.0643944004869141,0.0084364112197709,0.1153555562271449,0.0034931625605016,2.361158663892194,7.290909090909091,0.1916422405355276,0.1153915326786806,United States,USD
Q,Technology,Semiconductor Equipment & Materials,30533167104.0,33206061056.0,1448999936.0,650000000.0,702374976.0,34.301,209339207.0,4533000192.0,857000000.0,14070000000.0,2281999872.0,1200999936.0,0.050630003,0.07481,0.22814,0.46091998,2.124,0.60756,4951000064.0,0.176,-0.217,,33206061056.0,7095000000.0,3676000192.0,0.0436366100019014,0.0212883255047212,0.0230036724853212,0.2323702607015346,0.1621890456289978,1.080576886153846,-7.010656220396427e-05,0.0128041585582996,0.0066446669276805,0.0372066067806432,0.0080886890534817,0.1464189684673674,,2.5369222597398378,15.8,0.2649459265674789,0.0807770961145194,United States,USD
DTE,Utilities,Utilities - Regulated Electric,30686257152.0,57125695488.0,3547000064.0,1262000000.0,-2188124928.0,59.237,208028313.0,26972000256.0,238000000.0,54066000000.0,4737999872.0,3295000064.0,0.027780002,0.10423,0.10231,0.28689,0.953,2.18787,16515000320.0,0.158,-0.444,,57125695488.0,12303000000.0,26734000256.0,0.0620911488901713,0.0411259018572666,0.0,0.4009286612915626,0.0876336305996374,-1.7338549350237715,-0.0630799339817085,,-0.069915676249917,0.1043697903510987,0.1123224033371719,0.1068664783196167,0.0027685843514966,7.537073519488947,2.4678030303030303,0.1221637265581375,0.0535585835542676,United States,USD
VICI,Real Estate,REIT - Diversified,30801295360.0,48016138240.0,3990516992.0,3104275968.0,1285280000.0,26.369,1076780187.0,17701677056.0,486896000.0,46724168000.0,4005734912.0,2549996032.0,0.05381,0.11331,1.0749099,0.99141,11.12,0.61853,4040432896.0,0.035,0.601,,48016138240.0,27797640000.0,17214781056.0,0.0831078287065511,0.1007839420945704,0.0417281151645694,0.9024828233717506,0.0857315407306985,0.4140353542175796,0.1549005493277442,0.0891802256319107,0.1266270145179068,0.0843630827356856,0.0020184490780539,0.0298712731661793,0.0117806498223673,4.313922504405164,4.343921509126211,0.1440539234747634,0.0796664611123403,United States,USD
SWED-A.ST,Financial Services,Banks - Regional,382737219584.0,1184066043904.0,,31911000064.0,,200.851,1123714665.0,1122453028864.0,316877996032.0,3062782000000.0,68207001600.0,-66671001600.0,0.0101499995,0.15973,0.55335,0.0,,4.970961412494132,68207001600.0,-0.032,-0.105,,1184066043904.0,225802000000.0,805575032832.0,0.0,0.0833757430194124,0.0,0.5899661398110848,0.0222696233685583,0.0,0.098027074605717,,0.0769078534901463,0.1955520574899478,,0.0176379881429924,0.0,,,-0.0593975871466761,,Sweden,SEK
DOV,Industrials,Specialty Industrial Machinery,29081479168.0,30433421312.0,1865912960.0,1096936960.0,840764352.0,55.62,134661414.0,3290113024.0,1641916032.0,13422423000.0,3315464960.0,1367559936.0,0.07056,0.14998001,0.16395001,0.40041,1.865,0.43927,8280135168.0,0.101,0.053,,30433421312.0,7405206000.0,1648196992.0,0.061311311037654,0.0377194348906097,0.0289106460900084,0.2546364975873843,0.2470094229633502,0.7664655150283203,0.0104459788013719,0.2324998065651715,0.0102862327538413,0.1143507644389175,0.0273369865167707,0.0730075400746333,0.0006302633147586,0.8833193333948439,13.519148781109935,0.4156574336578171,0.1360998700102183,United States,USD
SIKA.SW,Basic Materials,Specialty Chemicals,23672811520.0,28746510336.0,1944400000.0,1044000000.0,1172487552.0,41.489,160439241.0,5542099968.0,807600000.0,15148300000.0,6153600000.0,1707900032.0,0.06099,0.15245,0.107080005,0.54936004,1.251,0.83131,11201300480.0,-0.079,-0.465,,28746510336.0,6656400000.0,4734499968.0,0.0676395144062052,0.0441012255396016,0.0495288677903519,0.2811833311128394,0.4062238006905065,1.123072367816092,0.0220515673223542,0.1691451766510345,0.0237432542488164,0.1160099510472674,0.0556649640895465,-0.051945451017943,0.0,2.4349413536309403,9.58581380620646,0.3081683913789698,0.1302458459182005,Switzerland,CHF
CBOE,Financial Services,Financial Data & Stock Exchanges,31741491200.0,30957561856.0,1784199936.0,1229500032.0,1003075008.0,51.336,104653784.0,1584600064.0,2136199936.0,9305300000.0,2592800000.0,2799699968.0,0.10593,0.2514,0.39723,0.54107,1.385,0.29489,4792000000.0,0.065,0.544,,30957561856.0,5138300000.0,-551599872.0,0.0576337356378146,0.0387347911367188,0.0316013826092707,0.1618796031863808,0.2786369058493547,0.8158397575381275,0.0599672607896029,0.4167882287249906,0.0625874358400793,0.3020814146251612,0.060752277322171,0.1946566355548137,-0.0003687816992962,-0.3091581054736682,30.95411089866157,1.7668180328938825,0.2331700993806711,United States,USD
RMD,Healthcare,Medical Instruments & Supplies,28020541440.0,27261220864.0,2119501056.0,1519565952.0,1446655104.0,44.759,145056384.0,843169024.0,1660513024.0,8174391000.0,3443436032.0,1889964032.0,0.14715,0.25246,0.35327,0.62181,3.008,12.988,5537788928.0,0.108,0.105,,27261220864.0,5967859000.0,-817344000.0,0.0777478406625186,0.0542304278899758,0.0516283779561398,0.2129815732782642,0.4212467977125146,0.952018635384639,0.1287918773821492,1.0377475102618,0.1172115695662569,0.551997963031183,0.0278754419105775,0.1894531949128644,0.0039352441603284,-0.3856303811155072,36.91681981272425,2.241500788340156,0.2358253097611537,United States,USD
SEB-A.ST,Financial Services,Banks - Regional,358951321600.0,718949974016.0,,30735998976.0,,110.288,1927200256.0,1189482987520.0,828516007936.0,3670681000000.0,74095001600.0,-40988000256.0,0.00749,0.13635,0.52808,0.0,,5.165758230892501,74095001600.0,-0.068,-0.013,,718949974016.0,230263000000.0,360966979584.0,0.0,0.0856272066056101,0.0,0.6414880964182527,0.0201856281164176,0.0,0.0613005662923837,,0.0520514681623226,0.7070642733063115,,-0.0233285386863092,-0.027211088247186,,,-0.0344586687544455,,Sweden,SEK
NTRA,Healthcare,Diagnostics & Research,30863630336.0,30158278656.0,-267576992.0,-226315008.0,136918256.0,12.429,143215382.0,240080992.0,1087932032.0,2398344000.0,1627248000.0,211020000.0,-0.09117,-0.15019,-0.123900004,0.65066004,2.959,13.533,2500926976.0,0.388,,,30158278656.0,1712413000.0,-847851040.0,0.0,0.0,0.0044362330195581,0.0554832008210843,0.6784881568282115,,0.4113987335758808,,0.343526594203647,0.8934940808321604,0.2037469448299957,0.4441461160269399,0.0531263664188893,,-64.88572130744654,0.8789533825318416,-0.1349025811449091,United States,USD
IR,Industrials,Specialty Industrial Machinery,27522719744.0,31305719808.0,2021799936.0,587000000.0,1035425024.0,26.004,391336834.0,4951199744.0,1291600000.0,18297200000.0,3363200000.0,1299000064.0,0.0512,0.057150003,0.17069,0.43222,2.227,0.48353,7781300224.0,0.076,0.065,,31305719808.0,10089800000.0,3659599744.0,0.0645824452655881,0.0213278340752631,0.0376207378351743,0.3665989442122482,0.1838095446297794,1.7639267870528108,0.0894838058896054,0.168007397451797,0.0803907754450237,0.1188618102721179,0.0429828301011318,0.0159579784339637,0.0023385895265173,1.810070165122411,4.683733753446239,0.2623606663363085,0.0732676561373676,United States,USD
SLHN.SW,Financial Services,Insurance - Diversified,23915757568.0,-44864258048.0,1920999936.0,1231000064.0,-222250000.0,252.706,27945498.0,14849999872.0,83701997568.0,219125000000.0,4057999872.0,1704000000.0,0.00537,0.16584,0.16547,0.34651002,5.668,1.98556,11710999552.0,0.011,0.098,,,7312000000.0,-68851997696.0,,0.0514723424712715,0.0,0.3057398445025081,0.0185191095128351,-0.1805442635622803,0.2000237366099506,,0.143856224339608,,,0.0008769806287768,-0.0067717995417564,-35.841749083743856,6.006006006006006,0.1147474757365439,,Switzerland,CHF
CASY,Consumer Cyclical,Specialty Retail,34232240128.0,36192677888.0,1483614976.0,714448000.0,547447360.0,104.17,36959030.0,2890877952.0,522991008.0,8208118000.0,4321040896.0,1377539968.0,0.07537,0.19153,0.051370002,0.24606001,1.01,0.73155,17561100288.0,0.145,0.66,,36192677888.0,3508670000.0,2367886944.0,0.0409921305240556,0.0208706177956382,0.0159921570412279,0.1024960676508608,0.5264350361434862,0.7662522114975477,0.0716476578751259,0.081424941563992,0.0593591997373837,0.072982205187722,,0.293139762168423,0.0029883685061653,1.5960252372108703,,0.4765126687714279,0.1120676007978695,United States,USD
MT.AS,Basic Materials,Steel,43450847232.0,53729701888.0,4392999936.0,2921999872.0,-2022875008.0,62.265625,760427819.0,13683000320.0,4359000064.0,97703000000.0,4600999936.0,5152999936.0,0.01051,0.054330003,0.048720002,0.074200004,1.386,0.23917,62010998784.0,0.045,-0.279,,53729701888.0,54466000000.0,9324000256.0,0.081761107574303,0.0672483980898777,0.0,1.2535083541452268,0.0470916956081184,-0.6922912719415752,-0.0840702903985664,-0.5880026376059732,-0.0901909441289829,-0.8002620496022461,-0.0856675194553489,0.0930581193712591,-0.0912393062963166,2.1224676512264806,7.24263431542461,0.3765986856309596,0.0555843741271298,France,EUR
FISV,Financial Services,,27979837440.0,,,,,49.158,533253986.0,,,80133000000.0,,,,0.0,,,,0.0,,,,,27979837440.0,25792000000.0,0.0,0.0,0.0,0.0,0.921806642204709,0.1570014850311357,,0.0611352883723044,0.1105174226221015,0.0597917914346513,0.1171930686985375,0.0442229352015766,0.0383150202135378,0.0,,3.7851077726975833,,0.103035044361076,United States,USD
FSLR,Technology,Solar,28094754816.0,24945461248.0,2272688896.0,1665313024.0,1147664768.0,91.934,107453363.0,587123008.0,2426561024.0,13321310000.0,2262066944.0,2450221056.0,0.08447,0.18436001,0.33067,0.41743,2.557,5.943,5419047936.0,0.236,0.651,,24945461248.0,9537993000.0,-1839438016.0,0.0911063088152844,0.0592748730112284,0.0408497876388799,0.339493726229926,0.1698081452950197,0.6891585854792426,0.258374947984624,,0.2261934941490873,0.7149320060362121,0.3795734821836166,0.0987226460841936,0.0023305842061072,-0.8093663938066779,36.82318551585053,4.173266968955167,0.1468341428118094,United States,USD
BIIB,Healthcare,Drug Manufacturers - General,29376833536.0,30956232704.0,3539599872.0,1371900032.0,1930925056.0,126.367,147637117.0,6561900032.0,4282700032.0,29439500000.0,7822700032.0,2590799872.0,0.059520002,0.077010006,0.22899,0.78720003,3.065,0.3518099999999999,9937399808.0,0.019,0.311,,30956232704.0,18256800000.0,2279200000.0,0.1143420746912343,0.0467000648765905,0.0657295162064943,0.621469294082601,0.2657212259719085,1.407482331773865,-0.0093532040032059,0.1994681135358,-0.0101891321651021,0.2194293042641872,-0.0191325242768305,0.0495627341858798,0.0063748478492188,0.6439145899031155,6.818691588785047,0.3948246482521238,0.0699115756551335,United States,USD
TSEM.TA,Technology,Semiconductors,84077150208.0,76878028800.0,537648000.0,245360000.0,128945128.0,26.421,112824944.0,155856000.0,1498547968.0,3322290000.0,401633984.0,811529024.0,0.04146,0.08691,0.15609,0.24768,5.63,5.24,1621565056.0,0.155,0.629,,76878028800.0,2919287000.0,-1342691968.0,0.0069935195841025,0.0029182720797862,0.0015336524570706,0.0347215265119943,0.1208907061093402,0.5255344310401043,-0.0226663491285575,,-0.0210462563006757,-0.7498533750010942,-0.0456283783938921,0.0784957563500552,0.0088142820032784,-2.4973439276255096,66.71432476763259,5.20691551175444,0.0797899522746615,Israel,ILS
FTS.TO,Utilities,Utilities - Regulated Electric,40165502976.0,78880808960.0,5654000128.0,1716000000.0,-2650500096.0,44.704,509132995.0,35411001344.0,359000000.0,74830000000.0,5568000000.0,3952000000.0,0.02955,0.0746,0.28798,0.45509,0.486,1.33697,12234999808.0,0.019,-0.012,,78880808960.0,23810000000.0,35052001344.0,0.0716777655115975,0.042723229459503,0.0,0.5927972572440369,0.0744086596284912,-1.5445804755244754,0.0329227322593201,,0.0291708118863272,-0.3944749136705261,0.080881161420907,0.0182891979424652,0.0161004310214775,6.199504872738482,2.592692828146144,0.1116037347153308,0.0569246995558328,Canada,CAD
PPL.TO,Energy,Oil & Gas Midstream,40206233600.0,55141310464.0,3390000128.0,1552000000.0,1401874944.0,26.114,581435000.0,13916000256.0,173000000.0,35555000000.0,2944000000.0,2796000000.0,0.04283,0.09806,0.33951,0.38727,0.833,0.82348,7601999872.0,-0.077,0.002,,55141310464.0,16771000000.0,13743000256.0,0.0614784106412056,0.0386009795257221,0.0348671043885095,0.4171243734702869,0.0828012937702151,0.90326993814433,-0.125017357213851,0.0269493647819691,-0.1262203963267278,0.0354474750794172,0.1415477613320943,-0.0114549448105207,0.0001177366609294,4.053982223330465,4.606209150326797,0.200919800845396,0.0841743804120633,Canada,CAD
RJF,Financial Services,Asset Management,29220763648.0,18524436480.0,,2140000000.0,,64.564,194883034.0,6112999936.0,17057999872.0,88230000000.0,13697000448.0,2576000000.0,0.024530001,0.17289,0.19323999,0.93031,2.295,0.48477,14723000320.0,0.131,0.153,,18524436480.0,12503000000.0,-10944999936.0,0.0,0.0732355945853752,0.0,0.4278806724770781,0.1552419862631757,0.0,0.0845336391548927,,0.0831475409836065,0.6293090356871678,,0.0631145170618854,0.0004479938491715,,,0.4213970271502388,,United States,USD
6971.T,Industrials,Conglomerates,4737391394816.0,4556355272704.0,276327006208.0,140969000960.0,27096500224.0,2534.853,1317405856.0,332724011008.0,490322984960.0,4511307000000.0,607642976256.0,226235006976.0,0.01613,0.04384,0.08668,0.29352,2.859,9.881,2070202941440.0,0.049,6.921,,4556355272704.0,3217788000000.0,-157598973952.0,0.0606465013523872,0.0297566718076658,0.005719709005604,0.679232035487112,0.1346933330531484,0.1922160194047813,0.0308530396224402,0.0837273836816054,0.025647115386445,0.2675894001405597,-0.0017340950177072,0.0102860319041442,0.0,-0.5703350393242791,3.3010523270531227,0.6799479433137767,0.0227095811176415,Japan,JPY
MDB,Technology,Software - Infrastructure,27993126912.0,25644312576.0,-80103000.0,-29091000.0,517605376.0,36.679,80431927.0,58635000.0,2427152896.0,3758848000.0,1872941056.0,596849984.0,-0.018229999,-0.00975,-0.03607,0.71970004,4.949,1.998,2602398976.0,0.252,,,25644312576.0,2952358000.0,-2368517896.0,0.0,0.0,0.0184904450877231,0.1054672459165107,0.4982752843424368,,0.2426308261987642,,0.2077478479731397,0.8283176855981789,-0.0104792076660358,0.0957804479092602,0.0347981266119001,,-16.80402813299233,10.179073659077345,-0.0170142476480504,United States,USD
EIX,Utilities,Utilities - Regulated Electric,27812907008.0,71688765440.0,8573000192.0,3552999936.0,-1134000000.0,44.795,384793941.0,42696998912.0,168000000.0,94026000000.0,11505999872.0,6002999808.0,0.039,0.18864,0.27492002,0.58677,0.74,2.26101,19608999936.0,0.077,-0.632,,71688765440.0,17579000000.0,42528998912.0,0.1195863834365397,0.1277464428647472,0.0,0.6320446832452157,0.1223704068236445,-0.3191669069593814,0.0390477611131692,,0.0428640349632488,0.4583679574538806,0.1252576984869531,0.0987041213381787,6.07352601234666e-06,4.960806947337579,4.893437296946069,0.1405953570735121,0.0902024194514313,United States,USD
9432.T,Communication Services,Telecom Services,12270539112448.0,27619688972288.0,3697174904832.0,1037032030208.0,10399351046144.0,119.469,81423624847.0,16919540269056.0,1921881997312.0,30062483000000.0,3986316066816.0,1485189939200.0,0.03103,0.10042,0.0955,0.27665,0.508,1.65593,14409121398784.0,0.091,-0.244,,27619688972288.0,10221587000000.0,14997658271744.0,0.1338601208920756,0.0845139745454191,0.8475056353142829,0.8330185745164681,0.1326010252318812,10.02799406693174,0.040769546230807,-0.4301326755328686,0.0372964246099967,-0.5826932449020722,,0.0154795483063345,0.0,4.056518465529694,10.230482438028718,0.0877795682141701,0.0818130868104402,Japan,JPY
III.L,Financial Services,Asset Management,22681475072.0,22887243776.0,5450999808.0,5294000128.0,3390374912.0,30.344,1012114070.0,1260999936.0,635000000.0,32338000000.0,5582000128.0,998000000.0,0.11662,0.19077998,0.97190005,1.0,6.56,4.083,5582000128.0,-0.334,-0.35,,22887243776.0,30887000000.0,625999936.0,0.2381675950738997,0.2334063420123578,0.1494777081842166,1.361772102649956,0.1726142658173047,0.6404183660797977,0.0482821378868942,,0.069445451250453,,,0.2410961007061713,0.0527058278871544,0.1148413058245332,,0.7914354089229708,,United Kingdom,GBP
CPRT,Industrials,Specialty Business Services,30055223296.0,24944033792.0,1961246976.0,1553201024.0,999977152.0,9.477,963308388.0,93116000.0,4199712000.0,10090902000.0,2204544000.0,1685426944.0,0.11336,0.17607,0.37530997,0.47522998,7.613,1.059,4638866944.0,0.021,0.023,,24944033792.0,9187033000.0,-4106596000.0,0.0786258947672291,0.0516782393763387,0.0332713266559921,0.3056717599307501,0.2184684778427141,0.6438169538574808,0.0989943984010011,0.1361349724803384,0.0936474589368176,0.1328721318084948,-0.0069678414635019,0.1973403621648636,0.0046851854201265,-2.093869895149809,101.67269894534996,18.10029365522574,0.1803552672880848,United States,USD
CBK.DE,Financial Services,Banks - Regional,39343263744.0,-39001309184.0,,2395000064.0,,31.362,1096523505.0,20475000832.0,100426997760.0,590092000000.0,11596999680.0,,0.00503,0.08234,0.44147998,0.0,,0.6052499580833013,11596999680.0,0.043,0.151,,,33829000000.0,-79951996928.0,,0.0608744632774714,0.0,0.8598422393251259,0.0196528671461399,0.0,0.075736165837652,,0.0689039538506884,-0.758430011926705,,0.0639074292431569,-0.0482605804369446,,,0.0,,Germany,EUR
TDY,Technology,Scientific & Technical Instruments,28436127744.0,29814927360.0,1538300032.0,933000000.0,760562496.0,227.645,46329138.0,2476300032.0,521400000.0,15285300000.0,2669100032.0,1182700032.0,0.04893,0.09049,0.19031,0.42873,1.756,0.2313299999999999,6225600000.0,0.076,0.216,,29814927360.0,10513900000.0,1954900032.0,0.0515949615917494,0.0328103744785315,0.026746345453469,0.3697374021755977,0.1746187534428503,0.8151795241157557,0.038598918476242,0.3966766968887352,0.0350514652855176,0.2943231441048035,0.000671948382232,0.0763916763494243,-0.0001695237279248,1.2708184303021584,19.364093959731544,0.477607727947564,0.0859651997735601,United States,USD
TECK-B.TO,Basic Materials,Other Industrial Metals & Mining,42021031936.0,46412079104.0,5104500224.0,1850000000.0,,51.376,481984883.0,9607000064.0,5011999744.0,45436000000.0,3836000000.0,,,0.0592,0.39843,0.30913,,0.3693999999999999,12408999936.0,0.722,1.288,,46412079104.0,25096000000.0,4595000320.0,0.1099821495296915,0.0440255727850195,0.0,0.5972247430339737,0.0844264459899639,0.0,-0.1467668138614133,,-0.1567514273267145,-1.012756264236902,-0.2479508286499733,-0.0340370346748304,-0.0352859049156785,0.9001861334818897,3.277854195323246,0.0,0.0580752077596081,Canada,CAD
VOD.L,Communication Services,Telecom Services,26308050944.0,69639266304.0,8947999744.0,-289000000.0,5167374848.0,1.9009861,23026741282.0,54448001024.0,14583000064.0,129918000000.0,12732999680.0,14291000320.0,0.01523,0.0010899999,0.07783,0.3147,1.137,1.00153,40461000704.0,,,,69639266304.0,50633000000.0,39865000960.0,0.1284907239679812,0.0,0.1964180037129853,1.924619961690766,0.0980079717975954,,0.02409279717631,-0.1218765144730732,0.0238952579810634,-0.1234274170921946,-0.038694335661098,0.0108698189400953,-0.0780614292512223,4.455185751064769,1.7611269906084115,0.2624706151048723,0.0407182576022204,United Kingdom,GBP
IMB.L,Consumer Defensive,Tobacco,21667289088.0,33544198144.0,4016000000.0,1738000000.0,2502374912.0,5.998,769434995.0,11232000000.0,497000000.0,28715000000.0,7037000192.0,3526000128.0,0.07796,0.37151,0.1603,0.36262,0.698,2.43803,19406000128.0,0.049,-0.382,,33544198144.0,4824000000.0,10735000000.0,0.119722641237687,0.0802130803231197,0.1154909089843588,0.2226397580429975,0.2450635623193452,1.4398014453394707,-0.0039065709267391,-0.0007359127973345,-0.0037158200111104,-0.002397569586994,0.0321559026025121,0.0319485373391791,-0.048392137270487,2.673057768924303,7.859649122807017,0.3139245128205128,0.2125615325306921,United Kingdom,GBP
8308.T,Financial Services,Banks - Regional,4757508325376.0,-2731321327616.0,,258717007872.0,,1289.59,2248349887.0,6610636767232.0,14183921876992.0,77370816000000.0,1126441025536.0,-4878948106240.0,0.00339,0.09156,0.24249001,0.0,,2.4221156946156537,1126441025536.0,0.151,-0.156,,,2729282000000.0,-7573285109760.0,,0.0543807787980177,0.0,0.5736788699753451,0.014558991151599,0.0,0.0541008333065904,,0.0516815894992038,-0.3182771591770795,,0.0160198921911441,-0.0153022021609805,,,-0.738045104886758,,Japan,JPY
4062.T,Technology,Electronic Components,5085061447680.0,4763067351040.0,124395003904.0,63713001472.0,-47514124288.0,1969.843,279245536.0,192537001984.0,295680999424.0,1081684000000.0,131669000192.0,106407002112.0,0.0356,0.12167,0.14062999,0.31636,2.1,0.34541,416201015296.0,0.186,2.473,,4763067351040.0,490493000000.0,-103143997440.0,0.0261165746221998,0.0125294457358166,0.0,0.0964576347890115,0.1217259386216307,-0.7457524083036814,-0.0270695342631147,,-0.0364791221030723,-0.6462962962962963,,-0.0427498980080372,0.0,-0.8291651127693187,45.54632034632035,0.5526574165772173,0.0697722844633783,Japan,JPY
TPR,Consumer Cyclical,Luxury Goods,29064134656.0,31326740480.0,1970400000.0,662800000.0,1529737472.0,3.373,202044714.0,3923200000.0,1068600000.0,6580500000.0,5980499968.0,1903100032.0,0.16443,0.60914004,0.22415,0.76177,1.841,5.7491200000000005,7850800128.0,0.212,0.737,,31326740480.0,857800000.0,2854600000.0,0.0628983408362567,0.0228047388248379,0.0526331676516713,0.0295140388713728,0.908821513258871,2.3079925648762822,0.0160088366976911,0.1294180931844117,0.0146355721807209,0.1434487852488855,0.0587049773227237,-0.5087822757029926,-0.0960034752389226,1.4487413723101907,3.530444964871194,0.4850887112561174,0.0600167210765188,United States,USD
ATO,Utilities,Utilities - Regulated Gas,28351332352.0,37758058496.0,2540303104.0,1345771008.0,-2210371840.0,89.317,166919822.0,9629233152.0,125694000.0,28249522000.0,2976948992.0,1876044032.0,0.03876,0.096,0.3932,0.60988,1.003,0.6458799999999999,4881241088.0,0.006,0.145,,37758058496.0,13558890000.0,9503539152.0,0.0672784355230848,0.04746764601012,0.0,0.4782452489942156,0.1053805084560368,-1.642457614899072,0.0382702582932408,,0.0321271174953924,-0.1648055481399946,0.1508030812230418,0.1212590543200659,0.0406388376778147,3.741104412711846,9.609338412609652,0.1948279787586557,0.0613574480694265,United States,USD
4578.T,Healthcare,Drug Manufacturers - General,5381799542784.0,5135090581504.0,594500976640.0,376501010432.0,191008997376.0,5894.249,526594889.0,194626994176.0,538295992320.0,4197562000000.0,1799836008448.0,407034003456.0,0.07515,0.12943,0.18754,0.71524,2.332,6.132,2516393918464.0,0.082,0.175,,5135090581504.0,3033444000000.0,-343668998144.0,0.1157722472864107,0.0699582003080769,0.0354916595940679,0.5636486412927231,0.4287812802879385,0.5073266527408117,0.1241327659126039,0.3602582288522726,0.117072198009215,0.2791575744334738,0.0445070766896522,0.1225675944193101,-0.0163684699647244,-0.5780797873307931,18.31354270706174,2.0913543117658264,0.1435630500659716,Japan,JPY
DXCM,Healthcare,Medical Devices,28675995648.0,27821322240.0,1292300032.0,930400000.0,1056637504.0,7.662,385872977.0,1384800000.0,2415200000.0,6339900000.0,2963200000.0,1782499968.0,0.09651,0.35624,0.2142,0.61504,1.948,0.4683299999999999,4817900032.0,0.15,0.922,,27821322240.0,2746000000.0,-1030400000.0,0.0464499861240239,0.0324452553076353,0.0368474565615891,0.0957595346891301,0.467389075537469,1.135680894239037,0.1701360960301399,0.5233789965598488,0.1488740469294875,0.3860249554367201,-0.046149729258534,-0.0222993291695581,0.0044020542920029,-0.7973380596496031,60.47540983606557,1.2871894627383016,0.2636632200886263,United States,USD
CFG,Financial Services,Banks - Regional,27622649856.0,28735410176.0,,1832000000.0,,56.478,422881942.0,12314000384.0,13159999488.0,226351000000.0,7885000192.0,2660999936.0,0.00882,0.07739,0.32051,0.0,,0.4679104907094273,7885000192.0,0.138,0.468,,28735410176.0,26317000000.0,-845999104.0,0.0,0.0663223843313521,0.0,0.952732635615826,0.0348352788015073,0.0,0.0093051581008503,-0.2009684897986395,0.0032568651125352,-0.2534305477659375,,0.040593781749808,0.0033387582810449,,,0.2160954891196469,,United States,USD
XYL,Industrials,Specialty Industrial Machinery,25556209664.0,26974103552.0,1912000000.0,981000000.0,959124992.0,47.13,237693493.0,2060999936.0,808000000.0,17634000000.0,3510000128.0,1316000000.0,0.05006,0.08724,0.12894,0.3861,1.463,18.354,9091000320.0,0.027,0.145,,26974103552.0,11480000000.0,1252999936.0,0.070882800472464,0.0383859740117054,0.0375300173464721,0.4492058936334135,0.1990473022570035,0.9777013170234454,0.1783579915890725,0.3286274540934562,0.1540137125610996,0.2768353528153955,0.007215891678043,0.0691808646092281,0.0026388888888888,0.6553346945606695,41.72413793103448,0.6385250076980109,0.0818784679929625,United States,USD
HSY,Consumer Defensive,Confectioners,36534120448.0,40628338688.0,2260761088.0,1094161024.0,1527240576.0,23.338,148229858.0,5681147904.0,876976000.0,13741297000.0,4201155072.0,2349490944.0,0.07837,0.23234,0.21343,0.35035,1.24,1.20011,11991323648.0,0.106,0.936,,40628338688.0,4636750000.0,4804171904.0,0.0556449306323159,0.0299490178108256,0.0418031297119568,0.1269156050054526,0.3057320624101204,1.3958097048794165,0.0391796567007396,-0.0110351058850788,0.0346869863109942,0.0111410003270677,-0.096288845420962,0.0613612828623092,0.0,2.125024147620149,6.4011369803297065,0.4135591932654602,0.134118763945909,United States,USD
CRWV,Technology,Software - Infrastructure,50568916992.0,85042978816.0,3024000000.0,-1592999936.0,-8560327168.0,8.945,447573939.0,35147001856.0,2265999872.0,49302000000.0,4320000000.0,5981000192.0,-0.0021600001,-0.40673,-0.069299996,0.69375,0.315,7.38538,6226999808.0,1.116,,,85042978816.0,3335000000.0,32881001984.0,0.035558491037135,0.0,0.0,0.0659496030046994,0.0876232201533406,,5.869213792603441,,0.9344071936939964,-0.7335589031561933,0.4825805463501861,1.76464980653844,0.0813979496864838,10.873347216931217,0.0113913751017087,0.1701709925786735,0.0004260239790639,United States,USD
HEI.DE,Basic Materials,Building Materials,30405337088.0,37218390016.0,4120100096.0,1984999936.0,1509675008.0,102.994,176365065.0,8386699776.0,2639399936.0,36139000000.0,13833100288.0,3254799872.0,0.052389998,0.11068,0.17628,0.64184,1.236,0.4345199999999999,21552199680.0,-0.009,0.052,,37218390016.0,18164600000.0,5747299840.0,0.110700653473425,0.065284589026425,0.0496516451579094,0.5974148534327212,0.3827748495531143,0.7605415902643132,0.0057361459748068,0.192555032375266,0.0050611796775329,0.1335991060372685,0.0528405981252787,-0.0311701611454705,-0.0199780170191244,1.3949417990062347,11.193098640641338,0.3880906624694228,0.1100578169393007,Germany,EUR
OTIS,Industrials,Specialty Industrial Machinery,26668265472.0,34358661120.0,2492999936.0,1480999936.0,1682125056.0,-14.726,383716076.0,8217999872.0,834000000.0,10653000000.0,4473999872.0,1819000064.0,0.13346,-0.2746661602373887,0.15395,0.30546,0.837,-1.524109768545994,14647000064.0,0.064,0.426,,34358661120.0,,7383999872.0,0.0725581223113737,0.0555341680378484,0.0630759078713284,,0.4199755817140712,1.1358035980360772,0.0178502203199479,-0.0002307337414619,0.0161877496200473,-0.0037833190025795,0.0163753045845996,-0.0585896076352067,0.0018239854081167,2.961893325937093,,0.2213434037882642,0.740407073740407,United States,USD
CNP,Utilities,Utilities - Regulated Electric,28106391552.0,51448205312.0,3664000000.0,1071000000.0,-4945375232.0,17.502,654169480.0,24682999808.0,1194000000.0,46534000000.0,4321999872.0,2358000128.0,0.02843,0.09561,0.21982999,0.4592,1.165,2.15591,9411999744.0,0.019,0.067,,51448205312.0,11153000000.0,23488999808.0,0.0712172558358492,0.0381052116924554,0.0,0.3968136564014519,0.0928783227747453,-4.617530562091504,0.0012857616218755,,0.0006108226670738,-0.0595615257888734,0.0861258895482932,0.0631968561506123,0.0017527250294916,6.410753222707424,2.380952380952381,0.0955313432865542,0.0533843174256344,United States,USD
AMS.MC,Technology,Information Technology Services,21697724416.0,24640829440.0,2471699968.0,1337400064.0,1081912448.0,11.374,431366296.0,3355599872.0,677200000.0,11470900000.0,2902899968.0,2202200064.0,0.09652001,0.25956,0.28224,0.44202,0.765,0.6984999999999999,6567399936.0,0.031,0.051,,24640829440.0,4853700000.0,2678399872.0,0.1003091220617612,0.0616378030414007,0.0498629454064866,0.2236962691083337,0.2530664523271931,0.8089669479782529,0.1325725834767548,0.1661794056885437,0.1203198469835029,0.1413011407318137,0.0226885576100872,-0.0265947065162971,0.0,1.0836266159631232,22.08220858895705,0.6562761199199378,0.2132800834301154,Spain,EUR
IHG.L,Consumer Cyclical,Lodging,23348076544.0,27956678656.0,1244999936.0,758000000.0,684249984.0,-18.178,142932816.0,4618999808.0,1132000000.0,5345000000.0,3214000128.0,898000000.0,0.15022999,-0.276541408245166,0.22209999,0.61939,0.976,-1.6851513345494344,5189000192.0,0.027,0.077,,27956678656.0,,3486999808.0,0.0445331847648791,0.0324652010871872,0.0293064819583966,,0.6013096591206736,0.9027044643799472,0.1006188494520397,0.1449467190508999,0.0899720850332832,0.0930265486725663,0.0353489583962596,0.1257371524852569,-0.0460517189005716,2.8008032026115703,6.507692307692308,0.19441438348724,0.3910631741140216,United Kingdom,USD
AMRZ,Basic Materials,Building Materials,28307863552.0,33951062016.0,2812000000.0,1156000000.0,1370625024.0,23.656,553536609.0,7097999872.0,1099000064.0,24249000000.0,3023000064.0,2168000000.0,0.049510002,0.1008,-0.035350002,0.25378,1.403,0.54233,11911999488.0,0.047,,,33951062016.0,13258000000.0,5998999808.0,0.0828250968607343,0.0408367094845038,0.0484185258799992,0.4683504276345609,0.1246649372757639,1.185661785467128,0.0327581822331721,-0.0181035381309495,0.0286921301337049,-0.000402279584311,0.026324191658508,0.0186515437933207,0.0255810260653205,2.133356972972973,4.624697336561743,0.30543815710004,0.0892857142857142,United States,USD
EQNR.OL,Energy,Oil & Gas Integrated,908848463872.0,892171190272.0,35948998656.0,5521999872.0,18090625024.0,151.845,2490678273.0,31857000448.0,20096000000.0,131727000000.0,39731998720.0,16142999552.0,0.11965,0.12361,0.31478,0.38109002,1.239,0.7299599999999999,104260001792.0,-0.053,0.292,,892171190272.0,40424000000.0,11761000448.0,0.0402938349141716,0.0060758202181191,0.0199049959846197,0.0444782618961363,0.3016238031686746,3.276100225161324,-0.1077890400481781,-0.3903501602635487,-0.1153633704021267,-0.4978791255893699,-0.2336614648803299,0.0044684728650841,-0.084494164979761,0.3271579428551636,31.153846153846157,0.5067331928613343,0.2567684032214924,Norway,NOK
EXPE,Consumer Cyclical,Travel Services,26384453632.0,26453633024.0,2596999936.0,1488000000.0,3478249984.0,4.8,114498625.0,4710000128.0,5793999872.0,24452000000.0,13694999552.0,4858999808.0,0.05825,0.71494,0.07093,0.90271,0.731,2.56536,15171000320.0,0.147,,,26453633024.0,1284000000.0,-1083999744.0,0.0981717684540296,0.0563968472022972,0.1318295247843016,0.0486650213761758,0.560076867004744,2.337533591397849,0.0808796250697421,0.0383474863094432,0.0759493670886076,0.058880826955571,0.0431987482965185,0.0921922458459889,0.0134407536541379,-0.4174046094393127,6.321070234113712,1.0316347507326438,0.2424631173829377,United States,USD
L.TO,Consumer Defensive,Grocery Stores,77765197824.0,39640141824.0,5719000064.0,2636999936.0,4135124992.0,31.418,1163888224.0,16734999552.0,960000000.0,41577000000.0,20195999744.0,6618999808.0,0.07105,0.24492,0.06966,0.3132,1.091,1.51434,64483000320.0,0.042,0.21,,39640141824.0,11028000000.0,15774999552.0,0.1442729465851065,0.033909769534286,0.0531744933171611,0.14181150834283,0.4857493264064266,1.5681172136365191,0.0418711634631276,0.0968847444703271,0.0379756643158556,0.0843925875085792,-0.0046616583636184,0.0170499021526418,-0.0263458830025857,2.758349252573116,5.819371727748691,0.3955183737790398,0.1604648644746815,Canada,CAD
ARES,Financial Services,Asset Management,42213773312.0,47463829504.0,1379773056.0,561673024.0,1757137152.0,11.379,222028421.0,14147783680.0,1438083968.0,28633369000.0,2219550976.0,1679271040.0,0.02536,0.14182,0.18434,0.37561,0.488,1.68762,5909112832.0,0.283,7.705,,47463829504.0,4275463000.0,12709699712.0,0.029069990146575,0.013305444643593,0.0416247355812777,0.1012812327483794,0.0775162355502071,3.128398689127716,0.2238915025219234,,0.1951580075913881,0.8553987506852336,0.0324395952459553,0.1506596446242346,0.0914271787851212,9.211442169225837,2.676820941808042,0.1186949898289652,0.0971561777779291,United States,USD
8015.T,Industrials,Conglomerates,6301927604224.0,7258448592896.0,728070029312.0,370516000768.0,177150132224.0,2990.709,1055776136.0,2168735006720.0,1485702037504.0,7057462000000.0,1264427991040.0,461167984640.0,0.0442,0.13203,0.0465,0.10936,1.596,0.65696,11561934520320.0,0.195,-0.013,,7258448592896.0,2624267000000.0,683032969216.0,0.1003065627584078,0.0587940744542437,0.0281104676774232,0.416422904991963,0.1791618560666709,0.4781173602673187,0.0869530407230936,,0.0748930536682273,0.5283843890202132,0.0141725451993046,-0.0003586405314225,0.0,0.9381418568505582,10.442539046010976,0.2126437684691923,0.1318671141002203,Japan,JPY
VIE.PA,Industrials,Waste Management,25861896192.0,47156580352.0,5818999808.0,1246000000.0,1790375040.0,9.605,732216771.0,29517000704.0,10145000448.0,70671000000.0,7872999936.0,5152999936.0,0.029590001,0.1216,0.07658,0.17733999,0.861,2.22535,44395999232.0,,,,47156580352.0,10855000000.0,19372000256.0,0.1233974084754261,0.0481789885300611,0.0692282973649019,0.4197294707012951,0.1114035451033663,1.436898105939005,0.011601428212173,,0.0087319892852107,,0.0107079920723157,-0.0313600789484505,0.0014457911690766,3.329094499946064,3.65296803652968,0.1745773558660277,0.0787556605631029,France,EUR
AVB,Real Estate,REIT - Residential,26598899712.0,35545235456.0,1846126976.0,1138256000.0,1392035584.0,82.716,141872069.0,9524757504.0,124626000.0,22192137000.0,1919479040.0,1674135040.0,0.02646,0.09719,0.2932,0.62727,0.375,0.8130700000000001,3060059904.0,0.025,0.403,,35545235456.0,11611340000.0,9400131504.0,0.0519373961746644,0.042793349060468,0.0523343295802565,0.436534598262408,0.086493654937332,1.222954751830871,0.0544677741668295,0.0407906629286005,0.052587714015322,0.0386218422162784,-0.0142350541565705,0.0567313423333666,-0.0152780566021535,5.0918120076265,5.072304682827831,0.1757666837498942,0.0636658167527477,United States,USD
CW,Industrials,Aerospace & Defense,27210860544.0,27366371328.0,823828992.0,511076992.0,523196256.0,71.231,36941164.0,1148382976.0,343447008.0,5221292000.0,1340552960.0,676512000.0,0.08578,0.19691,0.17557,0.37171,1.523,0.43634,3606414080.0,0.134,0.291,,27366371328.0,2533574000.0,804935968.0,0.0301036985183745,0.0187820958904841,0.0192274792321981,0.093108925971055,0.2567473644454284,1.0237131864468672,0.1101380918895083,0.2923050385525674,0.1031398293738982,0.2289534488356758,-0.0012880797314488,0.0472527049339471,0.0,0.9770668134000314,15.369379809029388,0.5890996419647377,0.1737960675887282,United States,USD
ES,Utilities,Utilities - Regulated Electric,26231582720.0,56242294784.0,4898722816.0,1748424960.0,587291392.0,43.968,376080025.0,30339694592.0,270184000.0,63786711000.0,7452936192.0,4397302784.0,0.03292,0.10912,0.24872999,0.5349,0.651,1.81822,13933251584.0,0.094,0.074,,56242294784.0,16197271000.0,30069510592.0,0.0871003367628165,0.066653429900245,0.0223887135697773,0.6174721202640417,0.1168415187922136,0.3358973964773415,0.0330171021239182,,0.0303240482907561,0.2201874453841935,-0.0012932033700967,0.0703450815090761,0.0189770337679483,6.138234744327286,2.480115277020364,0.1449356311305613,0.0550829261227214,United States,USD
FICO,Technology,Software - Application,28191563776.0,31733583872.0,1163016960.0,759633984.0,730540992.0,-90.219,23190906.0,3656617984.0,219419008.0,1868133000.0,1898594944.0,907331968.0,0.36918,-0.4351248401864148,0.58187,0.84165,2.223,-2.094542041856266,2255802112.0,0.387,0.69,,31733583872.0,,3437198976.0,0.0366494047659767,0.0269454362317669,0.025913461126336,,1.016306089555722,0.961701302715809,0.1306838755794808,0.136709194125582,0.123939821997199,0.1469899503739235,0.0417285362264479,0.0874616679589541,0.0,2.9554160379570047,7.005334949531227,0.248134197219985,0.9188590249656988,United States,USD
4568.T,Healthcare,Drug Manufacturers - General,4540034711552.0,4377061359616.0,306548998144.0,259873996800.0,-225473626112.0,914.558,1819653230.0,300480987136.0,449806991360.0,3456119000000.0,1454000046080.0,77654999040.0,0.03838,0.15809,-0.00795,0.68487,2.421,18.056,2123045011456.0,0.137,-0.504,,4377061359616.0,1623416000000.0,-149326004224.0,0.0700353440260873,0.0572405308132903,0.0,0.3575778828010412,0.4207031199099336,-0.8676267302169726,0.217614309660193,,0.1959833524741564,-0.089089391812427,,-0.0014492355831251,-0.0198824979036871,-0.4871195310638555,31.00092795680783,0.2584356493905311,0.1360004322584728,Japan,JPY
2802.T,Consumer Defensive,Packaged Foods,4859616559104.0,4920603312128.0,280216010752.0,134674997248.0,98667003904.0,804.239,955864855.0,421354995712.0,106693001216.0,1721131000000.0,597149024256.0,239351005184.0,0.06767,0.17503001,0.14088,0.37705,1.568,0.4990699999999999,1583718989824.0,0.105,,,4920603312128.0,746804000000.0,314661994496.0,0.0569474905772917,0.0277130912717177,0.0203034545429633,0.1536754990681185,0.3469515244661795,0.7326304504934026,0.1001784207162876,0.2096835226180324,0.0893474438655108,0.2513944260421902,,-0.0267138513354946,-0.0251540542708276,1.12292653675127,8.506756288545493,0.5680507116797034,0.0918496449422128,Japan,JPY
NRG,Utilities,Utilities - Independent Power Producers,25919160320.0,49285517312.0,2257999872.0,172000000.0,431624992.0,19.853,210986470.0,23357999104.0,178000000.0,29140000000.0,5326000128.0,889000000.0,0.022449998,0.062480003,0.03637,0.16445999,0.838,4.79237,32384000000.0,0.195,-0.856,,49285517312.0,1681000000.0,23179999104.0,0.0458146732579841,0.0066360174433305,0.016652738231915,0.0648554960595266,0.1827728252573781,2.509447627906977,-0.0088491724072674,,-0.0106804016475266,0.5810881582775677,0.0638128634506851,0.213054699858463,-0.0255307685367271,10.265722062893014,2.530364372469636,0.0380597668508241,0.088816256927668,United States,USD
PPL,Utilities,Utilities - Regulated Electric,26877714432.0,45820624896.0,3652000000.0,1216999936.0,-1615124992.0,19.967,752350362.0,20292999168.0,1240999936.0,45244000000.0,4031000064.0,2672999936.0,0.031170001,0.08316,0.27181,0.43287998,1.003,1.35116,9312000000.0,0.108,0.073,,45820624896.0,14881000000.0,19051999232.0,0.0797020993993211,0.0452791452591321,0.0,0.5536557075062535,0.0890946880028291,-1.3271364642043826,0.0459457488579095,,0.0423512663859066,-0.3778309955525145,0.0619885401073569,0.101658185005722,0.0009906324857345,5.21686725958379,2.8217821782178216,0.1317202998862311,0.0560224089635854,United States,USD
POLI.TA,Financial Services,Banks - Regional,90446086144.0,43525734400.0,,9502000128.0,,50.036,1309294814.0,95901999104.0,141808992256.0,766665000000.0,23303999488.0,9251999744.0,0.012519999,0.1511,0.63141996,0.0,,1.482783665043215,23303999488.0,0.009,-0.115,,43525734400.0,64677000000.0,-45906993152.0,0.0,0.1050570625341574,0.0,0.7150889856862042,0.0303965871508416,0.0,0.1029620876938985,,0.0890659334202888,0.2467393312396083,,0.0635657645759692,0.0,,,0.0964734815795316,,Israel,ILS
ATCO-B.ST,Industrials,Specialty Industrial Machinery,788141178880.0,793703809024.0,41239998464.0,26080999424.0,21434499072.0,24.97,1560876032.0,35472998400.0,20828000256.0,202454000000.0,70840000512.0,29727000576.0,0.10508,0.2242,0.20377001,0.42635,1.698,0.29075,166152994816.0,-0.051,-0.052,,793703809024.0,110206000000.0,14644998144.0,0.0519589272410219,0.0330917862470563,0.02719626844325,0.1398302778147056,0.3499066479891728,0.8218434701653249,0.060047573078785,0.17295750335402,0.0516829691262215,0.159337358788622,0.0087629580672816,-0.0291745389329522,0.0,0.3551163600741689,39.17573696145125,0.8380177012609117,0.2359404020539713,Sweden,SEK
CTSH,Technology,Information Technology Services,24028399616.0,24126177280.0,3891000064.0,2228999936.0,1908875008.0,31.789,473000000.0,1092000000.0,1516999936.0,20692000000.0,7174000128.0,2756999936.0,0.10438,0.14876,0.15574001,0.33514,2.226,7.247,21405999104.0,0.058,0.036,,24126177280.0,15015000000.0,-424999936.0,0.1612771065570152,0.0927652266327282,0.0794424530349878,0.6248855620830374,0.3467040463947419,0.8563818137319139,0.0280312825025976,0.0508849868296024,0.0272427001569858,0.0411025256602468,-0.0221045318508431,0.0363618150856456,-0.0323232323232323,-0.1092264016986662,95.02702702702705,2.524725216117216,0.2064228262784007,United States,USD
FE,Utilities,Utilities - Regulated Electric,27145832448.0,56316559360.0,5169999872.0,1065000000.0,-1835124992.0,21.876,578431175.0,28060000256.0,52000000.0,55904000000.0,10494999552.0,3211000064.0,0.03758,0.094610006,0.20514,0.68425006,0.522,1.98922,15338000384.0,0.116,0.129,,56316559360.0,12510000000.0,28008000256.0,0.0918024810242953,0.0392325415711635,0.0,0.4608442207091604,0.1877325334859759,-1.7231220582159623,0.065946361022678,,0.0630531999777328,-0.1580177653108929,0.0217306802096163,0.0741680116824225,0.0021484229839759,5.417408307432933,2.510658914728682,0.1144333583287619,0.0511721604487192,United States,USD
HO.PA,Industrials,Aerospace & Defense,48740208640.0,49739415552.0,3010800128.0,1674499968.0,2076862464.0,38.78,205481486.0,6129500160.0,4491100160.0,39155400000.0,5853199872.0,3321799936.0,0.03435,0.21103,0.104820006,0.26442,0.845,0.76737,22136399872.0,0.071,1.512,,49739415552.0,7968400000.0,1638400000.0,0.0605314737735983,0.0343556175634786,0.0426108652783969,0.1634871951175956,0.1494864021820745,1.2402881479183163,0.0800776142506058,0.0098459960484953,0.0805537274711536,0.0679603840933085,0.0108178852938325,-0.0208653206567674,0.0,0.5441742826975196,8.072941993747829,0.5419365118345963,0.1670079832144114,France,EUR
FTI,Energy,Oil & Gas Equipment & Services,28323782656.0,28240398336.0,1916099968.0,1082400000.0,1028849984.0,8.435,398701897.0,1304099968.0,960800000.0,10118200000.0,2301799936.0,1655399936.0,0.091800004,0.33407003,0.14057,0.22584999,1.127,0.38688,10191699968.0,0.116,0.939,,28240398336.0,3363800000.0,343299968.0,0.0678496083944189,0.0382152346367729,0.0363245967706948,0.1187623856902964,0.2274910493961376,0.9505265927568368,0.1402167206467779,,0.1306563706563706,,0.0858521071746573,0.0252300085113281,-0.0529425667690853,0.1791660005914681,16.601965601965603,1.269381164496739,,United States,USD
DNB.OL,Financial Services,Banks - Regional,405066743808.0,1192387805184.0,,40874999808.0,,190.427,1437426475.0,1450560978944.0,672902021120.0,3695290000000.0,87505002496.0,-240647995392.0,0.01081,0.14323,0.60309,0.0,,4.914656882751143,87505002496.0,-0.017,-0.077,,1192387805184.0,295150000000.0,777658957824.0,0.0,0.1009092956477675,0.0,0.7286453516902387,0.0236801448589961,0.0,0.110081552225731,1.3426676629773515,0.0944123302057007,0.0585048458412747,,0.0224577179815308,-0.0099999987537941,,,-0.1658999510432097,,Norway,NOK
PPG,Basic Materials,Specialty Chemicals,25392766976.0,31444013056.0,2712999936.0,1578000000.0,729000000.0,36.357,222900000.0,7736999936.0,1624000000.0,22098000000.0,6720999936.0,1992000000.0,0.06277,0.20748,0.1374,0.41691002,1.609,0.93736,16120999936.0,0.067,0.042,,31444013056.0,7941000000.0,6112999936.0,0.0862803335938164,0.0621436805800426,0.0287089627014265,0.3127268488505189,0.3041451686125441,0.4619771863117871,0.0055411614505045,0.3459237144544562,0.0024285894048068,0.0814359943316013,0.0520151045548664,0.1371378582823033,0.0,2.253225241506235,9.485477178423237,0.2574641355147608,0.132922432841028,United States,USD
VEEV,Healthcare,Health Information Services,26626080768.0,19392061440.0,1026113024.0,941651968.0,1259549056.0,44.052,162443291.0,103067000.0,7312718848.0,8979343000.0,2490096896.0,1665182976.0,0.07298,0.13934,0.30932,0.75021005,4.738,1.411,3319216128.0,0.163,0.146,,19392061440.0,7214752000.0,-7209651848.0,0.0529140765758629,0.0353657744902398,0.0473050865793873,0.2709656018421945,0.2773139299835188,1.3375950975551936,0.1402968452680177,,0.1339761734031581,,0.0380391123026627,0.2233844013343222,0.0073468702343995,-7.026177116332947,,16.156315561721986,0.1248070253859594,United States,USD
VWS.CO,Industrials,Specialty Industrial Machinery,163930619904.0,170025500672.0,1659000064.0,855000000.0,621374976.0,28.557972,982208617.0,3944000000.0,4378999808.0,25732000000.0,2608999936.0,1968999936.0,0.028369999,0.23198,0.03202,0.13504,1.028,1.00612,19320000512.0,0.144,15.162,,170025500672.0,3867000000.0,-434999808.0,0.0097573602632725,0.0052156210993449,0.0037904753630766,0.0235892477089671,0.1013912613088761,0.7267543578947369,0.0912035312534123,,0.0904508600439493,0.8527894421115777,0.1245181080012868,0.0441486771627982,0.0,-0.2622060224344874,8.16551724137931,0.4992393346855984,0.1332583005064715,Denmark,DKK
HUBB,Industrials,Electrical Equipment & Parts,24798644224.0,26940686336.0,1466700032.0,904300032.0,541449984.0,71.319,52841777.0,2738700032.0,516900000.0,8228800000.0,2139699968.0,1079000064.0,0.10195,0.25822002,0.17749001,0.35685003,1.579,0.72468,5996100096.0,0.111,0.125,,26940686336.0,3847900000.0,2221800032.0,0.0544418213295514,0.0364657044889907,0.0218338542667581,0.1551657407252942,0.2600257592844643,0.5987503758044763,0.0570883665042014,0.2444180865892018,0.0540646694717329,0.1903100367840252,0.0557444969145999,0.2016881580676723,-0.0094153873878217,1.5148291971946994,18.45865834633385,0.3939825652289619,0.1760688084998735,United States,USD
WTW,Financial Services,Insurance Brokers,24803454976.0,30058766336.0,2764999936.0,1667000064.0,2052125056.0,83.887,94447976.0,6905999872.0,1855000064.0,29530000000.0,4196999936.0,1800000000.0,0.050890002,0.20611,0.20522,0.42407,1.187,0.85693,9896999936.0,0.085,0.33,,30058766336.0,7976000000.0,5050999808.0,0.0919864742648631,0.0672083814780239,0.0827354518951352,0.3215681044321299,0.1421266486962411,1.2310287805723803,0.0307041236189504,0.3649035712842494,0.0313054466001526,0.2633068081343943,-0.0081354806922014,0.0667967197716845,-0.0473514159199998,1.8267630831511168,8.511538461538462,0.2606429240316094,0.1425351024088625,United States,USD
ACS.MC,Industrials,Engineering & Construction,32923869184.0,34191415296.0,2202269952.0,991340032.0,440224384.0,19.028,265944013.0,13626000384.0,10474999808.0,45189213000.0,16160508928.0,3184761088.0,0.03349,0.24611999,0.04448,0.32057,1.463,2.5743400000000003,50411180032.0,0.047,0.187,,34191415296.0,4815316000.0,3151000576.0,0.0644100261113683,0.0301100707957423,0.0133709796239239,0.1462560786245651,0.3576187292308012,0.4440700161294404,0.140345028161706,0.164562522961337,0.1357742067565725,0.2121589091236891,0.0081474765691004,0.0752863716655131,0.0,1.430796698260541,3.196598810310641,0.2337267722184734,0.1217002046414758,Spain,EUR
8802.T,Real Estate,Real Estate - Diversified,4982721478656.0,8508408332288.0,440520015872.0,222507008000.0,-247226253312.0,2229.224,1206470102.0,3581920935936.0,282933985280.0,7996591000000.0,454762004480.0,508916989952.0,0.02488,0.08384,0.19094,0.26044,1.928,1.24477,1746147999744.0,0.008,-0.187,,8508408332288.0,2563642000000.0,3298986950656.0,0.0517746679129514,0.0446557185572446,0.0,0.5145063819002575,0.0568694840688988,-1.1110942326454725,0.0539306139451805,,0.0562873388089607,-0.4122111269614836,-0.013142531469277,0.0544378584309499,-0.0554634513249262,7.488846889569196,7.6642837619057635,0.1420793476612609,0.0514600833930019,Japan,JPY
ADYEN.AS,Technology,Software - Infrastructure,25071669248.0,14751953920.0,1196995968.0,1062526016.0,534254016.0,167.596,31536692.0,252366000.0,10827529216.0,12256849000.0,1618131968.0,1030422016.0,0.059169997,0.22329001,0.49539003,0.68093,1.722,4.775,2376361984.0,0.169,0.119,,14751953920.0,5285427000.0,-10575163216.0,0.0811415202685231,0.0423795482259227,0.0213090724321284,0.2108127284114369,0.1320185936858649,0.5028149974259077,-0.3333913739624865,-0.222140449312261,-0.4722950397584407,-0.2085904001805308,0.7395821106781988,0.0727833429713182,0.0016358486293887,-8.834752579550878,71.76055837563452,4.083046115562318,0.2584670127439646,Netherlands,EUR
LYV,Communication Services,Entertainment,39740366848.0,42057895936.0,1493752064.0,-410320992.0,2120347904.0,-0.604,232712799.0,10583402496.0,9077847040.0,22912533000.0,6625440768.0,2412900096.0,0.02179,0.14927,-0.09927,0.25868,0.885,7.38269,25612318720.0,0.122,,,42057895936.0,271007000.0,1505555456.0,0.0355165666459648,0.0,0.0533550158736571,0.0068194388098266,0.2891623011737724,,0.1474453894004332,-0.4095761051289539,0.1184521477121265,-0.3617200379328528,-0.0043272790114488,0.1666989242860462,0.0052127990402797,1.00790184146651,4.260820863643986,0.2279890703308275,0.113311672820623,United States,USD
RBLX,Communication Services,Electronic Gaming & Multimedia,29834833920.0,28281118720.0,-981521984.0,-1096056960.0,1203860608.0,0.557,671595792.0,1788000000.0,3199000064.0,9557118000.0,1276691968.0,1981357952.0,-0.08785,-3.11935,-0.16436,0.241,0.893,4.35036,5297550848.0,0.393,,,28281118720.0,394484000.0,-1411000064.0,0.0,0.0,0.0403508399352269,0.0132222623078037,0.133585456201336,,0.3001871686405706,,0.2603919728078778,0.8731260337413166,0.0268733314819725,0.3320019517761874,0.0629340760092374,,-25.68061453909568,1.1081420313199106,-0.2320149194443892,United States,USD
4901.T,Industrials,Conglomerates,4171198627840.0,5105261215744.0,522580983808.0,276735000576.0,-266789371904.0,3185.477,1196900550.0,1027013017600.0,170552999936.0,5249908000000.0,1369511952384.0,410554990592.0,0.03873,0.07706,0.10974,0.40796003,1.366,0.26715,3356968878080.0,0.068,0.047,,5105261215744.0,3348480000000.0,856460017664.0,0.1023612625728972,0.0663442394540927,0.0,0.8027620592438596,0.2608639908326012,-0.9640608211780258,0.081590905864034,,0.0731977433202692,-0.705641074944118,-0.0022673313112059,0.0975126791067553,0.0,1.63890391001803,39.91613345521024,0.3997563648720006,0.0847111325791082,Japan,JPY
SAMPO.HE,Financial Services,Insurance - Diversified,24047230976.0,7704318976.0,2369999872.0,1667000064.0,708249984.0,3.09,2644459973.0,2424999936.0,18642999296.0,25723000000.0,4373000192.0,969000000.0,0.05185,0.21256,0.024619998,0.40976003,1.896,0.29555,10672000000.0,-0.078,,,7704318976.0,8092000000.0,-16217999360.0,0.3076196454719582,0.0693219134321006,0.0294524548255414,0.3365044402857072,0.1700035062784278,0.4248650010849669,0.1027117002668529,,0.0958638831365086,,,0.0508619985292916,-0.0076116740525959,-6.843038074223154,37.35820895522388,0.3995876394117975,,Finland,EUR
SYF,Financial Services,Credit Services,23150680064.0,20529334272.0,,3516999936.0,,45.267,336370242.0,16428000256.0,20558999552.0,119095000000.0,9891999744.0,9834000384.0,0.02957,0.2178,0.48032,0.0,,0.9798401679589646,9891999744.0,0.061,0.201,,20529334272.0,16766000000.0,-4130999296.0,0.0,0.1519177806560007,0.0,0.7242119865874537,0.0830597400730509,0.0,0.0866934224036191,,0.0820412736275253,,,-0.0030804516879703,0.0004979899606885,,,0.5986121396856156,,United States,USD
RF,Financial Services,Banks - Regional,24342650880.0,28716587008.0,,2135000064.0,,20.414,853379538.0,8105999872.0,5213000192.0,158814000000.0,7177999872.0,1982000000.0,0.01388,0.11895,0.40067002,0.0,,0.425668217822822,7177999872.0,0.073,0.216,,28716587008.0,19043000000.0,2892999680.0,0.0,0.0877061448453061,0.0,0.7822894923759429,0.0451975258604405,0.0,0.0165201840386388,-0.0856648008970932,0.0080408858603066,-0.1254901960784313,,0.0096120837624442,-0.0436693593689734,,,0.2445102431898977,,United States,USD
Z74.SI,Communication Services,Telecom Services,69728083968.0,78660050944.0,3426500096.0,5606099968.0,945649984.0,1.579,16406609022.0,11678699520.0,3470400000.0,50696900000.0,3592900096.0,4920300032.0,0.01923,0.20549,0.08369,0.25195,1.04,0.40669,14260599808.0,0.046,-0.807,,78660050944.0,28559400000.0,8208299520.0,0.0435608679994297,0.0803994552693113,0.0135619671470391,0.4095824576666503,0.0708702128927015,0.1686823262870506,-0.0083618029429606,-0.0243689646501948,-0.0075075316750235,-0.1349361062723561,,0.0836537824394602,-0.0012979248598586,2.395534595076223,15.30287569573284,0.4213054735738247,0.1566775414452533,Singapore,SGD
8604.T,Financial Services,Capital Markets,3952806461440.0,-9082198032384.0,,362128998400.0,,1277.986,2922592396.0,35363905077248.0,48617301737472.0,56802170000000.0,1697417003008.0,-842960011264.0,0.00627,0.1007,0.18655,0.78305,1.575,9.17372,2167713038336.0,0.275,0.045,,,3470879000000.0,-13253396660224.0,,0.0916131366239664,0.0,0.8780796717114162,0.0298829605102762,0.0,0.1327569108436301,,0.1342833911826039,0.171879227326467,,0.0300099898085493,0.0,,,-0.0238367343601522,,Japan,JPY
ZM,Technology,Software - Application,27097591808.0,19891337216.0,1341010048.0,2071222016.0,1981199232.0,33.189,264645644.0,60212000.0,7720974848.0,11960416000.0,3836338944.0,2021396992.0,0.06548,0.21948,0.25058,0.77768,4.221,0.604,4933060096.0,0.055,0.742,,19891337216.0,9808258000.0,-7660762848.0,0.0674167871892157,0.0764356489932996,0.0731134798264653,0.3619605044424765,0.3207529691274952,0.9565363909302904,0.0348735974281675,0.1785209091150283,0.0339352607017106,0.1619041080129028,0.0206636887447314,0.0884562941299755,-0.0334055967081979,-5.712681168515749,,33.57133116322328,0.1128006733307727,United States,USD
MTD,Healthcare,Diagnostics & Research,22831960064.0,25063882752.0,1217576960.0,875059968.0,615044352.0,-2.073,20207601.0,2228637952.0,60574000.0,3712646000.0,2420582912.0,901116992.0,0.20573999,-37.02233745134541,0.23291999,0.59186,1.202,-94.28997935352852,4089782016.0,0.072,0.067,,25063882752.0,,2168063952.0,0.0485789441343776,0.0383260992725604,0.0269378691218789,,0.6519832249021318,0.702859660470721,0.0089918566130791,0.0477505053674596,0.0103576023186848,0.0406300157060015,0.0049130088988963,0.1458787487280088,0.0,1.780638122455931,16.309187769101655,0.4043352986927865,0.4443868237801895,United States,USD
ML.PA,,,0.0,,,,,83.874,713302016.0,,,35018000000.0,,,,0.0,,,,0.0,,,,,,18072000000.0,0.0,,,,,0.2004397738306014,,-0.0312571406375798,,-0.0324887847581685,0.2856013551665725,0.0063860072208835,-0.0624866138359391,-0.0257188836856035,,7.378531073446328,,0.0949300381610031,France,EUR
DOW,Basic Materials,Chemicals,25092612096.0,41497186304.0,2641999872.0,-2859000064.0,-675875008.0,21.157,720741438.0,19634999296.0,4329999872.0,58538000000.0,2460000000.0,2064999936.0,-0.00135,-0.15262,0.0001,0.06255,1.848,1.17133,39331000320.0,-0.061,,,41497186304.0,16008000000.0,15304999424.0,0.0636669641321038,0.0,0.0,0.637956699715285,0.0420239844203765,,-0.1110821473761681,,-0.1137615474693151,-0.9641257448119992,-0.0871286753841581,0.0213916806253489,0.0074134276968701,5.792959941521148,-1.902890173410405,0.1051693409747499,-0.0333502178097457,United States,USD
FMG.AX,Basic Materials,Other Industrial Metals & Mining,60347715584.0,61505114112.0,8280999936.0,3734000128.0,3190874880.0,9.592026,3078964918.0,5756000256.0,4743000064.0,30515000000.0001,6847000064.0,7247000064.0,0.11773,0.18691999,0.35075,0.41898,3.025,0.27799,16341999616.0,0.105,0.218,,61505114112.0,19983999999.9999,1013000192.0,0.134639209365914,0.0618747551894076,0.0528748246577538,0.3311475804280197,0.2243814538423718,0.854546001772392,-0.0378435178396127,,-0.0257139054435752,,-0.0759309722112339,0.0151363938789088,0.0,0.1223282453603438,80.2063492063492,1.25903400654748,0.1818476265879721,Australia,AUD
CINF,Financial Services,Insurance - Property & Casualty,26080184320.0,25369513984.0,3648000000.0,2756999936.0,2748250112.0,101.643,154686742.0,884000000.0,1259000064.0,41002000000.0,3612000000.0,3457999872.0,0.05553,0.18735,0.11841,0.27938998,1.044,5.626,12928000000.0,0.116,,,25369513984.0,15911000000.0,-375000064.0,0.1437946348637468,0.1057124406090087,0.1053769435936256,0.6100800440968662,0.088093263743232,0.9968263241918334,0.2438798815724228,0.1492543389509626,0.1926598263614838,0.1535444330949948,,0.1233116900906824,1.7199900388826667e-05,-0.1027960701754386,57.22641509433962,3.911764561085973,,United States,USD
XPO,Industrials,Trucking,25994569728.0,29246083072.0,1295000064.0,348000000.0,323750016.0,15.912,117409981.0,4092000000.0,237000000.0,8194000000.0,1540000000.0,1027000000.0,0.059609998,0.19937,0.087790005,0.18556,0.991,2.2107,8298999808.0,0.073,0.466,,29246083072.0,1861000000.0,3855000000.0,0.0442794360124014,0.0133874114340562,0.0124545249022249,0.0715918755137319,0.1879423968757627,0.9303161379310344,0.0186114711296434,0.0189319248759407,0.0207629926477548,0.2447682119205298,0.0254355259122895,0.0625,0.0017944509874204,2.9768338297163206,2.9954337899543377,0.2509775171065493,0.0988100617562885,United States,USD
VRSN,Technology,Software - Infrastructure,25598298112.0,27454390272.0,1172099968.0,840899968.0,807275008.0,-24.296,91000000.0,1794599936.0,556400000.0,1325900000.0,1487100032.0,1072200000.0,0.52069,-0.3903537127471915,0.68454003,0.8835,0.462,-0.8330702516015226,1683200000.0,0.066,0.114,,27454390272.0,,1238199936.0,0.0426926242538117,0.0328498388572872,0.0315362765316638,,1.1215778203484426,0.9600131272689024,0.0515043899798031,0.0995114424443062,0.0495368558382257,0.0968124912083274,0.0223562755000622,-0.0573053679345894,0.0011261261261261,1.0563944798264853,13.751500600240096,0.5974590651049706,,United States,USD
WSM,Consumer Cyclical,Specialty Retail,24941086720.0,25208446976.0,1649757952.0,1088536064.0,885462144.0,17.534,117746611.0,1493564032.0,651601024.0,5411912000.0,3630668032.0,1352263040.0,0.17356001,0.54007,0.16173,0.46062002,1.331,0.79878,7882159104.0,0.044,0.043,,25208446976.0,2082559000.0,841963008.0,0.0654446485168511,0.0436442916950813,0.0355021476786718,0.0834991283010141,0.6708660510370457,0.8134430941554914,-0.0345171823211323,0.147399725189306,-0.033082412637893,0.065417483726092,0.0375516521925673,0.0208059556281708,-0.0352881936830478,0.5103554778925533,759.1002680965147,0.9053934153658032,0.4094306697183339,United States,USD
ILMN,Healthcare,Diagnostics & Research,24719394816.0,25970710528.0,1155000064.0,853000000.0,845625024.0,17.605,151300000.0,2544000000.0,1155000064.0,6644000000.0,3000000000.0,1128000000.0,0.08683,0.33822,0.18332,0.6829,1.748,0.95067,4392999936.0,0.048,0.061,,25970710528.0,2723000000.0,1388999936.0,0.0444731792283754,0.0345073172846401,0.0342089695275491,0.1101564184830891,0.4515352197471403,0.9913540726846424,-0.0178411368597224,1.0632313996739735,-0.0192102454642476,0.5719073435189749,0.0124914658761626,0.0541012216404886,0.005,1.2025972805487222,11.752475247524751,0.4433962264150943,0.2346313500691836,United States,USD
AWK,Utilities,Utilities - Regulated Water,24708845568.0,40221175808.0,2836000000.0,1102000000.0,-1896625024.0,56.519,195280521.0,15708999680.0,183000000.0,35442000000.0,3166000128.0,2032999936.0,0.035099998,0.10217,0.33223,0.60826,0.37,1.4233000000000002,5205000192.0,0.057,-0.048,,40221175808.0,10837000000.0,15525999680.0,0.0705101216716772,0.0445994126664979,0.0,0.4385878721114681,0.0893290482478415,-1.72107533938294,0.1067042985080599,,0.1007058823529411,0.0097783870230751,0.0262385279679521,0.0795613767895217,0.0011651795080583,5.474612016925247,3.31219512195122,0.1294162567581133,0.0663625997719498,United States,USD
4503.T,Healthcare,Drug Manufacturers - General,3774674108416.0,4120876154880.0,574652022784.0,291534995456.0,388721246208.0,1020.961,1791492258.0,565951987712.0,281605013504.0,3339544000000.0,1730818998272.0,560188030976.0,0.06879,0.17438,0.16509001,0.80907995,1.167,0.30911,2139244986368.0,0.207,-0.028,,4120876154880.0,1513255000000.0,284346974208.0,0.1394489912305394,0.0772344809333326,0.1029814058229049,0.4008968606391879,0.5182800401108655,1.333360496224433,0.1384148252554942,-0.0882494141531552,0.1221671842176718,-0.1734308337272275,0.0125901706400155,-0.0644494639880121,0.0,0.4948159284821316,2.7670984895627084,0.98981546692803,0.021472966293141,Japan,JPY
2388.HK,Financial Services,Banks - Regional,498189402112.0,-44953731072.0,,40120999936.0,,33.91,10572780266.0,150518005760.0,689727012864.0,4489809000000.0,68727996416.0,-304603004928.0,0.00949,0.116730005,0.69141,0.0,,0.4198221777936451,68727996416.0,-0.027,-0.012,,,358528000000.0,-539209007104.0,,0.0805336279051962,0.0,0.7196620371289991,0.0153075546010977,0.0,0.1882321406721196,,0.1551538844217382,-0.4883617855802751,,0.0704273404017921,0.0,,,-2.0236981176437294,,Hong Kong,HKD
RVMD,Healthcare,Biotechnology,30792470528.0,29183471616.0,-1378393984.0,-1371700992.0,-606370880.0,7.493,212596462.0,437272000.0,1908083968.0,2354508000.0,-1125553024.0,-1057470976.0,-0.3753,-0.76672995,0.0,0.0,6.795,0.29153,,,,,29183471616.0,1631297000.0,-1470811968.0,0.0,0.0,0.0,0.052977139282041,-0.4780417072271574,,,,-1.002725724020443,-0.4327696527169007,,-0.0796595084003016,0.0597362969876403,,-45.68816804919318,-2.418336815529007,-0.5363492958619901,United States,USD
ESLT.TA,Industrials,Aerospace & Defense,122800259072.0,113964261376.0,917980032.0,588046976.0,96182496.0,91.658,46834574.0,895112000.0,925265024.0,,2033004032.0,875852032.0,0.037750002,0.15567,0.09372,0.24697,1.406,0.21011,8231671808.0,0.155,0.421,,113964261376.0,4129598000.0,-30153024.0,0.0080549816312267,0.0047886460537124,0.0007832434290192,0.0336285772620295,,0.1635626062636193,0.1293379128432983,1.5100156973137433,0.1239389899534872,0.7939358897879478,-0.0053878286773688,,0.0425314920489786,-0.0328471458516431,8.850825718836449,0.978483175289796,,Israel,ILS
QBE.AX,Financial Services,Insurance - Property & Casualty,36274913280.0,34668183552.0,3132000000.0,2132000000.0,3673374976.0,10.814356,1494024468.0,3929999872.0,4524000256.0,48534999999.9999,3400999936.0,4223000064.0,0.041950002,0.19327,0.22604,0.18176001,8.478,0.33667,18710999040.0,0.0,0.189,,34668183552.0,11673000000.0,-594000384.0,0.0903422008050178,0.0587734003260999,0.1012648864973385,0.3217926369636796,0.0700731417739776,1.7229713771106945,0.1333250127066767,,0.1135620938680405,,,0.1069424804999268,0.0006644518272425,-0.1896552950191571,12.200787401574804,1.0745547586623432,,Australia,AUD
8801.T,Real Estate,Real Estate - Diversified,4192320880640.0,8853939814400.0,548765007872.0,278684008448.0,-170097246208.0,1206.273,2717536083.0,4632543756288.0,88023998464.0,9859856000000.0,674785001472.0,145269997568.0,0.02491,0.08169,0.13074,0.24902001,1.756,1.36862,2709746876416.0,,,,8853939814400.0,3147488000000.0,4544519757824.0,0.0619797535758591,0.0664748754645555,0.0,0.7507745923111458,0.0684376122198944,-0.6103588331288792,0.0771182729491533,1.2213851860357638,0.071979208039558,0.8832878318209998,,0.0390250220058386,-0.010120141158016,8.281358491582273,5.408796706699535,0.0313585807734286,0.0556044994541406,Japan,JPY
QSR.TO,Consumer Cyclical,Restaurants,47162417152.0,51671293952.0,2870000128.0,1079000064.0,1650000000.0,14.599159,346983973.0,15683000320.0,1018000000.0,25615000000.0,3252000000.0,1747000064.0,0.06436,0.28136,0.25882998,0.33914003,0.989,2.96409,9589000192.0,0.073,1.0,,51671293952.0,3634000000.0,14665000320.0,0.0555434150858711,0.0228783876899796,0.0349854841977714,0.077052878530122,0.1269568612141323,1.529193607165532,0.1319211904714223,0.013953086918131,0.1297031912519526,0.0206586826347305,-0.0609284422201281,0.0399074374797012,0.0674931609874923,5.109755981167678,4.226053639846743,0.1113945054105565,0.0970779792290089,Canada,CAD
LPLA,Financial Services,Capital Markets,23086254080.0,27924805632.0,,900854976.0,,70.905,79982861.0,7521254912.0,2725543936.0,18492753000.0,5419463168.0,-460814016.0,0.05493,0.20452,0.111260004,0.30378,2.446,1.32284,17840070656.0,0.35,0.045,,27924805632.0,5344485000.0,4795710976.0,0.0,0.0390212709640246,0.0,0.2315007441865597,0.2930587548538608,0.0,0.2547195068366008,,0.229017012671644,-1.0953861788348234,-0.0387708173934762,0.3886154538827537,0.0437155640334865,,3.849503973664249,-0.0612682353399272,0.1070482061010555,United States,USD
VRSK,Industrials,Consulting Services,24081815552.0,28094828544.0,1508099968.0,910200000.0,944362496.0,2.233,131021840.0,4625200128.0,525200000.0,6195500000.0,2171000064.0,1381699968.0,0.17999001,2.9456310679611653,0.45004,0.6998,1.018,14.968285203883497,3102299904.0,0.039,0.048,,28094828544.0,309000000.0,4100000128.0,0.0536789169450928,0.0377961536178449,0.0392147549656641,0.0128312584793606,0.3504156345734807,1.0375329553944188,0.0716028813751701,0.1497035391412786,0.0692512216154067,0.1408317681781593,0.0290353853074236,0.4527399348137031,0.0,2.718652751804846,7.853715623171445,0.2987330125750614,0.3445779420825631,United States,USD
ABN.AS,Financial Services,Banks - Diversified,27508819968.0,76356116480.0,,2110000000.0,,33.489,815801264.0,120400003072.0,71414996992.0,413210000000.0,8775000064.0,,0.0053,0.08442,0.4493,0.0,,4.452662835502959,8775000064.0,0.036,0.158,,76356116480.0,27040000000.0,48985006080.0,0.0,0.0767026721776683,0.0,0.9829574671488868,0.0212361754652597,0.0,0.0455387245907388,,0.0423701778224138,0.3720476283427679,,0.0731417203614104,-0.0118208018138524,,,0.0,,Netherlands,EUR
LDO.MI,Industrials,Aerospace & Defense,30661224448.0,34453807104.0,2436000000.0,1290000000.0,1276749952.0,16.935,576989566.0,4568999936.0,1492999936.0,34509000000.0,7818999808.0,1930000000.0,0.05238,0.13074,0.05643,0.39506,0.833,0.4168,19791998976.0,0.069,-0.571,,34453807104.0,9560000000.0,3076000000.0,0.0707033621174824,0.0420726837634217,0.0416405402910542,0.3117944626188466,0.2265785681416442,0.9897286449612404,0.098500001701594,0.2346498774309284,0.1001456815816857,0.2344066237350505,0.0100727157403096,0.0248270127401775,0.0,1.2627257799671592,18.17708333333333,0.4224119122421454,0.1168865965570366,Italy,EUR
AV.L,Financial Services,Insurance - Diversified,18635591680.0,13316118528.0,3372000000.0,767000000.0,-910249984.0,3.507,2992227315.0,12433000448.0,18200000512.0,395304000000.0,5500000256.0,-2563000064.0,0.0053600003,0.10695,0.11532,0.19179001,1.536,1.1212,28676999168.0,0.371,9.795,,13316118528.0,10686000000.0,-5767000064.0,0.2532269439408823,0.0411578024014743,0.0,0.5734188741357956,0.0139133432902272,-1.1867666023468058,,,0.5856839589662756,-0.592265489094072,,0.117047159654462,0.1419462172182761,-1.7102609916963227,4.809523809523809,-0.2061449345811203,,United Kingdom,GBP
MKL,Financial Services,Insurance - Property & Casualty,22944137216.0,21981069312.0,2983488000.0,1746455040.0,-1021131648.0,1440.231,12513710.0,4382844928.0,5706608128.0,68905050000.0,7895702016.0,2400975872.0,0.02477,0.09994,-0.096820004,0.49307,3.218,0.235,16013251584.0,-0.169,,,21981069312.0,18597756000.0,-1323763200.0,0.1357298845498495,0.0761177037758524,0.0,0.8105668051458013,0.1145881472548093,-0.5846881967256369,0.114039480031,0.0133502325643444,0.0963296291226239,0.0044438931805904,,0.1132034966826543,-2.930897537728356e-05,-0.4436965055666387,14.27137098732456,0.5478121885310746,,United States,USD
PFG,Financial Services,Asset Management,23592871936.0,22996113408.0,2187099904.0,1561600000.0,1457624960.0,54.587,216012384.0,4166899968.0,5338999808.0,341376500000.0,7360399872.0,3746500096.0,0.00375,0.13385999,0.148,0.47612998,1.526,0.33624,15458700288.0,-0.045,8.19,,22996113408.0,11883900000.0,-1172099840.0,0.0951073716325968,0.06618948317255,0.0617824300472649,0.5037072227678454,0.0215609447984849,0.9334176229508196,-0.0377225619285263,0.1324152991673475,-0.0207760769183116,0.1269736256186465,,0.0883522984496766,0.0043443952816848,-0.5359150891353155,,0.8991096798030934,,United States,USD
PHM,Consumer Cyclical,Residential Construction,22968844288.0,23216097280.0,2943536896.0,2042926976.0,1483359744.0,67.904,190486353.0,2453818112.0,1808448000.0,18048423000.0,4392084992.0,1896771968.0,0.0996,0.16178,0.13135,0.261,7.139,18.942,16827875328.0,-0.124,-0.304,,23216097280.0,12985442000.0,645370112.0,0.1267886182806346,0.0889433943817243,0.0645813836081851,0.5653502560764105,0.2433500695323907,0.7260953335220925,0.0265538662962443,0.4652682118091842,0.0345335429878381,0.2033694023326837,-0.0379700017332473,0.0394303930547773,-0.0502082615445196,0.2192498802637736,4813.100826446281,0.7729880053962207,0.1746313143613258,United States,USD
WST,Healthcare,Medical Instruments & Supplies,23344789504.0,23178301440.0,869900032.0,542700032.0,275662496.0,42.178,70647595.0,321000000.0,521400000.0,4270000000.0,1168499968.0,715299968.0,0.11214,0.19131,0.21695,0.36278,2.71,10.734,3220999936.0,0.21,0.561,,23178301440.0,3176000000.0,-200400000.0,0.037530792938035,0.023247158939129,0.0118083093425522,0.1360474892890257,0.2736533882903981,0.5079463418937111,0.0211638141766776,0.0218960647513908,0.0171128431040325,-0.0124062031015507,-0.0344414571501016,0.1719822144151067,0.0005765205843293,-0.2303712985723858,1202.8,2.2283488099688475,0.1663577771016016,United States,USD
EQR,Real Estate,REIT - Residential,26242656256.0,34308325376.0,1892307968.0,952153984.0,1416540928.0,28.435,374712144.0,8643318784.0,34677000.0,20746023000.0,1954185984.0,1623752960.0,0.02706,0.08671,0.27398002,0.62775004,0.115,0.7842,3112995072.0,0.025,-0.646,,34308325376.0,11041499000.0,8608641784.0,0.0551559409344923,0.0362826832280861,0.0539785650576484,0.4207462420072481,0.0941956915790559,1.4877225236711291,0.0419404074242479,0.0179941526467186,0.0404847948051267,0.0207174016565335,-0.0119778239433725,-0.0042311728575202,-0.0043987306549473,4.549281580787594,4.82182739131285,0.1878622090169571,0.0750590521756681,United States,USD
TPL,Energy,Oil & Gas E&P,25894381568.0,25648242688.0,690252032.0,503625984.0,-56057624.0,22.558,68974429.0,17987000.0,247571008.0,1623278000.0,782336000.0,551192000.0,0.25188,0.36466,0.77222,0.93242997,4.227,1.156,839025024.0,0.208,0.183,,25648242688.0,1458907000.0,-229584008.0,0.026912254394838,0.0194492377691064,0.0,0.056340677461975,0.4819482553204072,-0.111308045615057,0.0614558171674997,-0.577562159616098,0.0665753844946361,-0.6630360270479991,-0.0962024760508291,0.3006826813672857,0.0,-0.3326089563760965,885.5347826086957,30.64390949018736,0.3942798293098898,United States,USD
HPQ,Technology,Computer Hardware,22579566592.0,29740564480.0,4712000000.0,2552999936.0,3450874880.0,-0.157,914522690.0,10864000000.0,3703000064.0,41769000000.0,11664000000.0,4593999872.0,0.058790002,-7.378612531791908,0.07114,0.20315,0.794,-31.39884393063584,57416998912.0,0.09,0.162,,29740564480.0,,7160999936.0,0.1584368044920175,0.1130668263980113,0.1528317590127108,,0.2792501616031028,1.3516940722712183,-0.0420958405575944,-0.088555193054874,-0.0408085789553046,-0.0796327079870181,0.0110929802979119,0.0466060287153273,-0.0189991576046151,1.5197368285229202,5.807207207207207,0.4228644948453608,0.2576133002957397,United States,USD
P,Technology,Computer Hardware,22066702336.0,21662636032.0,320168992.0,226254000.0,267954368.0,4.376,332404932.0,911254016.0,1234183936.0,4674259000.0,2765132032.0,776313024.0,0.024230001,0.16846001,-0.18452999,0.7023,1.617,1.27364,3937253888.0,,,,21662636032.0,1445668000.0,-322929920.0,0.01477977987199,0.0102531858433095,0.0121429275620786,0.0655135496907262,0.5915658571765064,1.1843077603047902,0.0998020993811779,0.0036239411855818,0.0987758256865733,0.011502290683123,0.0146195614335179,0.1791945997191684,0.0,-1.0086233460109717,67.45451851851851,0.8519172594790517,0.0823577589590593,United States,USD
DG,Consumer Defensive,Discount Stores,24733276160.0,38700994560.0,3387527936.0,1564509952.0,1882562304.0,40.09,220586647.0,15798401024.0,1353112960.0,30963730000.0,13278872576.0,3503533056.0,0.04632,0.1891,0.05919,0.30827,1.169,1.78649,43075354624.0,0.034,0.124,,38700994560.0,8511962000.0,14445288064.0,0.0875307721290767,0.0632552655733578,0.0761145548135908,0.344150202542355,0.4288524856662941,1.2032919967005746,0.0412529383421078,0.780554530467686,0.0414308896861723,0.5314811389197782,-0.0057210124824848,-0.0054284665596174,0.0012867204088406,4.264256512983041,9.52069897253293,0.2217650413277672,0.0914550697539162,United States,USD
DGX,Healthcare,Diagnostics & Research,22707159040.0,28951717888.0,2225999872.0,1020000000.0,947875008.0,66.36,110696429.0,6408000000.0,393000000.0,16225000000.0,3752999936.0,1850000000.0,0.06348,0.14538999,0.14197,0.33277,1.179,0.8273699999999999,11278000128.0,0.092,0.155,,28951717888.0,7170000000.0,6015000000.0,0.0768866248493889,0.0449197540829836,0.041743443392908,0.3157594478186206,0.2313097032973806,0.9292892235294118,0.0374356807794651,0.0112876350212722,0.0407172468907647,0.0161943319838056,-0.0152391040419853,0.0044573763387606,0.0038807059839261,2.7021564896118737,5.758122743682311,0.2887016229712859,0.1143615114361511,United States,USD
0669.HK,Industrials,Tools & Accessories,211023888384.0,208202924032.0,1613318016.0,1198294016.0,1088815872.0,29.813547,1828629941.0,1758932992.0,1903021056.0,13429004000.0,6291936768.0,1979181056.0,0.06293,0.17989999,0.08364,0.41233003,1.673,0.25278,15259533312.0,0.016,0.001,,208202924032.0,6958454000.0,-144088064.0,0.0077487769372155,0.0056784756701073,0.0051596806424999,0.0329747217402122,0.46853338996697,0.9086383287088032,0.048091016960907,0.7778530346063834,0.0485843566500523,0.3397645196576507,0.0190425067387384,0.0417761498419493,-0.0016891293205326,-0.0893116314148939,14.478646011197004,1.1252168587443268,0.1666568793080508,Hong Kong,HKD
EXE,Energy,Oil & Gas E&P,21023430656.0,24025106432.0,7424000000.0,3227000064.0,1695624960.0,81.413,239228849.0,5058999808.0,2220000000.0,28287000000.0,6213000192.0,5880999936.0,0.09668,0.17568001,0.3404,0.47955,1.111,0.25883,12956000256.0,0.41,,,24025106432.0,18578000000.0,2838999808.0,0.3090100774792688,0.1534954078999959,0.0806540563119785,0.8836807038768393,0.2196415382331106,0.5254493109300415,0.0212750599993247,-0.1061482433752288,-0.0147748961490962,-0.2234850166481687,-0.2042588903180913,0.0140890514089051,0.0322733385647866,0.3824083793103448,10.71063829787234,1.1624827355597322,0.0991491373197825,United States,USD
TROW,Financial Services,Asset Management,22883674112.0,20631994368.0,2928600064.0,2044099968.0,1880349952.0,50.156,214266606.0,459600000.0,3729799936.0,14341800000.0,3852000000.0,1944800000.0,0.10848,0.18688999,0.37183997,0.51999,5.545,3.87,7407900160.0,0.053,0.037,,20631994368.0,10860100000.0,-3270199936.0,0.141944594001161,0.0893256894848057,0.0821699322756025,0.4745785115994576,0.2685855331966699,0.919891385664363,0.0407704351692572,-0.1133052215137521,0.0455059527073212,-0.1092269326683291,-0.0368959235669686,0.064563539192399,-0.019738435456527,-1.1166427182048986,,4.231505657093124,0.1777927688708357,United States,USD
FTAI,Industrials,Aerospace & Defense,23270948864.0,26243446784.0,1020729024.0,521740000.0,-320180256.0,4.207,102582972.0,3496486912.0,412240000.0,4373758000.0,1025662976.0,-444855008.0,0.11344,2.3329,0.22479999,0.36166,5.24,8.09979,2836026112.0,0.655,0.483,,26243446784.0,334174000.0,3084246912.0,0.0388946251001722,0.0224202288892108,0.0,0.0143601364066836,0.2345038239427055,-0.6136778012036647,0.5239824347409485,,0.3895048644827012,-0.124001096236603,-0.0618623520860386,0.0831624546304661,0.0002175308425882,3.0216118474946,3.448765090756445,-0.1272291357571653,0.2150126211566873,United States,USD
FFIV,Technology,Software - Infrastructure,22011686912.0,20864000000.0,903073984.0,708214016.0,759182528.0,62.198,56419247.0,259860992.0,1442811008.0,6319492000.0,2629431040.0,1015414976.0,0.081520006,0.2034,0.22016001,0.81542,1.611,7.12,3224624896.0,0.11,0.04,,20864000000.0,3591999000.0,-1182950016.0,0.0432838374233128,0.0321744543628733,0.0344899748499566,0.1631859936205874,0.4160826598087314,1.0719676691628763,0.0463191317434168,0.3037590726003483,0.0413427042322726,0.2473214042205821,0.0143005201517109,0.1258662919178393,-0.0070575274555031,-1.30991484303461,,3.907531361998341,0.1681427585947556,United States,USD
0001.HK,Industrials,Conglomerates,258719514624.0,570232471552.0,47651000320.0,11841000448.0,26554750976.0,146.936,3830044500.0,334620000256.0,143748005888.0,1155673000000.0,162702999552.0,62566998016.0,0.015269999,0.028889999,0.105550006,0.58101004,1.571,0.48609,280036016128.0,-0.028,0.597,,570232471552.0,562772000000.0,190871994368.0,0.0835641649629464,0.0457677128267987,0.1026391496389142,2.17522053107545,0.1407863639212822,2.242610418994217,0.0217935896537881,0.1058130493248279,0.0212442664983414,0.1174568173465637,-0.0023220005418518,0.0387679746023071,0.0,4.00562408105182,3.192222130674796,0.1869792539840216,0.0379741128363557,Hong Kong,HKD
PUB.PA,Communication Services,Advertising Agencies,22332819456.0,23793281024.0,2881999872.0,1652999936.0,1816249984.0,41.643,248473749.0,5695000064.0,4166000128.0,40010000000.0,7960000000.0,2943000064.0,0.040489998,0.1548,0.15568,0.4575,0.966,0.54634,17398999040.0,0.064,-0.066,,23793281024.0,10447000000.0,1528999936.0,0.1211266268444844,0.0740166255880378,0.081326497425834,0.4677868829138489,0.1989502624343914,1.098759863472856,0.0701699841059868,0.0666608378706072,0.0694379034712544,0.0731425986656112,,0.0039142871480905,0.0,0.5305343525011788,12.134328358208956,0.5167691011284947,0.1513308928460631,France,EUR
SBAC,Real Estate,REIT - Specialty,21700493312.0,37228175360.0,1827740032.0,1017729984.0,-301849504.0,-44.8,106063017.0,15421450240.0,269064000.0,11575012000.0,2117656064.0,1245238016.0,0.08568,-0.2096890903280691,0.52423,0.74191004,0.196,-3.1773750633303384,2854329088.0,0.059,-0.147,,37228175360.0,,15152386240.0,0.0490956114374551,0.0468989330964754,0.0,,0.1829506581937021,-0.2965909511810158,0.0224875662570063,-0.001479580213212,0.0189340939616013,-0.0189115627728089,0.0084574606748081,0.0138102268340005,-0.0176179098372086,8.290230544121496,3.6051257742251455,0.0807471409381534,0.1931955528284553,United States,USD
BESI.AS,Technology,Semiconductor Equipment & Materials,24659535872.0,22792882176.0,208790000.0,151706000.0,151480624.0,5.766,79214704.0,519112992.0,611438016.0,1113747000.0,399928992.0,226720992.0,0.10138,0.3127,0.34577,0.63273,4.735,1.13605,632065024.0,0.283,0.635,,22792882176.0,416397000.0,-92325024.0,0.0091603158559669,0.0061520217082535,0.0061428822012826,0.0168858409242326,0.3590842372639387,0.9985143896747656,-0.064759119908432,-0.1757342349570498,-0.0585484072214917,-0.1820975384560589,0.0199989178231068,-0.0977977700660037,0.0,-0.4421908328942957,7.140725967291584,0.4367469038416977,0.1865894257167336,Netherlands,EUR
CPAY,Technology,Software - Infrastructure,22848239616.0,31094059008.0,2550661120.0,1172201984.0,2095142784.0,53.076,65361919.0,10483340288.0,2553312000.0,26408135000.0,3813327872.0,1517432064.0,0.061869998,0.32124,0.41404,0.79714996,0.977,2.71343,4783723008.0,0.254,0.491,,31094059008.0,3883864000.0,7930028288.0,0.0820304971873809,0.0513038204999889,0.0916982147951927,0.1699852621153463,0.1443997416705117,1.7873564561378528,0.097332408585459,0.2912932406172299,0.0897686870850289,0.1357317701038233,0.0091116071827535,0.4706292482315144,0.0057898963405695,3.109008964703237,4.817473405835859,0.1447470006994778,0.1606352430896429,United States,USD
RPRX,Healthcare,Biotechnology,31679408128.0,35582230528.0,,826288000.0,-980302528.0,15.528,443274104.0,8974935040.0,608294976.0,19620780000.0,2806704896.0,2611980032.0,0.055370003,0.13769001,1.00302,1.15004,2.662,0.9032,2440521984.0,0.11,0.232,,35582230528.0,6476900000.0,8366640064.0,0.0,0.0260828105329935,0.0,0.2044514207408869,0.1430475697704168,-1.1863932769203958,0.0205786009363284,,0.0143804465850468,,,0.0767210045264934,-0.0388264179288541,,5.304019969837225,0.291030522266599,0.0859569685253323,United States,USD
CHD,Consumer Defensive,Household & Personal Products,23263123456.0,25139492864.0,1388000000.0,733000000.0,1128824960.0,17.671,236943602.0,2377400064.0,503400000.0,8912400000.0,2821600000.0,1204499968.0,0.08140001,0.16779,0.20233999,0.45470002,1.217,0.56794,6205400064.0,0.002,0.022,,25139492864.0,4002200000.0,1874000064.0,0.0552119331725911,0.0315090964197649,0.0485242216994233,0.1720405261816962,0.3165926125398321,1.540006766712142,0.0488891978846734,0.1566176724667247,0.0462260866611756,0.1483825951045242,0.028759585124105,0.0032983980817507,0.0,1.3501441383285302,11.051470588235292,0.5066458886071604,0.1418938055484375,United States,USD
BMW.DE,Consumer Cyclical,Auto Manufacturers,40234389504.0,139530010624.0,14666999808.0,6818999808.0,2344892928.0,157.622,554226093.0,112183001088.0,15994999808.0,265967000000.0,17169000448.0,5855000064.0,0.020539999,0.0709,0.06553,0.13136,1.173,1.12684,130702000128.0,-0.081,,,139530010624.0,95697000000.0,96188001280.0,0.1051171697214591,0.169481875879391,0.0582808129291206,2.3784876862736057,0.0645531229363041,0.3438763739586836,-0.0218785408257359,,-0.0282879250654684,-0.8828960291847903,-0.0179500398637647,-0.0065924133088312,-0.0358620127104206,6.558123852127891,19.2135231316726,0.0521915085816535,0.0586073826414029,Germany,EUR
ASTS,Technology,Communication Equipment,36045131776.0,26629804032.0,-316393984.0,-487246016.0,-1412748416.0,6.967,298746383.0,2991408128.0,3029591040.0,5014387000.0,38070000.0,-91029000.0,-0.06303,-0.37750998,-10.13994,0.44823003,18.469,1.12424,84935000.0,19.522,,,26629804032.0,1841475000.0,-38182912.0,0.0,0.0,0.0,0.0510880362830609,0.0075921543351161,,0.7246346728578685,,0.7882235506555557,-0.60154151442802,-0.0109315544473924,4.253081783144293,0.3712135555509888,,-11.672590169388153,-0.0304301506531174,-0.0865621459349763,United States,USD
NI,Utilities,Utilities - Regulated Gas,22545631232.0,41360453632.0,2982700032.0,962499968.0,-1562412544.0,20.148,479439245.0,16806800384.0,71900000.0,35858700000.0,3458700032.0,2118200064.0,0.033859998,0.091120005,0.34759,0.50698,0.646,1.40908,6822099968.0,0.082,0.06,,41360453632.0,9450100000.0,16734900384.0,0.0721147804262071,0.0426911962719359,0.0,0.4191543764180379,0.0964535811950795,-1.623285813968983,0.0432070511015429,,0.0396447408253849,-0.0191283982656581,0.1192940552086644,0.12805420896499,0.0267602908530096,5.610654844422518,2.837739839854963,0.1260323211797361,0.0579698962695941,United States,USD
5108.T,Consumer Cyclical,Auto Parts,4217728663552.0,4527280357376.0,879848980480.0,333335986176.0,,2914.435,1255276397.0,799674990592.0,642944008192.0,5747705000000.0,1732696997888.0,681361014784.0,0.05862,0.09287,0.11302,0.38634998,2.712,0.21403,4484730191872.0,0.052,0.302,,4527280357376.0,3661793000000.0,156730982400.0,0.1943438247747392,0.079032107744759,0.0,0.8681907472246416,0.3014589297620528,0.0,0.0252590080604826,2.004967016635783,0.0248664239909027,0.4237943671892974,-0.0023463187952877,0.0042260728849062,0.0,0.178133959210245,9.05699811445058,0.8520474227655762,0.0862001305499117,Japan,JPY
3382.T,Consumer Defensive,Grocery Stores,4489404219392.0,7869857529856.0,942892974080.0,292759994368.0,-458933010432.0,1566.156,2311742771.0,3793778114560.0,438633988096.0,9142957000000.0,3130033963008.0,666736001024.0,0.02576,0.07605,0.027460001,0.30009001,0.785,1.03991,10430269358080.0,-0.137,-0.062,,7869857529856.0,3620448000000.0,3355144126464.0,0.1198106789739118,0.0652113242784915,0.0,0.8064428648152153,0.3423437256686212,-1.5676083456099543,-0.0406010669007985,-0.2026163455546802,-0.0318879851490886,-0.193111572123663,0.0200472674659408,-0.1970079160478937,0.0,3.5583509673912705,9.782264257709874,0.1757445957277149,0.066836069876822,Japan,JPY
6178.T,Financial Services,Banks - Regional,6200557568000.0,-19355909750784.0,,374556000256.0,,3461.654,2806316928.0,33341791272960.0,65653054636032.0,297149653000000.0,11444828504064.0,-6740824817664.0,0.00253,0.0468,0.07849,0.0,,3.6681466384364367,11444828504064.0,-0.027,0.179,,,9089547000000.0,-32311263363072.0,,0.0604068257004851,0.0,1.4659241367114422,0.0385153689008817,0.0,0.0059885994509585,-0.1955524458448799,0.0126869938116656,-0.0233787785011018,,-0.0051541778467681,-0.0736219461755747,,,-0.2021734454060592,,Japan,JPY
7751.T,Technology,Computer Hardware,3691477467136.0,4564908507136.0,682818011136.0,308125007872.0,68806877184.0,3952.499,863503474.0,1233355014144.0,651332026368.0,6135044000000.0,2166321053696.0,428470009856.0,0.045440003,0.09372,0.06526,0.46488,1.47,0.33696,4659983941632.0,0.033,-0.286,,4564908507136.0,3491808000000.0,582022987776.0,0.149579780201202,0.0834692912567216,0.0186393870195781,0.9459106905260588,0.3531060337458052,0.2233083178129555,0.0468301776791197,0.423644013043702,0.0486261837394435,0.2585849479696673,0.0140875203456198,0.0639580760168747,0.0,0.8523837659286286,66.99028062970568,0.3474020091071476,0.1104413827718628,Japan,JPY
NXT.L,Consumer Cyclical,Apparel Retail,16295204864.0,17956333568.0,1416000000.0,888499968.0,829124992.0,14.218,114152051.0,1809799936.0,96200000.0,4915300000.0,3053799936.0,1233600000.0,0.16301,0.50808996,0.19349001,0.4425,1.765,1.01646,6901300224.0,0.153,0.249,,17956333568.0,1662500000.0,1713599936.0,0.0788579692306148,0.0545252407328065,0.0508815322617842,0.1020238784277489,0.6212845474335239,0.9331739131812776,0.1108938567860617,0.2433675606657752,0.1058255890997434,0.1786127823816551,0.0093459762905563,0.0087839917906618,-0.0094900100412047,1.2101694463276835,13.26954732510288,0.6816223028090548,0.3837320004760204,United Kingdom,GBP
UTHR,Healthcare,Drug Manufacturers - Specialty & Generic,23304105984.0,20941568000.0,1548499968.0,1287399936.0,566412480.0,139.982,42446733.0,0.0,2153700096.0,7880000000.0,2744499968.0,1563299968.0,0.12624,0.20261,0.41689,0.86583,4.794,0.0,3169799936.0,-0.016,-0.122,,20941568000.0,7096200000.0,-2153700096.0,0.0739438406904392,0.0552434809936024,0.0243052653634893,0.3045042794120516,0.3482867979695431,0.4399662173045191,0.1801603501558981,0.159713773704631,0.1661813849417371,0.1641575231776813,-0.0424843029806204,0.0700706137968495,0.019391970676084,-1.39082992606171,88.8923076923077,,0.2368226903844577,United States,USD
HEIA.AS,Consumer Defensive,Beverages - Brewers,39329423360.0,55982620672.0,5519000064.0,1884999936.0,2138249984.0,32.29,557547840.0,19278999552.0,4773000192.0,53753000000.0,10625000448.0,5011999744.0,0.043130003,0.0994,0.13387999,0.36953,0.925,0.93524,28753000448.0,-0.028,0.075,,55982620672.0,17978000000.0,14505999360.0,0.0985841676890334,0.0479284915709478,0.0543676922091542,0.4571132364550386,0.1976633945640243,1.1343501626516763,0.0003944727816875,0.0164937314424673,-0.0014924992563001,0.0671656888529233,0.0060877673725789,-0.0003719338701578,0.0,2.6283745591201355,5.650621118012422,0.2599719830109159,0.0913839431455764,Netherlands,EUR
OMC,Communication Services,Advertising Agencies,21298513920.0,29291458560.0,3156300032.0,63000000.0,5066650112.0,33.112,285006196.0,11516600320.0,4288100096.0,54415300000.0,3654000128.0,3171800064.0,0.04467,0.02015,0.11918,0.18431999,0.912,1.10574,19824400384.0,0.692,-0.069,,29291458560.0,12045800000.0,7228500224.0,0.1077549629539513,0.0029579528523274,0.2378874944529463,0.5655699756915247,0.0671502339966884,80.42301765079365,0.0652341472208259,0.4868547194474533,0.0642229946256435,0.3693660525475042,-0.1026980927627158,0.8370700219778736,0.418490112827834,2.2901815894288213,2.0565894417014814,0.2754111435552536,0.0217670066044675,United States,USD
6273.T,Industrials,Specialty Industrial Machinery,3909570527232.0,3198058496000.0,235405000704.0,167302004736.0,-37073125376.0,33498.9,63139059.0,5091999744.0,711702020096.0,2100767000000.0,381451993088.0,188917006336.0,0.053979997,0.08274999,0.22783001,0.45273998,10.327,0.241,842540974080.0,0.154,0.282,,3198058496000.0,1928280000000.0,-706610020352.0,0.0736087226041784,0.0427929368636945,0.0,0.4932204155337835,0.1815774872168117,-0.2215940295186589,0.0288158142810761,0.0573681356379536,0.0187410409624657,0.0156771738524602,,0.0029638697215022,0.0,-3.0016780367401656,2853.2702702702704,37.100749378199495,0.107444400568309,Japan,JPY
FIS,Technology,Information Technology Services,19716354048.0,40536780800.0,3308000000.0,2671000064.0,2446874880.0,30.903,516879151.0,21145999360.0,755000000.0,33488000000.0,4151000064.0,2768999936.0,0.040700004,0.17225,0.16388,0.36285,0.588,1.32328,11440000000.0,0.301,30.406,,40536780800.0,13899000000.0,20390999360.0,0.0816049013936498,0.1354712974567903,0.1241038213273618,0.7049477791970314,0.1239548514094601,0.916089412718187,0.031797154725512,0.4290740662437944,0.031391401313344,0.0717157807766455,0.0125729183649635,-0.0087615439261188,0.0047393364928909,6.164147327690447,4.0076726342711,0.1309467520952388,0.0605674087816945,United States,USD
FN,Technology,Electronic Components,21315112960.0,19849396224.0,479712000.0,420974016.0,-79178376.0,64.325,35829740.0,4425000.0,945235968.0,2831432000.0,509751008.0,256851008.0,0.08519,0.1999,0.098859996,0.12037,2.549,0.192,4235001088.0,0.393,0.533,,19849396224.0,1981812000.0,-940810968.0,0.0241675864891032,0.0197500251014386,0.0,0.0929768471656272,0.1800329331589104,-0.1880837604950895,0.1476294296263482,0.830726324991929,0.132350403733177,0.3874959655017329,-0.002264423511847,0.2107799851102343,0.0036669869947539,-1.9611995697418447,,58.045425536723165,0.1756933898564991,United States,USD
DRI,Consumer Cyclical,Restaurants,23717896192.0,31240308736.0,2008700032.0,1109900032.0,678150016.0,18.344,114535003.0,8156800000.0,240400000.0,12587000000.0,2745100032.0,1735000064.0,0.07255,0.51539004,0.13153,0.21507,0.387,3.87681,12763799552.0,0.059,-0.033,,31240308736.0,2311300000.0,7916400000.0,0.0642983412543954,0.0467958887675023,0.0285923342656647,0.097449621218074,0.2180900954953523,0.6110009878799607,0.0783853939045302,0.063446430430929,0.0756443230965136,0.0578018924798825,0.0116529455667406,0.1116311931466925,-0.0153884789162644,3.941056341856025,7.650980392156863,0.2127059709690074,0.1320856907974273,United States,USD
CMS,Utilities,Utilities - Regulated Electric,22909478912.0,42408235008.0,3048000000.0,1096999936.0,-2156000000.0,29.919,308919602.0,19081000960.0,175000000.0,39941000000.0,3576999936.0,1940000000.0,0.03131,0.103719994,0.19816999,0.40546,0.842,1.89842,8821999616.0,0.116,0.089,,42408235008.0,9144000000.0,18906000960.0,0.0718728331755617,0.0478841068456337,0.0,0.3991360971204966,0.089557095115295,-1.965360187587103,-0.0022152340244313,,-0.0014698555057299,-0.0197214904027098,0.0939588707788113,0.1119432071269487,0.0255171392299271,6.202756220472441,2.56390977443609,0.1016718150199181,0.0562196026708432,United States,USD
SMCI,Technology,Computer Hardware,17675630592.0,25449803776.0,1578648960.0,1247389952.0,-7448383488.0,12.597,601418482.0,9151156224.0,1305032960.0,14018429000.0,2828721920.0,-6693234176.0,0.05524,0.17877,0.061100002,0.08394,2.655,1.20798,33700206592.0,1.227,3.26,,25449803776.0,6301693000.0,7846123264.0,0.062029906945244,0.0705711711674133,0.0,0.3565187090327713,0.2017859433464334,-5.971174832743883,0.6170781210288652,,0.4723422559429445,0.2144748637145785,-0.043370305405253,0.4266535464964097,0.0102866374915252,4.970150719258068,21.343377033219745,-0.7314085796553439,0.1089196965778531,United States,USD
AER,Industrials,Rental & Leasing Services,21330851840.0,62925959168.0,4853159936.0,3925881088.0,-909374976.0,116.673,157685101.0,43125653504.0,1498429056.0,71671790000.0,5377856000.0,5489814016.0,0.041840002,0.22062,0.60944,0.61947,1.327,2.3440700000000003,8681363456.0,0.079,0.425,,62925959168.0,18323280000.0,41627224448.0,0.0771249258679238,0.1840470843568523,0.0,0.8590036693068138,0.0750344870694592,-0.2316358941129497,0.0668677981121228,,0.06333668517466,-0.5955084563193044,0.0655724901200082,0.0032167923238853,-0.1246677122686214,8.577344451233845,2.189469680592556,0.1272981061142831,0.0385439035885357,Netherlands,USD
8309.T,Financial Services,Banks - Regional,4095484100608.0,-158231658496.0,,317565992960.0,,5105.134,696985020.0,23671628365824.0,27987384729600.0,82174280000000.0,1669159976960.0,-1763947970560.0,0.004,0.095419995,0.13588999,0.0,,6.652697534097015,1669159976960.0,0.258,0.64,,,3558200000000.0,-4315756363776.0,,0.0775405263843791,0.0,0.8688106003077299,0.0203124381127525,0.0,0.1088195857254334,-0.237960323833791,0.1137790839634639,-0.155950862184472,,0.0501894370477771,-0.031250061516142,,,-0.074517390324812,,Japan,JPY
MTZ,Industrials,Engineering & Construction,27771863040.0,29040181248.0,1202370944.0,449979008.0,12567875.0,42.434,79018556.0,3019915008.0,273672000.0,9923542000.0,1959538048.0,566203008.0,0.04936,0.15014,0.03704,0.12824,1.318,0.88046,15280253952.0,0.345,5.08,,29040181248.0,3259309000.0,2746243008.0,0.0414036997128868,0.0162026943367786,0.0004525398595657,0.1173601135547008,0.1974635717770933,0.0279299140105664,0.1350623360377711,0.4755171462855236,0.1146912101545277,0.2321202315151646,0.0034976052298336,0.1056532529643938,0.0029375735157044,2.2840230976173688,3.979437523484695,0.1874897162668758,0.1034773860100951,United States,USD
CHRW,Industrials,Integrated Freight & Logistics,22180169728.0,23290744832.0,887430976.0,599011968.0,642142272.0,14.423,117873042.0,1644486016.0,159664992.0,5058381000.0,1388861952.0,876587008.0,0.1008,0.34838,0.049060002,0.08574,1.586,0.96501,16198957056.0,-0.008,0.099,,23290744832.0,1845647000.0,1484821024.0,0.0381023012531881,0.0270066449150663,0.0289511883756852,0.0832115814546755,0.2745664970669469,1.0720024078049806,-0.1305359825638441,-0.1783828569592503,-0.1325262282210936,-0.2605510397789507,0.0080082729404283,-0.0452148633257618,0.0,1.6731679016802767,10.964374379344587,0.5330461916193029,0.2463712690354386,United States,USD
UMG.AS,Communication Services,Entertainment,32507074560.0,35481755648.0,2243000064.0,1532999936.0,1562499968.0,2.477,1833967537.0,3407000064.0,494000000.0,17456000000.0,5311000064.0,1739000064.0,0.07674,0.33776,0.17205,0.42464,0.635,0.7458400000000001,12506999808.0,0.05,-0.914,,35481755648.0,4543000000.0,2913000064.0,0.0632155884915021,0.0471589632949117,0.0480664590446615,0.1397541938637003,0.3042506911090742,1.0192433354413395,0.0654773053818247,-0.0215550310694603,0.0631330668937954,-0.0389499162167194,-0.0189748209088017,0.007852193995381,0.0026789763529468,1.2987070801973906,16.226277372262775,0.5104197332941406,0.2168780487804878,Netherlands,EUR
HLMA.L,Industrials,Conglomerates,14692594688.0,18169436160.0,574200000.0,347000000.0,337950016.0,5.264,377701673.0,863500032.0,222900000.0,3258600000.0,1303299968.0,492000000.0,0.09645,0.18613,0.20495,0.54051995,2.183,0.43438,2411200000.0,0.152,0.37,,18169436160.0,1899400000.0,640600032.0,0.0316025216712063,0.023617339712189,0.0230013842467196,0.1292760087876998,0.3999570269440864,0.9739193544668588,0.13802932128597,0.2993123985356172,0.1226949336187877,0.281690619950676,0.0036252033751161,0.0862362078735957,0.0,1.1156392058516196,12.752293577981652,0.5697741537547505,0.1488860325621251,United Kingdom,GBP
SW,Consumer Cyclical,Packaging & Containers,20341338112.0,34006372352.0,4769999872.0,380000000.0,1360249984.0,34.478,524464078.0,14254999552.0,674000000.0,45157000000.0,5943000064.0,3360999936.0,0.03013,0.02113,0.06795,0.19027,1.443,0.7883100000000001,31235000320.0,0.007,-0.836,,34006372352.0,18327000000.0,13580999552.0,0.1402678245896306,0.0186811702311671,0.0668712144948588,0.900973175859474,0.1316075041300352,3.579605221052632,0.3215380139788915,0.3361988295555136,0.3185312620362049,0.2515744680851063,-0.0483925470229543,0.0319477136131995,0.0024459337678428,2.84716979380246,2.1416666666666666,0.2357769232990572,0.0472265245583178,United States,USD
STE,Healthcare,Medical Devices,20179314688.0,21972176896.0,1597900032.0,782300032.0,837287488.0,73.452,97602485.0,2087100032.0,439600000.0,10737200000.0,2625799936.0,1341400064.0,0.06652,0.11368,0.20039,0.44236,2.091,0.2899899999999999,5935900160.0,0.073,0.522,,21972176896.0,7183600000.0,1647500032.0,0.0727237924381946,0.0387674231803922,0.0414923648768859,0.3559883034220116,0.244551646239243,1.07028947175091,0.0937784293424277,0.3502805582234483,0.0858020596319969,0.2751277743659498,0.0058347468333279,0.058185831986439,-0.0050965910824915,1.0310407403508957,18.25370675453048,0.6427100011658665,0.1155105189633243,United States,USD
DTG.DE,Industrials,Farm & Heavy Construction Machinery,31131443200.0,50490957824.0,3576000000.0,1175000064.0,214500000.0,28.659,764336944.0,29920999424.0,11265000448.0,72530000000.0,7785999872.0,3809999872.0,0.023459999,0.05414,0.0529,0.17694001,1.805,1.3329,44003000320.0,-0.133,-0.769,,50490957824.0,21552000000.0,18655998976.0,0.0708245625378136,0.0377431928372662,0.0068901399341486,0.6922904235933399,0.1073486815386736,0.1825531815460394,-0.0367655029511559,,-0.0433735891536403,0.9829425047767936,0.004624151957608,-0.0179272618950903,-0.0331720443473902,5.217001950782998,7.357647058823529,0.1273353145063714,0.0620473440879417,Germany,EUR
NN.AS,Financial Services,Insurance - Diversified,18969700352.0,-30350907392.0,5522999808.0,1106000000.0,-558499968.0,80.331,261651046.0,13688999936.0,62974001152.0,204912000000.0,8358000128.0,-2345999872.0,0.01642,0.05593,0.39166,0.58268,11.755,0.64708,14343999488.0,-0.015,-0.153,,,21062000000.0,-49285001216.0,,0.0583035039814634,0.0,1.1102969266343423,0.0407882414304677,-0.5049728462929476,,,0.3563997960224375,,,-0.0259679144385026,-0.0223048327137546,-8.923592780975886,2.2575,-0.1713784705214568,,Netherlands,EUR
GEBN.SW,Industrials,Building Products & Equipment,16312103936.0,17387759616.0,915400000.0,606300032.0,,46.009,32973728.0,1354800000.0,585800000.0,3857900000.0,2324999936.0,826700032.0,,0.3996440788346186,0.27967,0.73640996,,0.89302,3157199872.0,-0.006,0.042,,17387759616.0,1517100000.0,769000000.0,0.0526462304641973,0.0371687205021987,0.0,0.0930045569812632,0.6026594613649913,0.0,-0.0230309467261051,0.065152796407685,-0.0215463447603778,0.054668721109399,0.0532285055939708,0.0595715462784949,-0.0359963354542752,0.8400699147913481,27.329749103942653,0.6102007912607027,0.253650909816706,Switzerland,CHF
AENA.MC,Industrials,Airports & Air Services,37889998848.0,41787179008.0,3691191040.0,2164784128.0,1409866624.0,6.409,1500000000.0,7968994816.0,3387411968.0,18192599000.0,5198663168.0,2875408896.0,0.10158,0.24395001,0.30811,0.80474997,2.07,0.83467,6459988992.0,0.118,0.1,,41787179008.0,9206457000.0,4581582848.0,0.0883330994727673,0.0571333912329814,0.037209466003307,0.2429785505386986,0.2857570360342686,0.651273540749094,0.1452615422117267,0.1502800610215298,0.1322670920973326,0.2037645891653695,0.0929648387149849,0.0538266282886829,0.0,1.2412207329155198,12.248593217537756,0.36082454091033,0.1895622108435529,Spain,EUR
LH,Healthcare,Diagnostics & Research,22097360896.0,28357859328.0,2252999936.0,941500032.0,1142537472.0,106.058,82000000.0,7294400000.0,981100032.0,18392700000.0,4078299904.0,1813500032.0,0.05314,0.11047,0.10945,0.28834,1.726,0.83407,14144199680.0,0.058,0.329,,28357859328.0,8619800000.0,6313299968.0,0.0794488720019649,0.0426068993682602,0.0517047025378862,0.3900827814040151,0.221734704746992,1.213528872190203,0.055520203794511,-0.0755700305683475,0.055785400334601,-0.0629439033726023,-0.0250212784301934,0.0007454159638718,-0.014388489208633,2.8021749433374152,5.941990182954038,0.2486153805659136,0.0855278370115356,United States,USD
JBHT,Industrials,Integrated Freight & Logistics,26910633984.0,28037875712.0,1608156032.0,622094976.0,829849984.0,38.117,94299203.0,1567938048.0,4563000.0,7927155000.0,2288591104.0,1627117952.0,0.069,0.16676001,0.06774,0.18861,1.258,0.43622,12134195200.0,0.046,0.274,,28037875712.0,3565085000.0,1563375048.0,0.0573565575551688,0.0231170687531877,0.0308372513443345,0.1324786700350374,0.2887027065826264,1.3339602729728524,-0.067836545668778,0.5892149716033752,-0.0710394463062066,0.598164403389419,8.145609838519641e-05,-0.0463309059980005,0.0,0.9721538314013548,11.559157514028136,1.0377437769786169,0.1450843250756198,United States,USD
COL.AX,Consumer Defensive,Grocery Stores,32369756160.0,41701011456.0,2551000064.0,1014000000.0,1361874944.0,2.904,1343143461.0,10572000256.0,598000000.0,20294000000.0,12161999872.0,3094000128.0,0.056420002,0.26520002,0.03921,0.26982,0.632,2.72264,45075001344.0,0.025,-0.114,,41701011456.0,3806000000.0,9974000256.0,0.0611735776886763,0.0313255371769844,0.0420724498902125,0.1175788900351111,0.5992904243618804,1.3430719368836292,0.0405260122807982,,0.0430028311727015,,0.0058206715399716,0.0161225716002403,0.0048696433922685,3.9098392809762,14.241379310344827,0.2926598612447101,0.122934960559607,Australia,AUD
KER.PA,Consumer Cyclical,Luxury Goods,31979020288.0,46450810880.0,2543000064.0,-29000000.0,2295000064.0,119.931,122618951.0,18563999744.0,4312999936.0,41182000000.0,10659999744.0,3158000128.0,0.02412,0.0025,0.111140005,0.72641,1.336,1.19652,14675000320.0,,,,46450810880.0,14706000000.0,14250999808.0,0.0547460855004131,0.0,0.0717658028085741,0.4598639941924164,0.2588509480841144,,-0.103265004686156,-0.1087990671478996,-0.1103741639380964,-0.1494097421203438,-0.0203883178999026,-0.0499238684076962,0.0,5.604010794079162,1.7271268057784912,0.1701142087669272,0.0324781165107153,France,EUR
0016.HK,Real Estate,Real Estate - Development,333824262144.0,424998600704.0,29404000256.0,22001000448.0,38641500160.0,214.527,2897780274.0,104009998336.0,20468000768.0,818094000000.0,34688999424.0,45490999296.0,0.02079,0.03662,0.24339001,0.37504002,3.282,16.604,92492996608.0,0.32,0.362,,424998600704.0,606717000000.0,83541997568.0,0.0691861107478777,0.0659059359757067,0.1157540195305859,1.8174742485861728,0.0424022171339723,1.756351955509037,-0.0569624418918273,0.1690862969877782,-0.0625691014360014,0.1998042813455657,,0.0150162967080277,0.0,2.841177963564768,6.828719723183391,0.4373714068242094,0.0365423327099441,Hong Kong,HKD
5020.T,Energy,Oil & Gas Refining & Marketing,3288393842688.0,5377595277312.0,714799972352.0,258726002688.0,243102367744.0,1252.754,2689892692.0,2615728930816.0,877294977024.0,8789377000000.0,1223420936192.0,619983011840.0,0.02695,0.085,0.05277,0.10398,1.583,0.69601,11765470461952.0,,,,5377595277312.0,3100660000000.0,1738433953792.0,0.1329218610719425,0.0786785327625209,0.0739273880726169,0.9429101708405636,0.1391931346433313,0.939613201681778,0.0410430170400522,,0.0120952237395229,0.5786833119394595,-0.0553078758965348,-0.1329020884334849,0.0,2.432056548731812,3.122792242167573,0.2370211242212283,0.0209594575803428,Japan,JPY
EXPD,Industrials,Integrated Freight & Logistics,21746642944.0,20793346048.0,1137555968.0,836147008.0,783248512.0,17.303,130791133.0,564980992.0,1316497024.0,4893638000.0,1523425024.0,973113024.0,0.14173001,0.36641,0.10594,0.1362,1.789,0.24708,11185552384.0,0.044,0.163,,20793346048.0,2355633000.0,-751516032.0,0.0547076918440173,0.038449475174314,0.0360169849671487,0.1083216846878855,0.3113072573001926,0.9367354119623902,-0.1344725398686201,-0.2243255519046999,-0.1391015883584905,-0.3067817907561928,0.0020396384511189,0.0292735786076982,-0.0298471772352774,-0.6606409294491962,219.28041666666667,1.7223818814775276,0.3731333071708301,United States,USD
6902.T,Consumer Cyclical,Auto Parts,4938361995264.0,4912891559936.0,930611986432.0,443755003904.0,128887373824.0,2040.42,2691938750.0,811282006016.0,1189125947392.0,8125000000000.0,1169611030528.0,511024988160.0,0.04098,0.08941,0.08641,0.15512,2.088,14.194,7539974995968.0,0.091,0.688,,4912891559936.0,4978266000000.0,-377843941376.0,0.1894224562213058,0.0898587435124381,0.0260992154782508,1.0080804130548284,0.1439521268342153,0.2904471446859062,0.0909670987992636,1.3714665784296574,0.0866740478768876,0.4599084602663166,0.0086782360716209,-0.1064918726500736,-0.076401312266293,-0.4060166287183419,23.394614490507557,0.6298980926121042,0.1003738241942449,Japan,JPY
VACN.SW,Industrials,Specialty Industrial Machinery,19562407936.0,18974476288.0,295143008.0,214280000.0,137638256.0,26.468,29966926.0,248282000.0,140983008.0,1262878000.0,655027968.0,299172000.0,0.12335,0.27702,0.22198999,0.61017,1.314,0.31303,1073516032.0,0.047,-0.077,,18974476288.0,793169000.0,107298992.0,0.0155547380344118,0.0109536617731842,0.0070358545047365,0.0405455710051092,0.5186787385638201,0.6423289901064029,-0.0213956768659672,0.0045722414807145,-0.0157177380711432,0.0034754556178828,-0.0024185250074193,-0.0246133218407316,0.0,0.3635491578374101,73.77007918552036,1.2049685438332218,0.2895564702330207,Switzerland,CHF
HBAN.SW,Financial Services,Insurance - Diversified,20109768704.0,-8485245440.0,1308000000.0,545818752.0,-12411812864.0,131.274,99062896.0,15092200448.0,44261998592.0,146457700000.0,2517199872.0,790800000.0,0.0072000003,0.06315,0.13529,0.24389,2.983,1.09702,10321099776.0,0.179,0.025,,,13479400000.0,-29169798144.0,,0.0271419706528714,0.0,0.6702911504555911,0.0171872142741556,-22.73980660891621,0.1395938801390863,,0.1123981635343377,0.324766629327359,,1.402474032663399,0.8749044354636815,-22.30106891743119,6.314116777531412,0.0523979258508189,,Switzerland,CHF
BPE.MI,Financial Services,Banks - Regional,26547990528.0,45205893120.0,,1894066048.0,,8.67,2083829821.0,32238243840.0,12952286208.0,204649960000.0,6106997760.0,,0.01133,0.13133,0.52411,0.0,,1.946160957606816,6266258944.0,0.241,-0.144,,45205893120.0,16565045000.0,19285957632.0,0.0,0.0713449873353819,0.0,0.6239660580912499,0.0298411871666136,0.0,0.1736080462535743,-0.3913284975480527,0.1398106220391066,-0.510898883963952,,0.4556360731854555,0.3817900192315505,,,0.0,,Italy,EUR
ULTA,Consumer Cyclical,Specialty Retail,20517939200.0,22318360576.0,1889405056.0,1188896000.0,973080128.0,63.475,42989311.0,2302443008.0,221300000.0,6999294000.0,5488184832.0,1544653056.0,0.15326001,0.47449002,0.14168,0.43186,1.311,0.89209,12708310016.0,0.111,0.155,,22318360576.0,2803451000.0,2081143008.0,0.0846569822889127,0.0579442208309107,0.0474258217901337,0.1366341411129632,0.7841054872105673,0.818473716792722,0.0667637968011123,-0.0299042591453086,0.05889516172462,-0.0360477278908742,-0.0052170694222064,0.1662199316092975,-0.0376209703262193,1.101480596440195,,0.6708756962204904,0.3243620040578418,United States,USD
PAAS.TO,Basic Materials,Gold,26338588672.0,25178732544.0,1946000000.0,1266000000.0,1300125056.0,24.335821,421350000.0,845000000.0,1614000000.0,9742000000.0,2228999936.0,1660999936.0,0.10613,0.20796,0.48094,0.55724996,2.84,11.489,4000000000.0,0.493,1.316,,25178732544.0,6997000000.0,-769000000.0,0.0772874487069336,0.0480663567727855,0.0493619864067407,0.2656558438698108,0.2288031139396427,1.0269550205371247,0.3428005677362935,,0.2683553196471782,0.9493108817253908,0.3558477126687641,0.3524920172150493,0.1619839405119994,-0.395169578622816,23.509090909090908,1.965680397633136,0.1448739495798319,Canada,CAD
EFX,Industrials,Consulting Services,19270172672.0,25039964160.0,1928899968.0,698700032.0,1024662528.0,38.061,119072409.0,5308100096.0,183400000.0,11864200000.0,3525400064.0,1633699968.0,0.0627,0.1437,0.17448,0.56124,0.607,1.13353,6281399808.0,0.143,0.34,,25039964160.0,4604300000.0,5124700096.0,0.0770328565837691,0.0362581095609603,0.0531735000739696,0.2389340292051535,0.2971460413681495,1.466527094706073,0.0584849031710108,1.045163983760279,0.0591211669602131,0.5089928334746089,-0.0104738220766996,0.0089120193207136,0.0002535508010311,2.656799305831084,5.215261422515309,0.3077748984483355,0.1161951137603895,United States,USD
DLTR,Consumer Defensive,Discount Stores,21400561664.0,27786700800.0,2405299968.0,1259100032.0,1443624960.0,18.134,192174588.0,7593299968.0,1007299968.0,13466200000.0,7304900096.0,2615200000.0,0.067389995,0.33976,0.09088001,0.36991,1.161,2.16518,19747899392.0,0.072,0.095,,27786700800.0,3754900000.0,6586000000.0,0.086562992321852,0.058834905913617,0.0674573397962944,0.1754580117547329,0.5424618746194175,1.1465530325711246,0.0799582484358976,0.1296780590858306,0.073996898077415,0.1002434166851073,-0.0110823513143187,-0.2777193735249946,-0.0770548899144123,2.7381200214608743,20.058479532163744,0.3444088882331904,0.1675197311869969,United States,USD
VLTO,Industrials,Pollution & Treatment Controls,20406841344.0,21733410816.0,1378000000.0,969000000.0,768249984.0,12.235,245599266.0,2872000000.0,1431000064.0,7693000000.0,3348000000.0,1102000000.0,0.11322,0.36463,0.23768999,0.59861,1.484,0.95542,5592999936.0,0.068,0.133,,21733410816.0,3105000000.0,1440999936.0,0.0634046819280444,0.0474840757403597,0.0376466877479733,0.1521548557005334,0.4352008319251267,0.7928276408668731,0.0415741282156441,0.0664583341799676,0.0402389857677174,0.0497345627270187,0.032756073689132,0.2009054011863877,0.0040420371867421,1.0457183860667634,13.21875,0.3837047353760445,0.2251197445449707,United States,USD
EL,Consumer Defensive,Household & Personal Products,31371237376.0,37067669504.0,2350000128.0,-248000000.0,1807624960.0,11.037,247287571.0,9299999744.0,3126000128.0,19892000000.0,11073000448.0,1798000000.0,0.04874,-0.05949,0.14925,0.74651,1.268,2.32908,14833000448.0,0.046,-0.455,,37067669504.0,3865000000.0,6173999616.0,0.0633975688098333,0.0,0.0576204546328443,0.1232020259091485,0.556655964608888,,-0.068717175083476,-0.3054850441967458,-0.066277661565562,-0.069924148879873,-0.017582992496088,-0.0823453429902661,0.0025529577466328,2.6272337360485456,-1.9131652661064429,0.1933333386551972,-0.0472435498374489,United States,USD
VOW3.DE,Consumer Cyclical,Auto Manufacturers,42720382976.0,263617773568.0,21851000832.0,6131999744.0,11546653696.0,347.105,206205445.0,279032987648.0,73520996352.0,644467000000.0,44950999040.0,17244000256.0,0.0128999995,0.03105,0.04413,0.14047,1.07,1.37093,320011993088.0,-0.025,-0.295,,263617773568.0,188277000000.0,205511991296.0,0.0828889514400043,0.1435380330612886,0.2702844144090849,4.407193636484314,0.0697491090156672,1.8830160107717056,0.0487826547623642,,0.0419776552966498,-0.6187860546777025,-0.0278262587886785,0.0182681445082595,0.0,9.405152325793477,3.868988902589396,0.0617991456900905,0.0300304826985562,Germany,EUR
FM.TO,Basic Materials,Copper,33930786816.0,40663068672.0,1656000000.0,-201000000.0,31625000.0,18.664154,828186136.0,7495000064.0,770000000.0,25238000000.0,1404999936.0,2359000064.0,0.022869999,-0.02093,0.09972,0.25775,1.761,0.6576900000000001,5450999808.0,0.18,,,40663068672.0,11165000000.0,6725000064.0,0.0407249146235807,0.0,0.0009320444047317,0.3290521985400929,0.0556700188604485,,-0.1177427057790962,-0.0664000839354307,-0.1462791758218979,-0.0634165067178502,-0.0100830896141813,0.04691583357531,0.0,4.060990376811594,1.746317512274959,0.3147431679594979,0.0474517477541581,Canada,CAD
A5G.IR,Financial Services,Banks - Regional,21461559296.0,-12670538752.0,,2056000000.0,,6.88,2122805159.0,13121000448.0,47019999232.0,148151000000.0,4338999808.0,823000000.0,0.014780001,0.14204,0.58485,0.0,,0.8924636408651884,4338999808.0,-0.111,0.079,,,14702000000.0,-33898998784.0,,0.0957991901540535,0.0,0.6850387615004355,0.0292876849160653,0.0,0.1569481624625486,,0.1169461709862788,1.002131997436943,,0.0487378420851443,-0.0823177639547566,,,0.0627238756115923,,Ireland,EUR
OKTA,Technology,Software - Infrastructure,20215691264.0,17795942400.0,267000000.0,247000000.0,977750016.0,39.345,167658970.0,411000000.0,2588999936.0,9710000000.0,2320000000.0,920000000.0,0.011360001,0.036679998,0.0732,0.77436996,1.43,5.957,2996000000.0,0.112,0.212,,17795942400.0,6999000000.0,-2177999936.0,0.015003420105473,0.0122182317079533,0.0483658957406602,0.3462162094087667,0.238928939237899,3.958502089068826,0.1625084769972626,1.392710095970627,0.146321243523316,0.492910447761194,0.0674169567928618,0.0289286849634417,0.0224721692157801,-8.157303131086142,64.75,2.238442822384428,0.036193404136389,United States,USD
RS,Basic Materials,Steel,20482197504.0,21916422144.0,1419900032.0,804600000.0,421300000.0,139.531,51048522.0,2028999936.0,249700000.0,10373300000.0,4257999872.0,918300032.0,0.06737,0.11326,0.09137999,0.28701,4.386,0.28449,14835600384.0,0.155,0.364,,21916422144.0,7170100000.0,1779299936.0,0.0647870360714293,0.0392828943204394,0.0205690820000014,0.3500649770904582,0.4104768850799649,0.5236142182450907,-0.0566085758554006,-0.3436041294756367,-0.0611272143855424,-0.3594019192144611,-0.0210941010825475,0.0350735396834899,-0.0368612119519687,1.2531163433342327,6.873939393939394,0.4525875115651063,0.1190736152521731,United States,USD
WRT1V.HE,Industrials,Specialty Industrial Machinery,19407861760.0,17775116288.0,889000000.0,650000000.0,1130625024.0,4.051,589546248.0,546000000.0,2115000064.0,8474000000.0,3243000064.0,1415000064.0,0.06317,0.27256,0.11632,0.46925,1.175,0.22797,6911000064.0,-0.003,0.181,,17775116288.0,2877000000.0,-1569000064.0,0.0500137374966241,0.033491582330809,0.0582560324254906,0.1482388959472885,0.3827000311541185,1.7394231138461538,0.0577651984534464,,0.0578905630452022,0.6349319123741859,0.0948255859611164,0.1013776969066805,0.0,-1.764904458942632,13.9375,2.591575208791209,0.2306101344364012,Finland,EUR
STZ,Consumer Defensive,Beverages - Brewers,24722851840.0,35899686912.0,3384000000.0,1686700032.0,2047600000.0,46.781,172172544.0,11202599936.0,102400000.0,21900500000.0,4720399872.0,2668999936.0,0.08507,0.22636999,0.26685,0.51651,1.08,1.33573,9139000320.0,-0.113,,,35899686912.0,8082400000.0,11100199936.0,0.0942626605155391,0.0682243311943093,0.0828221603741973,0.3269202134246985,0.215538452181457,1.2139680803658155,-0.0111832854513785,0.0138455607468983,-0.0071606027537207,0.0370277837604996,0.0110205293413032,0.0114629854565103,6.111166777572591e-07,3.280200926713948,7.575774336283186,0.2382482594440476,0.1425976148708792,United States,USD
1605.T,Energy,Oil & Gas E&P,4192018628608.0,5408410304512.0,1367925456896.0,376957009920.0,,4207.522,1162189867.0,1338195968000.0,210485002240.0,7735198000000.0,1098682990592.0,,0.0841,0.08282,0.48582,0.55594003,1.238,0.26123,1976254988288.0,-0.065,-0.107,,5408410304512.0,4747158000000.0,1127710965760.0,0.2529256065788499,0.0899225512376055,0.0,1.1324276966718394,0.1420368283516465,0.0,-0.0471099159250913,0.0629483716149408,-0.0382647127132754,0.0365633585406771,-0.0239888280128693,0.0480072587717723,0.0,0.8243950429279401,15.282603668407152,0.0,0.1820937751748051,Japan,JPY
BIRG.IR,Financial Services,Banks - Regional,16332539904.0,3286328320.0,,1115000064.0,,13.566,950118660.0,11857999872.0,24781000704.0,164799000000.0,3953999872.0,-783000000.0,0.00735,0.09264,0.39456,0.0,,0.9180150090578308,3953999872.0,-0.032,-0.063,,3286328320.0,12917000000.0,-12923000832.0,0.0,0.0682686263467769,0.0,0.790875153278303,0.0239928632576654,0.0,0.1029153935899187,0.4084210874174931,0.0782438067206279,0.4683976768021865,,0.0184533999122443,-0.0505696419829463,,,-0.0660313719389454,,Ireland,EUR
6920.T,Technology,Semiconductor Equipment & Materials,3603153027072.0,3563459706880.0,126549000192.0,88780996608.0,55362998272.0,2515.746,89630673.0,0.0,80027000832.0,329601000000.0,150871998464.0,70194003968.0,0.2494,0.4408,0.36821,0.59827,3.253,0.0,252181004288.0,0.035,0.189,,3563459706880.0,209898000000.0,-80027000832.0,0.0355129594836363,0.0246398073967303,0.0153651532022188,0.0582539787855104,0.4577413250081159,0.6235906374924752,0.4065176339981324,,0.3072444940856518,0.7838528390203181,0.0607950580753875,0.2149486892158886,0.0,-0.6323795581994573,9954.666666666666,,0.5643181753762719,Japan,JPY
PHIA.AS,Healthcare,Medical Devices,21879330816.0,26913325056.0,2091000064.0,968000000.0,1518125056.0,11.966,971982655.0,8096999936.0,2592000000.0,26944000000.0,7974000128.0,2292999936.0,0.03484,0.08364,0.06172,0.45199,1.317,0.70914,17642000384.0,-0.047,0.972,,26913325056.0,10957000000.0,5504999936.0,0.0776938583266521,0.0442426694006618,0.0693862654560632,0.5007922816353836,0.2959471543942993,1.568311008264463,0.0001308704771147,,-0.0007070186914587,0.3981385729058945,0.0482883920438546,-0.0701270016565433,0.0244491808633481,2.6327115100461325,5.020408163265306,0.283191299755989,0.0759532753563526,Netherlands,EUR
BURL,Consumer Cyclical,Apparel Retail,21158533120.0,25465022464.0,1282525952.0,624064000.0,210811744.0,29.526,62830271.0,5872111104.0,747355008.0,9919057000.0,5234652160.0,1321756032.0,0.060879998,0.39141,0.05933,0.43947,1.164,3.19733,11911286784.0,0.141,0.133,,25465022464.0,1807259000.0,5124756096.0,0.0503642183631729,0.0294946722658248,0.0099634385240407,0.0854151367559453,0.5277368766002656,0.3378046866988001,0.0994851756398065,0.0079870460982387,0.0935254954468671,-0.219263614935376,0.0334549350214181,0.1309680627354721,0.006427519245042,3.995830328429877,12.487985811010542,0.2250904331662999,0.1156684241117748,United States,USD
MRK.DE,Healthcare,Drug Manufacturers - Specialty & Generic,59608051712.0,67535663104.0,5674299904.0,2532100096.0,3080075008.0,68.558,129242251.0,12038599680.0,3774400000.0,51527000000.0,12349299712.0,4194200064.0,0.047270004,0.085260004,0.18221001,0.58931,1.515,0.40372,20955600896.0,-0.028,-0.101,,67535663104.0,28592000000.0,8264199680.0,0.0840193113268465,0.0424791621815455,0.051672130182707,0.4796667426431587,0.2396665769790595,1.216411236216785,-0.0172379860305073,-0.0698566901451246,-0.015100078378157,-0.0370663562281722,-0.0313907331442347,-0.0013373129699976,0.0,1.456426311583266,9.569948186528498,0.3483960074665428,0.0869483347063669,Germany,EUR
ACA.PA,Financial Services,Banks - Regional,49274351616.0,-262352502784.0,,6454000128.0,,26.152,3024822108.0,519500005376.0,839499972608.0,2374307000000.0,26482999296.0,,0.00343,0.09276,0.38424,0.0,,6.68924319971157,26482999296.0,-0.011,-0.084,,,77662000000.0,-319999967232.0,,0.1309809244837289,0.0,1.5761140928901067,0.0111539911628951,0.0,0.0834905110571746,2.4899285498156813,0.0782493285539612,0.400814394981566,,0.0279355367736002,-0.0049748512480402,,,0.0,,France,EUR
KHC,Consumer Defensive,Packaged Foods,28761036800.0,45685952512.0,5761999872.0,-5760000000.0,3212250112.0,35.348,1185777638.0,21133000704.0,4091000064.0,81786000000.0,8489999872.0,4748000256.0,0.03467,-0.12576,0.20738001,0.33973998,1.195,0.50258,24989999104.0,0.008,0.136,,45685952512.0,41664000000.0,17042000640.0,0.1261219161510649,0.0,0.1116875630853474,1.448626497359094,0.1038074960506688,,-0.0198096274698871,0.3308918259214173,-0.0208751551778891,0.2279539162275609,0.0264687187357546,-0.0736348499779129,0.0021176866028708,2.9576537692779734,-4.74973600844773,0.2246723180727151,-0.0616096866096866,United States,USD
BMPS.MI,Financial Services,Banks - Regional,31423320064.0,65329590272.0,,2823631104.0,,9.356,3038418183.0,83873898496.0,52043100160.0,241640511000.0,4704317952.0,,0.015579999,0.13343,0.48152,0.0,,2.9996529296434726,4734618112.0,0.959,-0.479,,65329590272.0,27961201000.0,31830798336.0,0.0,0.0898578220967453,0.0,0.8898232568376387,0.0194682503050988,0.0,0.1496378686413273,-0.4201882111975783,0.131274045931327,-0.7257721705751987,,0.9709385143360516,1.4120370028648943,,,0.0,,Italy,EUR
ALL.AX,Consumer Cyclical,Gambling,32191700992.0,33104982016.0,2306700032.0,1471600000.0,913612480.0,10.236,603066668.0,1892099968.0,641100032.0,10392500000.0,3812499968.0,1981200000.0,0.11314,0.22027001,0.28618,0.60605,1.6,0.3065299999999999,6290699776.0,-0.002,-0.151,,33104982016.0,6557200000.0,1250999936.0,0.0696783351486234,0.0457136452766416,0.0283803729485137,0.2036922498015727,0.3668510914601876,0.6208293558032074,0.0415098172432655,,0.0400129188534517,,0.0568737221718383,0.0086476308791272,-0.019876437503751,0.5423331680085571,12.110568112400731,1.0470905520357792,0.2306895668970653,Australia,AUD
SOFI,Financial Services,Credit Services,20312207360.0,18708910080.0,,576934976.0,,8.437,1282741200.0,1916210944.0,3564402944.0,50660478000.0,3263825920.0,-6078953984.0,0.012619999,0.06597,0.18283,0.83507,1.116,17.724,3908427008.0,0.425,1.012,,18708910080.0,10489495000.0,-1648192000.0,0.0,0.028403361868791,0.0,0.5164133476037929,0.0644254860761479,0.0,0.3193034598600288,,0.2674184244859876,0.3235030050906881,,0.3974937650601221,0.1599578695100354,,,-3.172382457700857,,United States,USD
RDDT,Communication Services,Internet Content & Information,32034465792.0,30402637824.0,637187968.0,707544000.0,564094656.0,16.526,141965642.0,21288000.0,2770631936.0,3239173000.0,2260162048.0,875550016.0,0.13109,0.26221,0.27571,0.91373,12.735,0.669,2473555968.0,0.691,6.75,,30402637824.0,2929038000.0,-2749343936.0,0.0209583119625561,0.0220869611060189,0.0176089921293731,0.0914339580069248,0.6977589798383723,0.7972573521929378,0.489345066754274,,0.4104676018072799,0.9783332304224291,0.0690108492241617,0.3862791797465971,0.0586533099210248,-4.314808304729319,,41.128805712138295,0.1489219613934478,United States,USD
PKG,Consumer Cyclical,Packaging & Containers,19237289984.0,23005577216.0,1963299968.0,736300032.0,391424992.0,51.812,89098647.0,4366900224.0,543699968.0,10725500000.0,2004800000.0,1547699968.0,0.08369,0.16313,0.13447,0.21753,3.071,0.95185,9216100352.0,0.106,-0.155,,23005577216.0,4598000000.0,3823200256.0,0.0853401742354265,0.0382746235364957,0.0203472002722605,0.2390149550079163,0.1869190247540907,0.5316107225158996,0.0197118996501886,0.0279343312392972,0.0251365405758773,-0.0217619202544915,-0.0363857106653655,0.2142258751075487,-0.0065477383577203,1.947333733160841,13.993678887484196,0.3544161507272395,0.1139911847091778,United States,USD
KEY,Financial Services,Banks - Regional,23794683904.0,41702281216.0,,1802000000.0,,16.083,1079368644.0,17652000768.0,2280999936.0,184381000000.0,7200999936.0,2286000128.0,0.01031,0.09977,0.35779998,0.0,,0.8661008178205191,7200999936.0,0.118,0.333,,41702281216.0,20381000000.0,15371000832.0,0.0,0.0757312014427338,0.0,0.8565358582710089,0.0390549998969525,0.0,0.0121397240735074,-0.2160651192369139,-0.0167241794398523,-0.3641620851150478,,-0.0148903658745084,0.0,,,0.1295037405699709,,United States,USD
INSM,Healthcare,Biotechnology,20515618816.0,19434162176.0,-949036032.0,-1183755008.0,-606202112.0,3.255,216752451.0,742462016.0,1223513984.0,2264558000.0,670483968.0,-895664000.0,-0.31107,-2.9446201,-0.65459,0.8181,4.469,1.05336,819564032.0,2.296,,,19434162176.0,738976000.0,-481051968.0,0.0,0.0,0.0,0.0360201662268981,0.2960771894559556,,0.3520470779200269,,0.3003082798928911,-0.2776882553455221,0.0219493001793646,0.1181726923990399,0.1944068777894805,,-15.392954278864126,-1.2063431942624794,-0.6650223535989629,United States,USD
EVRG,Utilities,Utilities - Regulated Electric,19266279424.0,35000893440.0,2787000064.0,882099968.0,-1101750016.0,44.061,230513025.0,15876299776.0,18400000.0,33948500000.0,3156000000.0,1958099968.0,0.028970001,0.08866999,0.21916,0.52331,0.446,1.55555,6030799872.0,0.05,0.185,,35000893440.0,10221300000.0,15857899776.0,0.0796265406418151,0.0457846555937088,0.0,0.5305279641728505,0.0929643430490301,-1.2490081124229222,0.005797706437296,,0.0111597241998256,-0.2546132748217224,0.0738555709222312,0.0516199379842079,0.0012133864405949,5.689953143825977,2.4457244848288173,0.1233347817581546,0.0498238167959117,United States,USD
PGHN.SW,Financial Services,Asset Management,17723328512.0,20401446912.0,1572999936.0,1260700032.0,1344012544.0,84.831,25783135.0,2486099968.0,328800000.0,6388200000.0,1739100032.0,1515000064.0,0.1596,0.54798,0.60736,0.68072,1.669,1.13666,2554800128.0,0.201,0.11,,20401446912.0,2187200000.0,2157299968.0,0.0771023713555714,0.0711322385716888,0.0758329646200489,0.1234079703775227,0.2722363157070849,1.066084326077022,0.1070770688207776,0.1530046811625547,0.1032441717791411,0.1914124650966756,0.0540931695214879,0.1240300529621874,0.0,1.371455852366926,35.176339285714285,0.6093882319699221,0.3899584281896466,Switzerland,CHF
5801.T,Industrials,Electrical Equipment & Parts,2868865138688.0,3163728904192.0,107075002368.0,72514002944.0,5090500096.0,5928.204,70349805.0,329362997248.0,70971998208.0,987016000000.0,229813993472.0,28116000768.0,0.03887,0.18773001,0.08007,0.17576,1.389,0.75676,1307559985152.0,0.122,1.18,,3163728904192.0,341439000000.0,258390999040.0,0.0338445567273869,0.0252761978826102,0.0017743950481855,0.1190153539793606,0.2328371510411178,0.0702002356693949,0.0890169823616637,,0.0755796792187843,1.0116087839798782,0.0188004248586526,0.0020395794141564,0.0,2.413177616862904,6.865213619605291,0.0853647829383503,0.1068440904219861,Japan,JPY
NST.AX,Basic Materials,Gold,26147401728.0,27437922304.0,3752600064.0,1547699968.0,287762496.0,10.659,1427259912.0,1793900032.0,865000000.0,20432400000.0,2633799936.0,2730800128.0,0.08148,0.12798001,0.30466,0.3784,1.742,11.771,6960300032.0,0.19,0.135,,27437922304.0,14917200000.0,928900032.0,0.1367669177870998,0.0591913484980284,0.0110053954497455,0.5705041042003759,0.1289031115287484,0.185929121890374,0.1975240902202371,,0.1839042629643902,,0.350745617930804,0.5620145556846676,0.2431008111428054,0.2475350466763729,17.656996587030715,1.5222699589092823,0.1100832513232438,Australia,AUD
KNEBV.HE,Industrials,Specialty Industrial Machinery,24867250176.0,25324650496.0,1541400064.0,979699968.0,960374976.0,4.057,442074920.0,890700032.0,1232000000.0,9052000000.0,6500800000.0,1292800000.0,0.09797,0.46552,0.104490004,0.57625,0.953,0.41717,11281200128.0,0.013,0.0,,25324650496.0,2797300000.0,-341299968.0,0.0608656006622268,0.0393971975616963,0.038620071346967,0.1124893174839147,0.7181617322138754,0.98027458137061,0.0102401052254881,0.3925924993862411,0.0105115988652251,0.2514754995893786,0.0658674897722468,-0.0250207339271673,0.0,-0.2214220538659586,33.84158415841584,1.4514426333825483,0.3617984069438196,Finland,EUR
NSIS-B.CO,Basic Materials,Specialty Chemicals,179591249920.0,184529125376.0,1546700032.0,596700032.0,813162496.0,176.30289,412484967.0,3212300032.0,327200000.0,16349100000.0,2345700096.0,1282200064.0,0.03797,0.05388,0.24417,0.55859,1.674,0.29418,4199300096.0,0.039,0.075,,184529125376.0,10855200000.0,2885100032.0,0.0083818748333002,0.0033225451254769,0.0045278514201678,0.0604439247727019,0.143475793529919,1.3627659668032328,0.2084636056763353,0.7113435370870742,0.2144977048489026,0.4737677954771242,-0.0064715861879525,0.0759101318802811,0.0,1.8653261604122084,11.88433382137628,0.3991532706245043,0.0596496127221152,Denmark,DKK
SCMN.SW,Communication Services,Telecom Services,33826668544.0,50669379584.0,4251000064.0,1236000000.0,2642870016.0,215.417,51801943.0,17604999168.0,1096999936.0,36023000000.0,8659000320.0,6017999872.0,0.033180002,0.10398,0.14337,0.58134,0.773,1.57793,14894999552.0,-0.041,-0.096,,50669379584.0,12239000000.0,16507999232.0,0.083896824845717,0.0365392175227742,0.0781297754037554,0.3618151159071469,0.2403742142520056,2.1382443495145638,0.108389495510961,0.2370131997372782,0.0990786087822694,0.2174973363324257,-0.0231138617817128,-0.0481437442198441,0.0,3.8833213322670974,5.328729281767956,0.3418347149336258,0.0658923996584116,Switzerland,CHF
ANTO.L,Basic Materials,Copper,37955485696.0,44390658048.0,4929800192.0,1328899968.0,32187500.0,7.88927,985856695.0,7659400192.0,4909899776.0,26418400000.0,4303699968.0,3071600128.0,0.08524,0.15127,0.43218,0.49925,2.901,0.53078,8620300288.0,0.318,0.417,,44390658048.0,10370100000.0,2749500416.0,0.1110549022875345,0.0350120659407092,0.0008480328840421,0.2732174232483308,0.1629053980559004,0.0242211609414381,0.1371703354564772,,0.124926878724444,-0.9131709374670464,0.0848368907107081,0.1671533781903167,0.0,0.5577305993987027,9.520765911542613,0.4010235855293458,0.1473709257280256,United Kingdom,GBP
SNA,Industrials,Tools & Accessories,19709593600.0,19176835072.0,1403900032.0,1023400000.0,1048337472.0,115.031,51801916.0,1300199936.0,1752800000.0,8412300000.0,2695000064.0,1151900032.0,0.099180005,0.18202,0.24566,0.51616,3.528,0.21731,5221199872.0,0.052,0.04,,19176835072.0,5931800000.0,-452600064.0,0.0732081194174646,0.0519239524045792,0.0531891977721955,0.3009600360303725,0.3203642361779775,1.0243672777017785,0.0211367366841557,0.193879027315694,0.018617581732648,0.139201562046492,0.0119520481762273,0.0652796069293891,6.920000656421657e-05,-0.3223876726857999,27.453465346534653,0.8859406927397356,0.1850062718513971,United States,USD
4543.T,Healthcare,Medical Instruments & Supplies,3339587944448.0,3552757153792.0,285037002752.0,135913996288.0,64105500672.0,1074.183,1475083041.0,428022005760.0,280494014464.0,1828393000000.0,596914012160.0,230852001792.0,0.05726,0.09205,0.14914,0.52737,1.592,0.27013,1131876974592.0,0.138,0.436,,3552757153792.0,1368535000000.0,147527991296.0,0.0802298019294025,0.0406978341486572,0.019195631837926,0.4097915739201187,0.3264692066530554,0.4716622454111442,0.1378796253476646,0.2400096357399117,0.12641027865207,0.2661561684125966,0.0159459135652108,-0.0016430035568378,-0.0068005759023052,0.517574875793788,25.743716984152396,0.5393461053061909,0.1013091617383591,Japan,JPY
SHB-A.ST,Financial Services,Banks - Diversified,271445311488.0,1322544791552.0,,24028999680.0,,86.981,1944777165.0,1649639030784.0,593015996416.0,3387566000000.0,55723999232.0,-66344001536.0,0.0064700004,0.13495,0.51917,0.0,,8.275006173923511,55723999232.0,-0.093,0.006,,1322544791552.0,199352000000.0,1056623034368.0,0.0,0.0885224340338708,0.0,0.7344094429452428,0.0164495685787376,0.0,0.0481682947775765,,0.0394035238429933,-0.0031964073438119,,-0.0428368435224839,0.0,,,-0.0402172840833364,,Sweden,SEK
RBA.TO,Industrials,Specialty Business Services,27481112576.0,31712493568.0,1282700032.0,403900000.0,681275008.0,42.02793,186300000.0,4440399872.0,667200000.0,12143000000.0,2189499904.0,1045500032.0,0.040510003,0.07576,0.17973,0.4642,1.138,0.7277800000000001,4716700160.0,0.114,0.2,,31712493568.0,6053400000.0,3773199872.0,0.0404477821729644,0.0146973671056075,0.0247906632643023,0.2202749245780754,0.1803096355101704,1.686741787571181,0.3834388625048852,0.1550597715669539,0.2568619079946529,0.2365516867926571,-0.0883043251267401,0.0284576945879562,0.0063195024254032,2.941607373406536,3.7954070981210855,0.2354517750963488,0.0690926365795724,Canada,CAD
ENTG,Technology,Semiconductor Equipment & Materials,20745543680.0,22968999936.0,880700032.0,264700000.0,445062496.0,26.587,152300000.0,3757499904.0,442700000.0,8350500000.0,1448600064.0,738000000.0,0.03746,0.067880005,0.17945999,0.44775,3.215,0.92796,3235300096.0,0.05,0.463,,22968999936.0,3953400000.0,3314799904.0,0.0383429855219622,0.0127593667383702,0.0214534023723402,0.1905662276670688,0.1734746499012035,1.6813845712126936,-0.0087532329269653,,-0.0162793677583201,0.6484892773434968,0.0187187466722807,-0.0052533771710385,0.0051280695725727,3.763823984963816,2.274274274274274,0.1964071906467306,0.05779773337234,United States,USD
CCEP,Consumer Defensive,Beverages - Non-Alcoholic,43197329408.0,54037467136.0,3424999936.0,1942000000.0,1747874944.0,20.132324,442777049.0,10794000384.0,972000000.0,29872000000.0,7436000256.0,2952999936.0,0.05716,0.22894,0.1372,0.35577,0.801,1.30001,20900999168.0,0.002,0.683,,54037467136.0,7835000000.0,9822000384.0,0.0633819480728076,0.0449564828801742,0.0404625695142232,0.1813769533296423,0.2489287712908409,0.9000385911431514,0.0646488578550907,-0.0490219630623064,0.0669377996647652,-0.0402462121212121,-0.0033895192479491,-0.0394855305466237,-0.0257307337575647,2.8677373919810782,10.375912408759124,0.2735778979938936,0.1275631534078162,Netherlands,USD
IONQ,Technology,Computer Hardware,21018830848.0,19148982272.0,-662371008.0,308505984.0,-91360376.0,13.334,373269948.0,30443000.0,2033469952.0,6570358000.0,67569000.0,-401185984.0,-0.12831001,0.11286,-4.01755,0.36110002,14.052,0.61,187118000.0,7.547,,,19148982272.0,3799517000.0,-2003026952.0,0.0,0.0146775996358215,0.0,0.1807672856533566,0.0102839145142471,-0.2961381001932202,1.268928825536873,,0.732439324742318,-0.5292245944979104,-0.3315016170279909,11.92390457681928,0.6338952947967443,,,-13.178267056466185,-0.0989633378948777,United States,USD
LNT,Utilities,Utilities - Regulated Electric,18960117760.0,30579224576.0,1856000000.0,821000000.0,-1202625024.0,28.737,258277037.0,11840000000.0,115000000.0,24991000000.0,1998000000.0,1288000000.0,0.02617,0.113120005,0.21030001,0.45224,0.688,1.59526,4417999872.0,0.05,0.049,,30579224576.0,7334000000.0,11725000000.0,0.0606948026228459,0.0433014188198797,0.0,0.3868119435140048,0.079948781561362,-1.464829505481121,0.0122937458567551,,0.0102564102564102,-0.8208955223880597,0.0502503242520939,0.1002465439816853,0.0017204426110836,6.317349137931035,2.360082304526749,0.1087837837837837,0.050157425223019,United States,USD
DD,Basic Materials,Specialty Chemicals,18442299392.0,21176053760.0,1552999936.0,132000000.0,-124750000.0,34.255,405058202.0,3216999936.0,710000000.0,21575000000.0,2422000128.0,1214000000.0,0.01983,0.00896,0.13801,0.35009998,2.683,0.22594,6918000128.0,0.043,,,21176053760.0,13919000000.0,2506999936.0,0.0733375516326607,0.0071574589043522,0.0,0.7547323521945348,0.1122595656083429,-0.9450757575757576,-0.1926929338134674,-0.3358031954355256,-0.2216813759450585,0.0248947122133832,-0.0095225048709005,-0.4110983731848455,-0.0210502800991256,1.6142949383869132,1.6389776357827477,0.3773702282100387,0.0266216917488323,United States,USD
KPN.AS,Communication Services,Telecom Services,16791016448.0,23647778816.0,2388000000.0,830000000.0,230250000.0,0.982,3773262403.0,7104999936.0,449000000.0,12696000000.0,3084999936.0,2236000000.0,0.06868,0.23339,0.24534,0.52952,0.857,1.89568,5825999872.0,0.022,0.276,,23647778816.0,3517000000.0,6655999936.0,0.1009819999831987,0.0494311945063255,0.0137126898013029,0.2094572422635506,0.2429899130434782,0.2774096385542168,0.0296169092658256,0.0209432470791464,0.0292911963882618,0.0147103274559193,0.0043882546329045,0.0118753486889296,-0.0158051470019331,2.7872696549413734,4.996268656716418,0.3147079549811835,0.1266193853427896,Netherlands,EUR
LGEN.L,Financial Services,Asset Management,15196275712.0,-456163164160.0,1042000000.0,475000000.0,-17395374080.0,0.318,5484040217.0,57275998208.0,528843997184.0,582268000000.0,2801999872.0,4547999744.0,0.00113,0.17860001,0.07367,0.25487,4.411,24.77336,10993999872.0,0.139,,,,2283000000.0,-471567998976.0,,0.0312576587186364,0.0,0.1502341786413621,0.0048122168348595,-36.62184016842105,,-0.39469667139455,0.8384654193819634,-0.3415837062745456,,0.0700171087184632,-0.0331855483762557,-452.5604596698656,3.4468085106382977,0.0794049843964964,,United Kingdom,GBP
L,Financial Services,Insurance - Property & Casualty,22325923840.0,25547327488.0,3182000128.0,1634000000.0,2084000000.0,90.898,205768873.0,8933999616.0,6506999808.0,86348000000.0,6672999936.0,2615000064.0,0.019,0.09217,0.11833,0.36041,0.503,0.45603,18514999296.0,0.014,-0.063,,25547327488.0,18686000000.0,2426999808.0,0.1245531505984192,0.0731884607199305,0.0933444015546726,0.8369642454177609,0.0772803068513457,1.2753977968176256,0.0896173166127398,0.0057443817476718,0.0855901631794667,-0.0251641137855579,,0.0537568797822876,-0.0414521819905436,0.7627277531020892,6.224256292906179,0.2927020569059312,,United States,USD
LEN,Consumer Cyclical,Residential Construction,22541219840.0,18813904896.0,2482646016.0,1770423040.0,3444002816.0,88.833,215244398.0,5506315776.0,8975199232.0,34430437000.0,5596869120.0,72352000.0,0.04301,0.08076,0.03644,0.16871001,8.328,0.24992,33174865920.0,-0.133,-0.526,,18813904896.0,21959417000.0,-3468883456.0,0.1319580400625833,0.0785415808268874,0.1527868873311161,0.9741893808707028,0.1625558548675987,1.9452993652861637,0.0050816327652891,-0.7936693239469426,0.0080151316964026,-0.4697893491860227,-0.1148208798305823,-0.1665911573466816,0.0053941479422387,-1.3972525417010555,,0.0131398203341979,0.0843218763605429,United States,USD
IFF,Basic Materials,Specialty Chemicals,19242223616.0,24890177536.0,1879000064.0,826000000.0,3702625024.0,55.329,255303473.0,6467999744.0,562000000.0,25539000000.0,3920999936.0,980000000.0,0.02123,0.060510002,0.10106,0.36346,1.492,0.45701,10787999744.0,-0.036,,,24890177536.0,14154000000.0,5905999744.0,0.0754916296310985,0.0429264318138979,0.1924218893767168,0.7355698739635725,0.1535298929480402,4.482596881355932,-0.0433879809337182,,-0.0401356576588253,0.1541992696922274,0.0279344895904381,-0.1108519305086516,-0.0001884664686167,3.1431610126863734,-0.7991266375545851,0.1515151575120408,-0.0084698694806998,United States,USD
GIS,Consumer Defensive,Packaged Foods,18094460928.0,20787142656.0,3318099968.0,2203800064.0,2263375104.0,10.354,533681218.0,0.0,399000000.0,33071100000.0,6088300032.0,2225799936.0,0.05311,0.23591,0.19194001,0.3314,0.563,2.17629,18371198976.0,0.022,-0.145,,20787142656.0,9199200000.0,-399000000.0,0.1596227063483525,0.1217941818089624,0.1250866280574059,0.5083986771755569,0.1840972943748469,1.0270328697113604,0.0085924012045184,-0.0584983760113273,0.0063464863293502,-0.0382733306412367,0.0084338527344993,0.0508803650472356,1.7662337662337664e-05,-0.1202495415593217,6.165816326530612,,0.1342042849550642,United States,USD
FRE.DE,Healthcare,Medical Care Facilities,21008748544.0,31756412928.0,3033400064.0,1514000000.0,1804749952.0,35.124,563237277.0,11905000448.0,2059000064.0,41395000000.0,5814000128.0,2907000064.0,0.03328,0.07786,0.10225,0.25294,1.265,0.58172,22986000384.0,0.02,0.9,,31756412928.0,19104000000.0,9846000384.0,0.0955208660020104,0.0720652159184603,0.0859046862415528,0.9093354589869664,0.1404517484720376,1.1920409194187582,0.0203431493480794,-0.28967503982729,0.022464713014435,-0.3503646255353629,-0.0020327717379488,-0.0494833524684271,0.0,3.2458627863996776,5.91685393258427,0.2441831125246506,0.0797588755604022,Germany,EUR
MTX.DE,Industrials,Aerospace & Defense,16251691008.0,17840805888.0,1458749952.0,992000000.0,,81.87,53831371.0,2532000000.0,1420999936.0,12721000000.0,1708999936.0,,0.05973,0.24299999,0.10847,0.19239001,1.478,0.5551400000000001,8883000320.0,0.057,-0.109,,17840805888.0,4314000000.0,1111000064.0,0.0817648014981866,0.0610398019204082,0.0,0.2654492998837109,0.1343447791840264,0.0,0.1802532388320097,-0.0136336384843626,0.183824022034466,-0.1190348525469168,0.0322153374273847,0.0189842999038769,0.0,0.7616110372286751,13.053097345132745,0.0,0.197562282346638,Germany,EUR
FDXF,Industrials,Integrated Freight & Logistics,27861831680.0,5252383744.0,1548000000.0,903000000.0,,95720.0,148906159.0,5350000128.0,102000000.0,6201000000.0,2576999936.0,1060000000.0,,0.2418965979105277,0.06027,0.29674998,0.841,1.43316370961693,8684000256.0,-0.047,,,5252383744.0,3733000000.0,5248000128.0,0.2947233247700798,0.0324099294824251,0.0,0.1339825766975561,0.4155781222383486,0.0,,,-0.0632329635499207,-0.0445368171021377,,0.2284072900158478,0.0,3.39018096124031,,0.1981308363811687,0.2463661453541858,United States,USD
IMO.TO,Energy,Oil & Gas Integrated,82815254528.0,84164599808.0,6590000128.0,2920000000.0,3520624896.0,47.04,483592715.0,4216000000.0,1029000000.0,42309000000.0,7831000064.0,5936999936.0,0.061950002,0.12384,0.09770001,0.16709,1.232,18.533,46868000768.0,-0.004,-0.23,,84164599808.0,22254000000.0,3187000000.0,0.0782989539905542,0.0352592045588985,0.0425117922545256,0.2687186089910027,0.1850906441655439,1.2056934575342466,-0.075647287806143,-0.1932227721645995,-0.0712944914086419,-0.214866646384748,-0.0553232800086092,-0.0146490288322697,-0.0499999997053305,0.4836115232318247,164.92307692307693,1.4082068159392789,0.1201356008180875,Canada,CAD
CAP.PA,Technology,Information Technology Services,15961909248.0,23574306816.0,2896999936.0,1600999936.0,2106249984.0,68.622,167140419.0,9457999872.0,2814000128.0,29060000000.0,6074999808.0,2481999872.0,0.0572,0.13695,0.11965,0.27041999,1.209,0.8103199999999999,22464999424.0,0.037,0.055,,23574306816.0,11648000000.0,6643999744.0,0.1228880220577171,0.1003012804499313,0.1319547650143362,0.729737265074319,0.209050234273916,1.315584052590493,0.0070726900693485,-0.0048128282962527,0.0044185994297132,-0.0067872794696033,0.0052694836305946,0.132501948558067,-0.0082802506025898,2.2934069350286657,11.954545454545457,0.2624233353341284,0.1116246168356519,France,EUR
4004.T,Basic Materials,Chemicals,2963605028864.0,3484875751424.0,144662495232.0,35560001536.0,,3922.938,180983523.0,963304030208.0,281903988736.0,2106723000000.0,341880012800.0,,0.016280001,0.05466,0.07192,0.2563,1.808,1.30533,1333894971392.0,-0.041,0.572,,3484875751424.0,698852000000.0,681400041472.0,0.0415115216583798,0.0119989003897833,0.0,0.2358114503091803,0.1622804767404163,0.0,-0.0110105654656741,0.2693659251781022,-0.0029781331697938,0.218164595754165,0.0214635971672775,-0.0303333385497549,0.0,4.710274355348401,3.649373566260808,0.0,0.037977286958885,Japan,JPY
7269.T,Consumer Cyclical,Auto Manufacturers,3446647816192.0,4103937982464.0,900691001344.0,439267000320.0,80073752576.0,1753.034,1929273897.0,748622970880.0,973290995712.0,5993657000000.0,1604348018688.0,717534986240.0,0.06165,0.13873,0.1091,0.25494,1.737,18.026,6292966998016.0,0.152,0.273,,4103937982464.0,2970660000000.0,-224668024832.0,0.2194699347779193,0.1274476023504253,0.0232323570165253,0.861898330906959,0.2676743128090246,0.1822894788765542,0.1774585081981978,1.0551581083310315,0.1544131330188646,0.6991509875621575,0.029284130145082,0.0409890761101392,0.0,-0.2494396241294219,17.80985267034991,0.9584731088287922,0.1761881988567784,Japan,JPY
FTV,Technology,Scientific & Technical Instruments,18053869568.0,21544253440.0,1190200064.0,556499968.0,953612480.0,19.905,304861021.0,3582099968.0,356100000.0,11737700000.0,2679099904.0,1076300032.0,0.032509997,0.06814,0.17926,0.63255,0.708,0.58806,4235399936.0,0.077,-0.124,,21544253440.0,6453400000.0,3225999968.0,0.0552444329210416,0.0308244150044365,0.0528203926813702,0.3574524550370342,0.2282474338243438,1.7135894606196995,-0.1062478860614696,-0.0841200217976988,-0.1075174086186567,-0.0580444735120994,0.0576788456127176,-0.3102003396783047,0.0081833060556464,2.710468656133428,5.997510373443983,0.3004662185910273,0.0761450200714353,United States,USD
EPI-A.ST,Industrials,Farm & Heavy Construction Machinery,314917093376.0,324832231424.0,14170999808.0,8505999872.0,6956125184.0,37.942,819850906.0,19843999744.0,9214000128.0,80377000000.0,21934000128.0,9742999552.0,0.0932,0.19252001,0.19830999,0.36068,2.432,0.4322,60813000704.0,-0.076,-0.044,,324832231424.0,42261000000.0,10629999616.0,0.0436255963451568,0.027010283185372,0.0220887507547728,0.134197224885287,0.2728890121303358,0.8177904171969402,0.0765261275191739,0.2407771895959389,0.0681941444327976,0.2280604017006304,-0.0121619195764735,-0.0384261086985129,0.0,0.7501234747035288,14.769607843137257,0.4909796249592211,0.1968605543849332,Sweden,SEK
9020.T,Industrials,Railroads,3905143963648.0,8517392007168.0,842988978176.0,247845994496.0,-216981504000.0,2698.78,1128654291.0,4860080029696.0,262247006208.0,10174224000000.0,1131787976704.0,765071982592.0,0.02466,0.08387,0.07653,0.36691,0.776,1.58822,3084679118848.0,0.109,2.718,,8517392007168.0,2859543000000.0,4597833023488.0,0.0989726641049941,0.063466544845244,0.0,0.732250341247023,0.1112407173956461,-0.875469076840384,0.1342195724803914,,0.121986975634102,0.8332052902447689,,0.0412163808569818,0.0,5.45420301157017,4.973164049448713,0.1574196264088794,0.0441302980918224,Japan,JPY
ESS,Real Estate,REIT - Residential,19691524096.0,25298661376.0,1278588032.0,572742016.0,983003264.0,84.522,64261739.0,6857027072.0,41705000.0,13159009000.0,1354258048.0,1080088960.0,0.03174,0.105579995,0.35173,0.68883,0.3,1.21856,1966022016.0,0.064,-0.478,,25298661376.0,5541372000.0,6815322072.0,0.0505397504238289,0.0290857128786868,0.0499201209214517,0.2814089947017171,0.102914896402913,1.7163107237447723,0.0551039023406882,0.0475963246573212,0.0545775413216827,0.0519677760994891,-0.0060290162484742,0.0179193600177731,0.0025174677482891,5.330350278141818,3.719667652203526,0.1575156330373023,0.075450241565082,United States,USD
FWONK,Communication Services,Entertainment,22303907840.0,26722306048.0,857000000.0,222000000.0,654249984.0,31.721,224233462.0,5164000256.0,1291000064.0,15398000000.0,1276999936.0,793000000.0,0.022230001,0.0273,0.15955,0.32021,1.247,0.5987899999999999,3988000000.0,0.183,-0.497,,26722306048.0,7757000000.0,3873000192.0,0.0320705854674597,0.0099534127199836,0.0293334239315077,0.3477865876978085,0.082932844265489,2.947072,0.2032171735721535,0.45661425048205,0.1626890756302521,0.0808813403718154,0.0172661974061119,0.184370433043612,0.0044516734960351,4.519253432905484,3.943775100401607,0.1535631217443533,0.0679161767757106,United States,USD
STO.AX,Energy,Oil & Gas E&P,26209525760.0,31448541184.0,2908000000.0,818000000.0,745625024.0,6.8835883,3247772961.0,7539999744.0,1722000000.0,30530000000.0001,1664000000.0,2812999936.0,0.0235,0.05243,0.2589,0.33691,1.526,0.48133,4938999808.0,-0.116,-0.359,,31448541184.0,15665000000.0,5817999744.0,0.092468518109816,0.0312100267471608,0.0284486270689393,0.5976834584282077,0.0545037667867669,0.9115220342298288,-0.1402243201719232,,-0.1498210867937089,,-0.0261851640298286,0.0302703067526067,0.0,2.0006876698762035,4.730407523510972,0.3730769272556622,0.0527770005595969,Australia,AUD
8267.T,Consumer Cyclical,Department Stores,3798575874048.0,6787081175040.0,653694009344.0,72676999168.0,361687875584.0,441.033,2766624836.0,4505218842624.0,2639138914304.0,15369658000000.0,3910376095744.0,1126589005824.0,0.01161,0.057579998,0.04264,0.36493,1.042,2.04386,10715341520896.0,0.113,0.754,,6787081175040.0,1220171000000.0,1866079928320.0,0.0963144527794965,0.0191326964572517,0.0952167042535766,0.3212180144501653,0.2544218027326307,4.976648454457002,0.0553281116083113,,0.0544210126391062,,-0.001196086552115,0.1110607656774198,0.0641321930769029,2.854668853692973,5.038013858611024,0.2500631035201465,0.0425424729475545,Japan,JPY
LUN.TO,Basic Materials,Copper,31170004992.0,31949551616.0,1878599936.0,1189799936.0,1773582976.0,11.035642,855378907.0,511200000.0,565400000.0,10820600000.0,2248900096.0,1657500032.0,0.084180005,0.2218,0.43476,0.52393,1.805,6.216,4292400128.0,0.26,1.282,,31949551616.0,6619800000.0,-54200000.0,0.0587989452427625,0.0381713104090092,0.0569003109385193,0.2123772518387154,0.2078350642293403,1.4906564728542733,0.1004821887046467,1.6851916015721908,0.108714666158884,0.6174158282100161,0.0941672390279866,0.0397624630049582,0.1036614287842592,-0.0288512732068995,17.705967976710333,3.2423709546165886,0.1269715347438962,Canada,CAD
AFRM,Financial Services,Credit Services,20800548864.0,28356728832.0,631558976.0,382424000.0,301085376.0,11.299,294357801.0,9090749440.0,1768999040.0,11154929000.0,1920979968.0,1009448000.0,0.017380001,0.114870004,0.08513,0.48369,13.542,2.40279,3971538944.0,0.326,35.293,,28356728832.0,3069009000.0,7321750400.0,0.0222719263474177,0.0183852840855497,0.0144748765029511,0.1475446162534492,0.1722090717027423,0.7873077421919127,0.3369490627173186,,0.2998518743411661,0.9493843010693656,0.1023414807063137,0.1717831354385086,0.0452005497416291,11.59313805714955,1.144467870565588,0.1110412300616658,0.0443665146187672,United States,USD
BR,Technology,Information Technology Services,16743273472.0,20038701056.0,1761900032.0,1100400000.0,1187662464.0,24.363,115658297.0,3407300096.0,305600000.0,8545000000.0,2292900096.0,1367900032.0,0.091709994,0.42314,0.18402,0.31314,0.943,1.20878,7322299904.0,0.078,0.151,,20038701056.0,2655200000.0,3101700096.0,0.0879248623489221,0.0657219152419754,0.0709337075564192,0.1585830873777655,0.2683323693387946,1.0793006761177752,0.0646289696150486,0.418140102163905,0.0633539829690176,0.2890349892562778,0.0312830489741496,0.0367126079782587,0.0,1.7604291047541112,8.796023564064802,0.4014615658907902,0.178718374553017,United States,USD
WSP.TO,Industrials,Engineering & Construction,24595947520.0,32854659072.0,2202500096.0,964300032.0,1707637504.0,73.008,134816636.0,8734600192.0,612800000.0,20840000000.0,3921499904.0,2110200064.0,0.050869998,0.10462,0.09122,0.21258,1.189,0.87041,18446800896.0,0.037,-0.028,,32854659072.0,9842000000.0,8121800192.0,0.0670376792275727,0.0392056468333202,0.0694275958513673,0.400147219048872,0.1881717804222648,1.770857043796095,0.1528770339231033,0.4779893977795888,0.136700103087868,0.3984219582826205,0.0127874927782137,0.0317240286744029,0.0331647543004338,3.687536816343458,5.313034891375906,0.2415909163115133,0.1077747953474086,Canada,CAD
HEXA-B.ST,Technology,Scientific & Technical Instruments,211690045440.0,217829818368.0,1275900032.0,2052099968.0,-6078737408.0,4.481,2574127888.0,3254000128.0,1978099968.0,17108300000.0,3584000000.0,1470499968.0,0.03686,0.17889,0.24139,0.66043997,3.443,0.26983,5426699776.0,0.002,7.437,,217829818368.0,10222700000.0,1275900160.0,0.0058573249592693,0.0096938897799123,0.0,0.0482908867006571,0.2094889614982201,-2.9622033540229555,0.0167760605006437,0.0372030733303152,0.0141578048120104,0.0575979726672097,0.0117415831790671,-0.0415786672642222,0.0,1.0000001003213392,6.796201607012418,0.4519053196546155,0.0700681552886244,Sweden,SEK
7936.T,Consumer Cyclical,Footwear & Accessories,3160329420800.0,3121538400256.0,187011006464.0,113640996864.0,38237499392.0,446.229,708911962.0,134351003648.0,119389003776.0,586480000000.0,491829002240.0,95333998592.0,0.17197001,0.40855,0.22483,0.56346,1.808,0.42265,872868020224.0,0.297,0.486,,3121538400256.0,271759000000.0,14961999872.0,0.0599098849620632,0.0359585922011994,0.0120992131833904,0.0859907192621734,0.8386117211840131,0.3364762757032198,0.1872181329120563,,0.1708792197778272,0.5132316073847352,0.0713294421540238,0.1300323317803288,-0.0329171622652672,0.0800059855026779,28.50227948463825,0.7095890317408818,0.4195253738833099,Japan,JPY
BBD-B.TO,Industrials,Aerospace & Defense,30294867968.0,33306312704.0,1272000000.0,955000000.0,944124992.0,-17.865168,86557529.0,4837000192.0,1664000000.0,13565000000.0,1927000064.0,1888999936.0,0.05224,-1.0742407199100112,0.10819,0.20015,1.155,-5.440945097862767,9628000256.0,0.051,0.216,,33306312704.0,,3173000192.0,0.0381909583118528,0.0315234910747507,0.0311645191191215,,0.1420567684482123,0.9886125570680628,0.1137663591328999,0.1431154775642211,0.1028847023360964,0.1821695212999561,0.0182524285902068,0.0708083359646353,0.0016742289903698,2.494497006289308,2.868008948545861,0.3905312923336762,0.1787008642319487,Canada,CAD
IREN,Financial Services,Capital Markets,19134054400.0,20163788800.0,147176000.0,158054000.0,-2311044352.0,7.814,357378674.0,3964912896.0,2213274112.0,2940323000.0,517816992.0,392467008.0,-0.03002,0.07729,-0.64468,0.68397003,3.722,1.48804,757073984.0,-0.0,,,20163788800.0,1817488000.0,1751638784.0,0.0072990250721134,0.0082603507179325,0.0,0.0949870822986685,0.1761088805549594,-14.621865640856925,1.0397540035173731,,0.6989349276399829,-0.5414287953927212,-0.1911765611421693,1.550550433329083,0.3849139544502366,11.901660488123063,9.46545948392938,0.0989850264796334,0.0374585807975417,United States,USD
BAMI.MI,Financial Services,Banks - Regional,21251522560.0,24707995648.0,,2051024000.0,,10.205,1505065360.0,28774928384.0,25254060032.0,205896307000.0,5423912960.0,,0.00997,0.13722,0.52953,0.0,,1.8558871132811805,5423912960.0,0.029,,,24707995648.0,15504676000.0,3520868352.0,0.0,0.0965118614070727,0.0,0.7295795374766786,0.02634293465011,0.0,0.1224260936133452,,0.1176777787580441,0.3215286746868516,,0.0387833883720981,0.0,,,0.0,,Italy,EUR
MG.TO,Consumer Cyclical,Auto Parts,24502931456.0,29771819008.0,4206000128.0,671000000.0,2071000064.0,60.541107,272224550.0,6700000256.0,1604999936.0,31417000000.0,6169999872.0,4198000128.0,0.04405,0.059660003,0.04277,0.14579001,1.217,0.54596,42322001920.0,0.031,,,29771819008.0,12493000000.0,5095000320.0,0.1412745431130628,0.0273844785145368,0.0845205018721495,0.5098573622684177,0.1963904851513511,3.0864382473919525,0.0354612507400744,0.7672390026119611,0.0303330251445767,0.543986543313709,0.0196226057120196,0.0121782273913463,-0.0093112270762042,1.2113647562875205,5.756363636363637,0.6265671593431056,0.0774916780888975,Canada,CAD
0002.HK,Utilities,Utilities - Regulated Electric,184557223936.0,247194206208.0,23047000064.0,10467999744.0,2928375040.0,42.593,2526450570.0,63065001984.0,6370999808.0,238644000000.0,29517000704.0,24377999360.0,0.03655,0.10148,0.14779,0.33535,0.595,0.53707,88018001920.0,-0.037,-0.164,,247194206208.0,111482000000.0,56694002176.0,0.0932343861029139,0.0567195340325992,0.0158670301684614,0.6040511317977956,0.1236863307017984,0.2797454252593455,-0.0437561676255726,,-0.0372255072748239,0.4036323015386833,0.148031917862784,0.0210985268256365,0.0,2.4599297964405125,9.920226130653266,0.3865535335459888,0.0788742945612545,Hong Kong,HKD
SAB.MC,Financial Services,Banks - Diversified,13802510336.0,39132803072.0,,1104691968.0,,2.825,4884115440.0,41129316352.0,16122598400.0,245392394000.0,4250528000.0,,,0.0786420173963358,0.38946998,0.0,,2.92795865793186,4250528000.0,-0.106,-0.236,,39132803072.0,14047096000.0,25006717952.0,0.0,0.0800355834633008,0.0,1.0177203753553488,0.0173213518590148,0.0,-0.0373999962806437,,-0.0535477657807949,0.3094235894537501,,0.0241841282708593,-0.0835782557324694,,,0.0,,Spain,EUR
EVN.AX,Basic Materials,Gold,22240440320.0,22310002688.0,3099758080.0,1327649024.0,1166821888.0,2.774,2031090542.0,1487928960.0,966492992.0,8818841000.0,2177767936.0,2384992000.0,0.13253,0.26389,0.42790002,0.42593,1.859,0.26415,5112986112.0,0.375,1.07,,22310002688.0,4142196000.0,521435968.0,0.1389402826772084,0.0596952670404683,0.0524639742384381,0.1862461327384367,0.2469449144167584,0.8788632137765953,0.2102054667950574,,0.1908090042082867,,,0.3060334977937425,0.0822125871241366,0.1682182785051406,5.3636875677654645,1.602893729550099,0.0971808191662915,Australia,AUD
AMCR,Consumer Cyclical,Packaging & Containers,17885843456.0,32827101184.0,3200999936.0,678000000.0,149500000.0,25.211,462345690.0,16762999808.0,1587000064.0,37066000000.0,4248000000.0,1670000000.0,0.04079,0.08737001,0.0859,0.19143999,1.443,1.4374,22190000128.0,0.774,-0.117,,32827101184.0,11728000000.0,15175999744.0,0.0975108925414399,0.0379070744786462,0.0083585658326808,0.6557141142854919,0.1146063778125505,0.2205014749262537,0.010545712737626,-0.0675193176531631,0.0023563148893533,-0.05609249925882,-0.0050743481303956,1.2431614621157103,0.5939231601882378,4.74101844655582,2.641414141414141,0.0996241734252724,0.0347750922570564,United States,USD
BT-A.L,Communication Services,Telecom Services,20027066368.0,40703991808.0,7437000192.0,1076999936.0,1100499968.0,1.267,9740790933.0,22720000000.0,2123000064.0,50982000000.0,9265999872.0,7030000128.0,0.03955,0.08456001,0.15928,0.47145998,0.846,1.80834,19654000640.0,-0.039,0.4,,40703991808.0,12908000000.0,20596999936.0,0.1827093575264115,0.0537772190998912,0.0549506326976785,0.6445277487383219,0.1817504192067788,1.0218199010180813,-0.0079284008488628,0.2385623296301708,-0.0065791064992864,0.1795047894451473,-0.0074656172497898,-0.0146311293221747,0.0,2.769530644648395,2.0646448523543497,0.3094190197183099,0.0635673391159053,United Kingdom,GBP
WY,Real Estate,REIT - Specialty,17387941888.0,22570399744.0,698000000.0,397000000.0,-45875000.0,13.091,721042609.0,5448999936.0,299000000.0,16613000000.0,1008000000.0,544000000.0,0.00721,0.04161,0.08975001,0.14675,1.418,0.57729,6869000192.0,-0.02,0.966,,22570399744.0,9426000000.0,5149999936.0,0.0309254602451404,0.0228319143551993,0.0,0.5420998103579583,0.0606753747065551,-0.1155541561712846,-0.1214865179461933,,-0.1302976134474864,-0.900963792654337,-0.2070163872508337,0.0046565070149975,-0.0073211222781723,7.378223404011461,1.9523809523809523,0.0998348332518681,0.034757091620476,United States,USD
INVH,Real Estate,REIT - Residential,17726212096.0,26407288832.0,1492500992.0,581246976.0,1021075392.0,15.305,594041956.0,8858251264.0,137576992.0,18680290000.0,1589332992.0,1198760960.0,0.02469,0.061929997,0.24277,0.57181,1.497,0.97038,2779454976.0,0.092,-0.037,,26407288832.0,9530132000.0,8720674272.0,0.0565185241656238,0.0327902528104783,0.0576025710665173,0.5376293563671461,0.0850807451062055,1.7566979858145533,0.0683716589874032,0.0571491410861353,0.0662840264598867,0.0476621821447687,-0.0251200897310204,-0.0011048101243621,-0.0029656052145194,5.842993953601339,2.66958370008519,0.1353270441618396,0.0515290407944522,United States,USD
CF,Basic Materials,Agricultural Inputs,17227986944.0,21277534208.0,3436999936.0,1758000000.0,1076375040.0,34.776,153629274.0,3620000000.0,2042000000.0,14088000000.0,2897999872.0,2662000128.0,0.11338,0.273,0.33585,0.39125,3.54,0.43847,7407000064.0,0.194,1.151,,21277534208.0,4838000000.0,1578000000.0,0.161531872180365,0.1020432628440236,0.0624782827789911,0.280822130625362,0.2057069755820556,0.6122724914675768,-0.1412477014500929,-0.1903264521263125,-0.1686415669487952,-0.2035351635953366,-0.1394300046147463,0.0461904054656171,-0.0980108149535823,0.4591213352876827,16.44137931034483,0.7353591513812154,0.1805923793651996,United States,USD
LOGN.SW,Technology,Computer Hardware,12369896448.0,11020801024.0,866476032.0,711187008.0,747836736.0,12.321002,143535585.0,88155000.0,1741545984.0,3848588000.0,2098354048.0,1037206976.0,0.13351,0.32783002,0.12775,0.43348,2.22,3.986,4840760832.0,0.074,0.031,,11020801024.0,2211394000.0,-1653390984.0,0.0786218742279327,0.0574933679509489,0.0604561840225358,0.1787722321925778,0.5452269892230605,1.051533179863713,0.0217005429299717,0.3023735525275113,0.0254980626827941,0.1578127818521386,0.0531800624120396,0.0876313832060102,-0.0485824058919154,-1.9081785565189184,,11.765719199137882,0.3096108833557145,Switzerland,CHF
SGSN.SW,Industrials,Consulting Services,17666170880.0,20029507584.0,1246000000.0,668000000.0,805500032.0,4.665,197785167.0,4896999936.0,2331000064.0,7883000000.0,3078000128.0,1223000064.0,0.08406,0.76602995,0.14987001,0.4432,1.442,4.92161,6944999936.0,0.019,0.102,,20029507584.0,901000000.0,2565999872.0,0.0622082192871946,0.0378123818985724,0.0455956210019406,0.0510014312733739,0.3904605008245592,1.205838371257485,0.0149807205187908,0.1135740788295596,0.0160130355886383,0.1094894721661378,0.0015996769038965,0.168024892576678,0.0278307773060515,2.059389945425361,13.657894736842104,0.2497447580117754,0.2013969732246798,Switzerland,CHF
CDW,Technology,Information Technology Services,16303895552.0,22086221824.0,1982200064.0,1077100032.0,884099968.0,19.964,127753451.0,6146299904.0,578600000.0,16028200000.0,4941100032.0,1192800000.0,0.06698,0.44157,0.066199996,0.21572,1.165,2.40522,22904799232.0,0.092,0.077,,22086221824.0,2606100000.0,5567699904.0,0.0897482638631312,0.0660639678759394,0.0542263022466153,0.159845234023246,0.3082754165782808,0.8208150977011576,-0.0189486794509169,-0.0342709208997644,-0.0196554391710663,-0.0535194026196596,0.019987349471178,0.0919582515805537,-0.0241327300150829,2.8088486147884617,7.277044854881266,0.1940679788865701,0.1880005907681121,United States,USD
BAER.SW,Financial Services,Asset Management,13009032192.0,3029430272.0,,763699968.0,,35.26,204995768.0,30442600448.0,40481099776.0,107488900000.0,3760399872.0,1232099968.0,0.00719,0.108660005,0.33801997,0.0,,4.211643347998119,3760399872.0,0.018,-0.18,,3029430272.0,7228200000.0,-10038499328.0,0.0,0.0587053638371071,0.0,0.5556293422384668,0.0349840762348484,0.0,0.0170801770913904,,0.0161822636586374,0.7956314310886513,,0.0230071903418148,0.0,,,0.04047288831664,,Switzerland,CHF
BRO,Financial Services,Insurance Brokers,20465670144.0,27537881088.0,2486000128.0,1136999936.0,1522499968.0,37.579,338947841.0,8119000064.0,1003000000.0,29991000000.0,3340000000.0,1499000064.0,0.05515,0.11926,0.47180998,0.53372,1.017,0.6437,6257999872.0,0.357,-0.079,,27537881088.0,12547000000.0,7116000064.0,0.0902756504778179,0.0555564478465582,0.074392871442148,0.6130754532696527,0.1113667433563402,1.3390501791549794,0.1738454810941851,0.1857264401189622,0.1559188151398793,0.1705937794533459,0.0006801545313432,0.7028730411083353,0.166825332032895,2.8624294841548776,5.480392156862745,0.184628655275744,0.0772917914919113,United States,USD
HEIA,,,,,,,,,,,,,,,,,,,,,,,,,,,0.0,,,,,,,,,,,,,,,,,,United States,USD
6326.T,Industrials,Farm & Heavy Construction Machinery,3072535560192.0,5349274812416.0,393565995008.0,218625998848.0,63305748480.0,2363.31,1137344257.0,2337420083200.0,389823987712.0,6204909000000.0,923084980224.0,319806013440.0,0.031630002,0.08871,0.12104,0.29621,1.705,0.79694,3116346900480.0,0.137,0.792,,5349274812416.0,2622985000000.0,1947596095488.0,0.0735737102334897,0.0711549124705128,0.0206037480249843,0.8536874345682405,0.1487668844497155,0.2895618490644994,0.0408802513040662,,0.0348185434364996,0.8426173043137771,0.0367877660520521,0.0309444037838955,-0.0105830509852661,4.948588343991486,23.91027202598457,0.136820084561854,0.0664087193878368,Japan,JPY
CLNX.MC,Real Estate,Real Estate Services,18873837568.0,40681566208.0,2561042944.0,-348776000.0,,17.764,666449067.0,23182000128.0,2864999936.0,42063557000.0,3680706048.0,,0.00805,-0.02388,0.1626,0.889,0.91,1.75475,4140257024.0,-0.084,,,40681566208.0,12116349000.0,20317000192.0,0.0629534008328414,0.0,0.0,0.6419653107825242,0.0875034426594023,,0.082552300824507,,0.0756780871801678,1.007013882391888,,-0.0367510018396591,-0.0340626224940961,7.933096256585067,0.4109552605433821,0.0,0.0084817258166794,Spain,EUR
SAAB-B.ST,Industrials,Aerospace & Defense,291258302464.0,282818019328.0,9696000000.0,6482999808.0,4102000128.0,83.03,529831619.0,14432000000.0,14254000128.0,124704000000.0,17923999744.0,12714999808.0,0.04433,0.1568,0.09951,0.21721001,1.281,0.3206,82517999616.0,0.214,0.128,,282818019328.0,43336000000.0,177999872.0,0.0342835298225994,0.0222585922981588,0.0140837191362365,0.1487888916243216,0.1437323561714139,0.6327317984705392,0.2351106908603488,0.2771533267663129,0.2089737518603707,0.2187313184988376,0.0053743653509787,0.2492511745790048,0.0,0.0183580726072607,15.06842105263158,0.8810282572062085,0.1408956692913386,Sweden,SEK
VNA.DE,Real Estate,Real Estate Services,16879420416.0,61684252672.0,2311099904.0,3381600000.0,1957025024.0,32.382,848425239.0,41817198592.0,1801500032.0,93255300000.0,3571300096.0,2197100032.0,0.012560001,0.12595001,0.43331,0.60118,0.916,1.29178,5940499968.0,-0.338,-0.583,,61684252672.0,27466600000.0,40015698560.0,0.0374666110699119,0.2003386322906313,0.1159414823357878,1.6272241180724674,0.0382959477477419,0.5787275325289803,-0.0092966135183172,,0.0046601977081144,,0.3873436492967844,0.0334566022764674,0.0308238073043247,17.3145689161865,3.757089877835951,0.0525405839218585,0.0396719362945524,Germany,EUR
ZBH,Healthcare,Medical Devices,16860255232.0,24174286848.0,2580999936.0,761200000.0,1044124992.0,65.529,193462482.0,7586999808.0,478500000.0,23091700000.0,5901199872.0,1673699968.0,0.040960003,0.060650002,0.19687,0.70176005,1.733,0.59827,8409099776.0,0.093,0.341,,24174286848.0,12697700000.0,7108499808.0,0.1067663320216427,0.0451475964939888,0.0619281842197915,0.7531143405172385,0.2555550207217312,1.371682858644246,0.0585432081936823,0.0999715758951635,0.0550082329835142,0.084268216732406,-0.0119475707493034,0.0808039203755622,0.0038045449255968,2.75416504620944,3.837431693989071,0.2206010294392247,0.054788375268188,United States,USD
WKL.AS,Industrials,Specialty Business Services,13620285440.0,18307033088.0,1936000000.0,1308000000.0,985500032.0,3.528,223944185.0,4972000256.0,932000000.0,9584000000.0,4499999744.0,1668000000.0,0.10009,1.11652,0.24243,0.73469,0.649,6.23058,6125000192.0,0.016,0.369,,18307033088.0,798000000.0,4040000256.0,0.1057517070458031,0.0960332296824463,0.0723553141629313,0.0585890804943365,0.4695325275459098,0.7534403914373089,0.0394976976968388,0.0193087906590472,0.040696767484184,0.0266359623872577,0.024075869115297,0.009054537797431,-0.0251555289842361,2.086776991735537,15.094017094017094,0.3354786633381862,0.3195801664857039,Netherlands,EUR
FCNCA,Financial Services,Banks - Regional,24442316800.0,37267771392.0,,2188999936.0,,1735.175,10581789.0,36010999808.0,24989999104.0,229698000000.0,9141000192.0,2996999936.0,0.00971,0.1018,0.34193,0.0,,1.619345256228078,9141000192.0,0.049,0.236,,37267771392.0,22238000000.0,11021000704.0,0.0,0.0895577924920767,0.0,0.9098155539821824,0.0397957326228352,0.0,0.2691326728314738,-0.0996878806270102,0.1863636363636363,-0.0873625444087294,,0.026720901126408,-0.1150682031527186,,,0.0832245689366892,,United States,USD
CDE,Basic Materials,Gold,16009354240.0,15871863808.0,1360123008.0,799280000.0,508452640.0,10.065,1030534551.0,773222016.0,843169024.0,4695682000.0,1497874944.0,1160080000.0,0.06677,0.12146,0.43047002,0.58368,3.731,7.426,2566256128.0,1.378,4.833,,15871863808.0,3313051000.0,-69947008.0,0.0856939691805097,0.0499258113736385,0.0317597219961321,0.2069446993509714,0.318989860045889,0.6361383244920429,0.3812060374840069,,0.3454908016826979,1.005819495541056,0.3588102054077633,1.0400513175427186,0.6083052451590794,-0.0514269721110401,24.849954574044308,1.500319411494874,0.1652875581807761,United States,USD
LYB,Basic Materials,Specialty Chemicals,21455503360.0,32851427328.0,2220999936.0,-681000000.0,987000000.0,31.106,322784773.0,14357000192.0,2660000000.0,34003000000.0,2737999872.0,2572000000.0,0.017439999,-0.060089998,0.03474,0.09227,1.538,1.4124,29673000960.0,-0.063,-0.295,,32851427328.0,10082000000.0,11697000192.0,0.0676074105951248,0.0,0.0460021833764146,0.4699027485319272,0.0805223030909037,,-0.1576609855898256,-0.5505329635739951,-0.1651648635074049,-0.5184326269492203,-0.0454351554963681,-0.0487607004979578,0.0,5.26654683883791,-0.4681724845995893,0.1791460587590692,-0.0081796656382291,United States,USD
INCY,Healthcare,Biotechnology,21467592704.0,17078646784.0,1548935040.0,1431777024.0,558867008.0,28.121,199782155.0,39430000.0,4015824896.0,6957973000.0,2828779008.0,1516781952.0,0.13888,0.30823,0.25552,0.52766,3.682,0.701,5361019904.0,0.209,0.838,,17078646784.0,5167478000.0,-3976394896.0,0.0906942487651368,0.0666948103470036,0.0260330543673798,0.240710640976394,0.4065521679949031,0.3903310352324804,0.1483959547833886,0.1422764750896166,0.1404839254761638,0.1512421909251271,-0.0113969341648069,0.278023783310392,0.0259814514286904,-2.567179896711485,686.5234761120264,38.467713720517374,0.3062537813696362,United States,USD
NVR,Consumer Cyclical,Residential Construction,17144371200.0,16464208896.0,1664343040.0,1238599040.0,1250691712.0,1279.01,2699292.0,1090850944.0,1645785984.0,5856930000.0,2230394112.0,1253224960.0,0.17388001,0.33257,0.13517,0.22489999,5.576,0.3122,9917295616.0,-0.214,-0.285,,16464208896.0,3864869000.0,-554935040.0,0.1010885521747937,0.0722452299679558,0.0729505735386784,0.225430781620034,0.380812834027383,1.0097631853485047,-0.006252610482764,-0.1601740308657377,0.0040954142173637,-0.1659449151712086,-0.0419616411116979,-0.0821280340912723,0.0,-0.3334258783573848,62.10393618865962,1.1488507819451454,0.3641426730289103,United States,USD
ALFA.ST,Industrials,Specialty Industrial Machinery,215838998528.0,233562619904.0,13628000256.0,8179999744.0,4864875008.0,113.187,413326315.0,18990000128.0,5024000000.0,98161000000.0,25318000640.0,8997999616.0,0.07738,0.18301001,0.17093,0.36625,1.381,0.40204,69128003584.0,-0.033,-0.046,,233562619904.0,43409000000.0,13966000128.0,0.0583483789555085,0.0378986179503554,0.0225393698135089,0.2011175009893715,0.2579232143111826,0.5947280147005345,0.1014950077730658,0.6539348220774659,0.088722108408193,0.2971926187020526,0.0231974323236688,0.1053793227706271,0.0,1.0248018686271445,20.61120840630473,0.4738283072854121,0.1904461381620467,Sweden,SEK
KIM,Real Estate,REIT - Retail,17395884032.0,25412741120.0,1311730048.0,583385984.0,838712128.0,15.405,674389792.0,8308660224.0,168648000.0,19688250000.0,1490604032.0,1139187968.0,0.0232,0.058579996,0.34428,0.68961,0.486,0.7878799999999999,2161508096.0,0.04,0.294,,25412741120.0,10391836000.0,8140012224.0,0.0516170232013129,0.033535863019485,0.0482132512758291,0.5973732625995929,0.0757103364697217,1.4376624584796334,0.0739671581633505,,0.0775686004577916,,-0.0021910511338579,-0.0306080346250911,-0.0079477946811095,6.20555444042096,2.494975711395656,0.1371085033311864,0.0424727117424483,United States,USD
IP,Consumer Cyclical,Packaging & Containers,17140463616.0,25388115968.0,4007000064.0,-2638000128.0,1711250048.0,27.971,529516974.0,9758999552.0,1236000000.0,37964000000.0,7225999872.0,2596999936.0,0.01788,-0.16036,0.03718,0.29687,1.213,0.65904,24341000192.0,0.134,,,25388115968.0,14827000000.0,8522999552.0,0.1578297526705231,0.0,0.0998368589285187,0.8650291107738495,0.1903382117795806,,0.0375292471900297,,0.0376765845323037,-0.5809891266222378,0.0116654319007236,0.6650877192982456,0.3966978232007769,2.127027555745005,-5.112522686025408,0.2661133369421841,-0.0936969898553134,United States,USD
BAM.TO,Financial Services,Asset Management,102465781760.0,107400945664.0,3208999936.0,2520999936.0,2917750016.0,6.617452,1596765155.0,2963000064.0,1096000000.0,17047000000.0,3604999936.0,2324999936.0,0.12001,0.22388001,0.64499,0.71048,1.126,0.26373,5073999872.0,0.238,0.056,,107400945664.0,8118000000.0,1867000064.0,0.0298786934897132,0.0246033348177131,0.0284753599287817,0.0792264486793683,0.211474155921863,1.1573780603221722,,,0.4580943871334579,,,0.2041392950483859,2.6961245486186214,0.5818012157168208,11.833333333333334,0.7846776529803005,0.2124758927977655,Canada,CAD
TOU.TO,Energy,Oil & Gas E&P,25107865600.0,,2501640960.0,707553984.0,-1064190016.0,39.881,388305975.0,1138812032.0,,22621607000.0,2139725952.0,3241335040.0,0.01893,0.04499,0.65045,0.46071997,0.878,7.135,4644338176.0,0.041,2.018,,26246677632.0,15436278000.0,1138812032.0,0.0953126713816911,0.0281805707929231,0.0,0.614798495655481,0.0945877077609915,-1.5040407376181208,-0.1010924592270752,-0.4829004658838524,-0.1148538782227228,-0.6045783345527646,-0.3061777367918517,0.0138970218240845,0.035787950128496,0.4552260097308288,5.883710362260185,2.846242355121165,0.0204857292106251,Canada,CAD
TSN,Consumer Defensive,Farm Products,19780870144.0,27451023360.0,2710000128.0,453000000.0,1029000000.0,51.396,282120397.0,8082999808.0,500000000.0,36658000000.0,3556999936.0,2138000000.0,0.0247,0.02619,0.0364,0.06385,1.83,0.4440999999999999,55709999104.0,0.044,36.022,,27451023360.0,18085000000.0,7582999808.0,0.098721278710099,0.0229009136960239,0.0520199562763986,0.9142671615730515,0.097032024005674,2.271523178807947,0.0071987820111809,0.137353561634218,0.0073020340044784,0.3065709552733296,-0.0597168233398581,-0.0119137466307277,0.0004003910432934,2.798154778537339,2.712694877505568,0.2645057590975016,0.0402391886088076,United States,USD
9022.T,Industrials,Railroads,3252644216832.0,7855589031936.0,1036102991872.0,552871002112.0,418503131136.0,5306.017,955255309.0,4805923176448.0,368593010688.0,10323345000000.0,1046972006400.0,748184993792.0,0.04895,0.114700004,0.27111,0.52186,1.797,0.93562,2006218047488.0,0.061,0.181,,7855589031936.0,4600534000000.0,4437330165760.0,0.1318937367598841,0.1699758612549649,0.128665511269355,1.414398161407525,0.1014179034411811,0.7569634318625742,0.2512315192489425,,0.2041789972162476,0.8939109194515059,0.3201552294130638,0.0383678324536889,0.0,4.28271146842532,9.174080870720749,0.1556797656397359,0.0759762968292009,Japan,JPY
BG,Consumer Defensive,Farm Products,24774172672.0,40897060864.0,2233999872.0,686000000.0,-6827500032.0,82.7,194018115.0,16291000320.0,1700999936.0,44528000000.0,3577999872.0,588000000.0,0.02379,0.04933,0.01235,0.04442,1.599,0.93214,80546996224.0,0.878,-0.764,,40897060864.0,15904000000.0,14590000384.0,0.054624949196936,0.0276901275002141,0.0,0.6419588742906781,0.0803539317283507,-9.95262395335277,0.0151248761586784,,0.0045705789959593,0.5782729805013928,-0.0062934070648532,0.7883449134503394,0.3427894746854414,6.530886848681073,2.805732484076433,0.0360935478761318,0.0599299343559742,United States,USD
TEF.MC,Communication Services,Telecom Services,22123190272.0,61682188288.0,7049999872.0,-2356000000.0,3536624896.0,2.532,5637918350.0,42069999616.0,6269000192.0,92017000000.0,16204000256.0,9392000000.0,0.0097,-0.08895001,0.13287,0.45129,0.841,2.30558,35905998848.0,-0.124,,,61682188288.0,14258000000.0,35800999424.0,0.1142955538328646,0.0,0.1598605288169534,0.6444820943408646,0.1760978977362878,,-0.042386687932454,,-0.0517710451940093,,-0.0185195784831821,-0.0844261805735209,-0.0056864700754873,5.078156038865812,0.426644871270944,0.2232469713745385,0.0155403393867222,Spain,EUR
PTC,Technology,Software - Application,14968394752.0,16544461824.0,1319337984.0,1246361984.0,986047232.0,33.419,115505791.0,1381052032.0,439112000.0,6617172000.0,2539571968.0,938620032.0,0.119899996,0.344,0.41625,0.84713,1.234,0.3578,2997860096.0,0.217,2.689,,16544461824.0,3826229000.0,941940032.0,0.0797449924956833,0.083266242282491,0.0658752824425778,0.2556205300163371,0.3837850924836168,0.7911403305446133,0.1231541137431111,0.2790839249823618,0.1155283500465036,0.2303047065731326,0.0371949728483643,0.0365988036109106,-0.0051516790811868,0.7139489982272806,12.947402588971553,0.6796413243320871,0.1853604095938709,United States,USD
TRN.MI,Utilities,Utilities - Regulated Electric,20639504384.0,32568285184.0,2772499968.0,1063699968.0,-895049984.0,4.438,2006757872.0,15475099648.0,3304900096.0,27186600000.0,3315599872.0,2527800064.0,0.0424,0.13335,0.45494,0.80929,0.827,1.73449,4096900096.0,0.096,,,32568285184.0,7524200000.0,12170199552.0,0.0851288286238067,0.051537088692139,0.0,0.3645533274448612,0.1219571359419714,-0.8414496671301959,0.1259470330409264,,0.1143839242805594,-0.3609185051778478,,0.1621482982379645,0.0,4.3896121523778495,6.487973760932944,0.163346286712066,0.0876015490067756,Italy,EUR
BOL.ST,Basic Materials,Other Industrial Metals & Mining,146350653440.0,155847213056.0,24440000512.0,11032000512.0,5711249920.0,285.964,283955454.0,23160000512.0,9994999808.0,143396000000.0,17686999040.0,24544000000.0,0.069120005,0.14731,0.18852,0.1765,1.757,0.28514,100209999872.0,0.317,0.683,,155847213056.0,76512000000.0,13165000704.0,0.1568202602584755,0.0753806030426972,0.0390244237777965,0.5227991689929007,0.1233437406901168,0.5176984821372713,0.0265605622187299,-0.0659491237835616,0.0366619021187379,0.0564732650739476,-0.0411161464008229,0.2341297163315891,0.0391731169120921,0.5386661386335081,9.661572052401748,1.0597581803714944,0.1115574342210307,Sweden,SEK
TEAM,Technology,Software - Application,22750287872.0,23336585216.0,175120992.0,-216807008.0,1578996352.0,5.992,159634245.0,1243017984.0,1136342016.0,6041970000.0,5250000896.0,1249309056.0,0.0054900004,-0.19288999,0.093760006,0.84812,0.702,1.4140799999999998,6190182912.0,0.317,,,23336585216.0,1345654000.0,106675968.0,0.0075041395465148,0.0,0.0694055548168845,0.0591488779206248,0.8689220396658706,,0.2299617469557087,0.2377762317223848,0.202652281038619,0.233523799524453,-0.0099930733920744,0.1592125527111453,0.0093018859678028,0.6091558001224662,-2.237152209492635,1.0050611270962917,-0.0238875737432067,United States,USD
5401.T,Basic Materials,Steel,2796067225600.0,8041321201664.0,1002631987200.0,17157999616.0,-458731257856.0,1058.197,5226293989.0,5174252797952.0,461261996032.0,10942458000000.0,1444807966720.0,716939001856.0,0.02093,0.0075,0.040999997,0.14357,1.779,0.85886,10063216377856.0,0.31,,,8041321201664.0,5383311000000.0,4712990801920.0,0.1246849817406279,0.0061364760685673,0.0,1.9253152966824003,0.1320368756928288,-26.735707432248027,0.0849419787369323,0.3431527732518673,0.0810238524372019,0.317490568251779,-0.0216643279814388,0.0212635493517413,0.1306375654022492,4.700618833318626,12.804178015892669,0.1385589436487851,0.0660860128976939,Japan,JPY
NVMI.TA,Technology,Semiconductor Equipment & Materials,50772176896.0,50257264640.0,283857984.0,263659008.0,122415872.0,41.48,31806161.0,800171008.0,1098544000.0,2360546000.0,517236992.0,217140992.0,0.08396,0.22252001,0.30104,0.57310003,1.579,0.57666,902529024.0,0.103,0.005,,50257264640.0,1318248000.0,-298372992.0,0.0056480985591499,0.0051929821433512,0.0024110818066901,0.0259639842250659,0.2191175228104006,0.4642961866867071,0.155524431837396,0.3042325337281615,0.1641441779753666,0.2939909513000091,0.0183373139630735,0.697719109737907,0.0854455815397842,-1.0511347533561008,197.404984423676,0.2713682323266578,0.1186641829091704,Israel,ILS
TXT,Industrials,Aerospace & Defense,16121246720.0,18587281408.0,1684000000.0,936000000.0,622374976.0,46.026,173888981.0,4215000064.0,1508999936.0,18129000000.0,2708999936.0,1319000064.0,0.04557,0.12254,0.08011,0.17836,1.845,0.52674,15187999744.0,0.118,0.106,,18587281408.0,7875000000.0,2706000128.0,0.0905995859768499,0.0580600257695206,0.0386058837017786,0.4884857937339476,0.1494290879805836,0.6649305299145299,0.0476812939297579,-0.0643051916774511,0.0422066009118485,-0.0927033827229522,-0.0253684291935328,0.0766718137546026,-0.0489130434782608,1.606888437054632,10.023809523809524,0.3129300222947754,0.0916811846689895,United States,USD
BXB.AX,Industrials,Specialty Business Services,24567017472.0,27190259712.0,2072899968.0,925900032.0,710537472.0,3.5728498,1341726823.0,2913100032.0,167300000.0,8731100000.0001,2465400064.0,1974099968.0,0.098529994,0.28098,0.2177,0.35167,0.667,0.8533799999999999,7010599936.0,0.05,0.16,,27190259712.0,3227100000.0,2745800032.0,0.0762368579762096,0.0376887439859268,0.0289224148926432,0.1313590468878875,0.2823699263552097,0.767401930492643,0.0790420770401167,,0.0773753895745781,,0.0119309793690357,0.0014452027298387,-0.0184338115322058,1.324617721254169,11.757402101241643,0.6776629522895834,0.1903775073073355,Australia,AUD
4452.T,Consumer Defensive,Household & Personal Products,2745587728384.0,2732703088640.0,239823994880.0,128229998592.0,107927003136.0,2371.025,452320883.0,240848994304.0,274839994368.0,1875054000000.0,678888996864.0,202811998208.0,0.06305,0.11929,0.108669996,0.39655,1.758,0.21834,1711999942656.0,0.06,0.393,,2732703088640.0,1064077000000.0,-33991000064.0,0.0877607215642862,0.0467040252498046,0.0393092531774694,0.3875589146176346,0.3620637042261183,0.8416673502383812,0.0287321627977161,0.0884318337855236,0.0317833668373818,0.1614034759683255,0.0421588401133827,0.0041863994768741,-0.0264005151320025,-0.1417331075691903,45.380977266788605,0.842071185699079,0.1279963503945509,Japan,JPY
6361.T,Industrials,Specialty Industrial Machinery,2395775959040.0,512271908864.0,55565000704.0,25016999936.0,39266750464.0,2747.559,456947517.0,112630996992.0,140885999616.0,1082201000000.0,145207001088.0,63248998400.0,0.04178,0.09571999,0.074200004,0.26389,1.653,0.39549,550262996992.0,0.512,0.359,,512271908864.0,508875000000.0,-28255002624.0,0.1084677877950001,0.0104421282973489,0.0163899926935298,0.212405086577423,0.1341774782022932,1.569602692747115,0.1206676369286574,,0.1151046306893616,-0.4754945751961275,0.0153685452268811,0.0767258490575424,0.0003104603820143,-0.5085035951770623,17.394888462106664,0.5615594293682091,0.1857608486443336,Japan,JPY
RYA.IR,Industrials,Airlines,24828704768.0,22738325504.0,3832600064.0,2173700096.0,-1052300032.0,9.677,1041035824.0,1491500032.0,3545799936.0,19747700000.0,4636100096.0,3694899968.0,0.08251,0.25367,-0.20079,0.29825002,0.903,14.765,15544299520.0,0.094,,,22738325504.0,10101400000.0,-2054299904.0,0.1685524320304848,0.0875478651146366,0.0,0.4068436148557776,0.2347665852732217,-0.4841054356746,0.1299223778680096,-0.0302179658811456,0.1103072323027714,0.0359425717852684,0.0035897998752536,0.1279888044782087,-0.0187394422816181,-0.5360068542753121,36.98045112781955,2.4773046521798534,0.2200646090792758,Ireland,EUR
IEX,Industrials,Specialty Industrial Machinery,15913607168.0,17187928064.0,951600000.0,507700000.0,525024992.0,54.506,74015052.0,1899299968.0,586200000.0,6927000000.0,1568600064.0,678400000.0,0.06757,0.12748,0.1989,0.44435,3.393,0.46915,3530099968.0,0.089,0.278,,17187928064.0,4027500000.0,1313099968.0,0.0553644393004599,0.0319035146865327,0.0329922051271788,0.2530852972227899,0.226447244694673,1.0341244672050425,0.0280759997006556,0.0801733711336221,0.0249338117598865,0.0613698630136986,-0.0033812937362604,0.0269372748432241,0.0,1.3798864733081126,10.822981366459627,0.3571842317853395,0.1097361294791863,United States,USD
TSCO,Consumer Cyclical,Specialty Retail,16090114048.0,22321823744.0,1952216064.0,1081241984.0,350726016.0,4.898,524449616.0,6408778240.0,224268992.0,10933679000.0,5700271104.0,1509603968.0,0.08229999,0.45504,0.06499,0.36425,1.38,2.54949,15649139712.0,0.036,-0.081,,22321823744.0,2581293000.0,6184509248.0,0.087457731339033,0.0671991497869089,0.0217976090755923,0.1604272656054202,0.5213497765939534,0.3243732866370087,0.030047957019021,0.0825932016908985,0.0289717157501465,0.0830015462191223,0.0142029650591828,0.1150574397900766,0.0016221721593438,3.167943017192589,21.222217401365267,0.2355525361414284,0.1763851943028381,United States,USD
NHY.OL,Basic Materials,Aluminum,217654575104.0,236735004672.0,47603998720.0,6119000064.0,22173874176.0,52.168,1965278330.0,33753999360.0,20664000512.0,208296000000.0,70946996224.0,17440000000.0,0.112320006,0.061880004,0.20538001,0.3525,1.853,0.30684,201266003968.0,-0.117,-0.119,,236735004672.0,99843000000.0,13089998848.0,0.2010855926691368,0.0281133537444651,0.1018764442024931,0.4587222664733461,0.3406066185812497,3.623774136963304,6.732614246351964e-05,-0.1600004644619298,0.0049889688792036,-0.295563351709983,-0.0178720479567065,0.0044606044239551,-0.0151949322605643,0.2749768758921603,6.259103104637792,0.516679514447914,0.1013310167230306,Norway,NOK
UPM.HE,Basic Materials,Paper & Paper Products,12987990016.0,16498909184.0,1148999936.0,538000000.0,150375008.0,18.966,527324046.0,3759000064.0,689000000.0,17532000000.0,1071000000.0,1204999936.0,0.023039998,0.05178,0.0998,0.11256,1.951,0.35405,9514999808.0,-0.053,0.437,,16498909184.0,10001000000.0,3070000064.0,0.0696409637259083,0.0414228837054258,0.0115780045884507,0.7700190705166615,0.061088295687885,0.2795074498141264,-0.0625317922549608,,-0.0598743331357439,0.5556412233359034,-0.0087319136662981,-0.0819019689987431,-0.0112415189975891,2.6718888033079926,7.634615384615385,0.3205639572981928,0.0519022094391423,Finland,EUR
SUI,Real Estate,REIT - Residential,16300974080.0,19510042624.0,1020099968.0,-60800000.0,524012512.0,54.793,123230757.0,4291699968.0,497000000.0,12522900000.0,1245100032.0,902300032.0,0.0218,0.0025099998,0.13435,0.5323,2.494,0.62535,2339099904.0,0.086,,,19510042624.0,6956100000.0,3794699968.0,0.052285891305288,0.0,0.0321460858368532,0.4267291001054091,0.0994258543947488,,-0.0837001245761478,,-0.0839388738394094,,0.0404979544529938,-0.2433018719711893,-0.0309953586130801,3.7199295040072,0.7800904977375566,0.2102430362625013,0.0144779052385831,United States,USD
PHOE.TA,Financial Services,Insurance - Diversified,43466305536.0,-10780012544.0,10718617600.0,3377044992.0,68001071104.0,50.518,252858092.0,15976862720.0,69844213760.0,197940010000.0,12929466368.0,2901838080.0,0.03491,0.27812,0.32879,0.66448,4.742,1.20729,19458156544.0,0.036,0.269,,,12496434000.0,-53867351040.0,,0.0776933983773485,1.56445481771345,0.2874970358281337,0.0653201258704594,20.1362644753298,0.5281632382446875,0.1602416500207999,0.3038125093214341,0.0465309644477608,,0.1451387770842966,0.0045263461110313,-5.02558753845272,10.068130348282123,0.1816275279355971,,Israel,ILS
ESSITY-B.ST,Consumer Defensive,Household & Personal Products,178450006016.0,209660428288.0,24423999488.0,12474000384.0,8324624896.0,128.859,622350017.0,42311000064.0,12122000384.0,167116000000.0,45753999360.0,16782000128.0,0.06571,0.14936,0.13136,0.33472002,1.052,0.47993,136694996992.0,-0.051,-0.043,,209660428288.0,85625000000.0,30188999680.0,0.1164931298072613,0.0699019331099465,0.0466496195873123,0.479826265695518,0.2737858694559467,0.6673580759767916,0.0178880792147231,0.0391631305902093,0.0141658681580851,-0.0258322903629536,0.0891477063914652,-0.0980548779171434,-0.0132243174027878,1.2360383357702107,11.847661188369154,0.3966344473686605,0.1483771374287524,Sweden,SEK
7013.T,Industrials,Specialty Industrial Machinery,2499861807104.0,2946262106112.0,243519995904.0,160992002048.0,32038875136.0,615.23,1060161928.0,489893003264.0,159183994880.0,2240392000000.0,379511013376.0,121359998976.0,0.044320002,0.27763999,0.12255,0.23093,1.234,0.71881,1643401969664.0,0.078,1.112,,2946262106112.0,481726000000.0,330709008384.0,0.0826538804537517,0.0644003606881387,0.0128162585007512,0.1927010519665734,0.1693949154326564,0.1990091105671669,0.1152185655291275,,0.0972688450204976,,0.0516735560600339,0.0679670704210581,0.0,1.3580363581903618,10.211653585206864,0.2477275612581058,0.136771949643063,Japan,JPY
FBK.MI,Financial Services,Banks - Regional,13068457984.0,11435429888.0,,645040000.0,,4.419,611819221.0,839072000.0,2330618112.0,37295901000.0,1321335040.0,,0.01795,0.24597,0.70681,0.0,,0.328619477982426,1323522944.0,0.042,,,11435429888.0,2553324000.0,-1491546112.0,0.0,0.0493585395300452,0.0,0.1953806641247261,0.0354284252309657,0.0,0.1266818286384587,0.1789128401699791,0.109252796131225,-0.1026277290701452,,0.0751563248755355,0.0009425442554465,,,0.0,,Italy,EUR
NDSN,Industrials,Specialty Industrial Machinery,15758150656.0,17391958016.0,911212992.0,528116000.0,574589504.0,57.472,55717948.0,1973748992.0,103139000.0,5917681000.0,1603318016.0,761984000.0,0.079239994,0.1714,0.23516001,0.55218,2.597,0.61637,2903636992.0,0.085,0.061,,17391958016.0,3043571000.0,1870609992.0,0.0523927778092446,0.0335138311296013,0.036463003593713,0.1931426514723124,0.270936878145341,1.0879986669595316,0.0252744049552142,0.1271233272754797,0.0248778984344496,0.0870337189933822,0.0008334129698013,-0.0138785988789138,0.0,2.0528789738766147,6.7380083720572985,0.3860592218607704,0.1360237902663884,United States,USD
WPC,Real Estate,REIT - Diversified,17115272192.0,25416108032.0,1454476032.0,516836992.0,664475264.0,37.045,222739105.0,8753941504.0,246378000.0,17990232000.0,1633202944.0,1292342016.0,0.032780003,0.0626,0.54768,0.93744004,1.27,1.04704,1742200960.0,0.089,0.402,,25416108032.0,8118257000.0,8507563504.0,0.0572265442910751,0.0301974158635688,0.0388235288662594,0.4743282437421373,0.0907827616675538,1.2856573238472837,0.0508696805927688,,0.0339792332667734,,-0.0040845461745746,0.0259599302515924,0.0013572472879957,5.8492290810055785,2.7332621473892385,0.1476297294663759,0.0465197586799096,United States,USD
NBIX,Healthcare,Drug Manufacturers - Specialty & Generic,16299153408.0,15321769984.0,828600000.0,668600000.0,590550016.0,33.871,100549983.0,463500000.0,1316199936.0,4631500000.0,1996999936.0,863699968.0,0.11619,0.225,0.22836,0.6437,2.929,13.603,3102400000.0,0.422,23.105,,15321769984.0,3253100000.0,-852699936.0,0.0540799138001209,0.0410205354390882,0.036231944151783,0.1995870533007747,0.4311777903486991,0.8832635596769369,0.2432112207311891,0.3235690282443393,0.2133991340378974,0.2960209003215434,-0.0026295323858307,0.2454621238604888,0.0070422535211267,-1.0290851267197685,5.027646129541864,1.8634303516720605,0.1637046372264088,United States,USD
WRB,Financial Services,Insurance - Property & Casualty,25353908224.0,26217035776.0,2580321024.0,1877048064.0,3222230528.0,26.132,372276732.0,3096750080.0,3445806080.0,44071071000.0,6482492928.0,3506656000.0,0.03672,0.20164,0.17093,0.43651,0.385,0.3176,14850791424.0,0.04,0.26,,26217035776.0,9700818000.0,-349056000.0,0.0984215395686386,0.0740338746759044,0.1270900919705088,0.3826162781017409,0.147091794705874,1.7166478524441238,0.0928178141052733,0.1069562403350103,0.0917333032698351,0.1094472405250033,,0.0863701987523537,0.0,-0.1352761911224888,18.9723150395612,1.1323664840270222,,United States,USD
LII,Industrials,Building Products & Equipment,17617135616.0,19471724544.0,1153799936.0,793400000.0,187137504.0,34.872,34799968.0,1954899968.0,50200000.0,4081800000.0,1745200000.0,809500032.0,0.16740999,0.76791,0.14316,0.33193,1.572,1.61043,5257800192.0,0.058,-0.077,,19471724544.0,1163100000.0,1904699968.0,0.0592551488386544,0.0450356980438652,0.0106224705354507,0.066020948317141,0.4275564701847224,0.2358677892614066,0.0326154654517862,0.469757360141644,0.035382889671837,0.3052796356909065,0.0616426945567836,0.1275690607734806,0.0,1.650806096075221,22.48275862068965,0.4140877002664108,0.3609688581314879,United States,USD
NLY,Real Estate,REIT - Mortgage,16091765760.0,136385208320.0,,2024263936.0,,19.816,732776229.0,119637573632.0,795292032.0,135609838000.0,2438313984.0,-552267008.0,0.01816,0.15042,0.80999,0.97490996,0.519,7.32812,2501053952.0,0.488,1.225,,136385208320.0,16090772000.0,118842281600.0,0.0,0.1257950162953403,0.0,0.999938244191792,0.0179803620442345,0.0,0.0472205834281782,,0.2051827962024279,-0.5896164043434663,,0.3095265860190715,0.2223804808433256,,0.4199735868135551,-0.0046161669050456,,United States,USD
GPN,Industrials,Specialty Business Services,16896783360.0,35696418816.0,3920230912.0,630185024.0,7124387840.0,87.025,273543507.0,23587248128.0,5861312000.0,53338484000.0,5968721920.0,1812647040.0,0.023670001,0.02935,0.12515001,0.67403,0.792,0.95593,8855241728.0,0.631,,,35696418816.0,22888767000.0,17725936128.0,0.1098214062370552,0.037296153390464,0.42164166328046,1.3546227416387968,0.1119027289939474,11.305231905987029,-0.0495682906305519,0.0778058677716198,-0.0434343999478947,0.0867493206607282,0.1467359600037638,0.1375174649828626,-0.0483147448616223,4.521656128403081,2.939709963780107,0.0768486018446653,0.0416236647164312,United States,USD
HEI,Industrials,Aerospace & Defense,45549875200.0,47810338816.0,1373649024.0,789625984.0,708155008.0,32.298,55170957.0,2587290112.0,210335008.0,8500434000.0,1967486976.0,997107008.0,0.08234999,0.17206,0.25473,0.40060002,2.918,0.47988,4911297024.0,0.253,0.482,,47810338816.0,4305319000.0,2376955104.0,0.0287312129137286,0.017335414872882,0.015546804571706,0.0945187880558671,0.231457238065727,0.8968233345269448,0.2663918385310291,0.2549062239736928,0.2284089076672036,0.2581640602008773,0.007630498990993,0.119535529741116,0.0038036783298394,1.7303947824156864,7.880001847902246,0.3853866264843515,0.13346030413005,United States,USD
DECK,Consumer Cyclical,Footwear & Accessories,15486616576.0,13908729856.0,1338675968.0,1024070976.0,858725120.0,17.857,138880957.0,375193984.0,1907249024.0,3687765000.0,3157725952.0,1181954944.0,0.2175,0.40859002,0.14002,0.57703996,3.545,15.01,5472295936.0,0.096,-0.048,,13908729856.0,2499638000.0,-1532055040.0,0.0962471758283893,0.066126191668426,0.0554494983320493,0.1614063335095253,0.856270926157171,0.8385406286526765,0.1469097911350663,0.3396718167479886,0.1356968069973712,0.2242354234786886,0.0738056001766407,0.0329144833473939,-0.0680621300790274,-1.1444554743810864,525.2513833992094,3.150250255611774,0.4608281539180168,United States,USD
9735.T,Industrials,Security & Protection Services,2671061499904.0,2460317122560.0,240804003840.0,112662003712.0,103098621952.0,3250.144,404461149.0,68501999616.0,441313984512.0,2145576000000.0,398803009536.0,203566006272.0,0.04573,0.08693,0.14225,0.31729,2.421,4.568,1256895938560.0,0.035,0.224,,2460317122560.0,1270347000000.0,-372811984896.0,0.0978751891908306,0.0421787381967989,0.0385983707060677,0.4755963125692378,0.1858722364232262,0.915114400197896,0.0455458751748514,-0.1049988287320716,0.0447136254929149,-0.1207892250672222,-0.0123264554076059,0.0311397499304347,0.0,-1.54819678639443,134.38520213577422,2.9716797672057025,0.0997473746668085,Japan,JPY
LVS,Consumer Cyclical,Resorts & Casinos,33652035584.0,46527913984.0,4830000128.0,1842000000.0,1622625024.0,1.807,662637325.0,15781000192.0,3329999872.0,21920000000.0,11004999680.0,3228000000.0,0.099029996,0.90455,0.25439,0.80095,0.921,9.81405,13740000256.0,0.253,0.73,,46527913984.0,1590000000.0,12451000320.0,0.1038086540836741,0.0547366591064638,0.048217737674433,0.0472482562319639,0.5020529051094891,0.8809039218241043,0.4685532350721122,,0.2850426579374694,0.5594474025039574,0.0964275240294976,0.0606793767540888,0.0067296340240126,2.5778467888272485,3.966487935656836,0.2045497725572805,0.1671940332240931,United States,USD
CSL,Industrials,Building Products & Equipment,13384632320.0,15352074240.0,1193500032.0,728600000.0,722249984.0,40.914,40465076.0,2888600064.0,771299968.0,6263000000.0,1770099968.0,1055299968.0,0.108780004,0.38228,0.17403,0.35571,3.38,1.7472800000000002,4976200192.0,-0.04,-0.032,,15352074240.0,1795400000.0,2117300096.0,0.0777419398409579,0.054435563307278,0.0539611374248045,0.1341389107355023,0.2826281283729842,0.9912846335437826,-0.0269941319155011,0.0589331672010209,-0.017384021774893,0.0337398049998671,0.0146757279390232,0.0767458652821235,0.0,1.7740260068966631,13.086624203821655,0.3653326679425013,0.1858693685543694,United States,USD
SATS,Communication Services,Telecom Services,34938466304.0,61170118656.0,1587501952.0,-14441396224.0,-457875616.0,19.466,158465020.0,29242023936.0,1516103040.0,43016355000.0,4008929024.0,-67845000.0,0.00397,-1.1228399,0.08908,0.27082002,0.302,5.1506,14802719744.0,-0.052,,,61170118656.0,5765784000.0,27725920896.0,0.025952245751354,0.0,0.0,0.1650268202911898,0.0931954607497543,,-0.0696608745392367,,-0.0726702141711079,0.5860240852280666,-0.0865039676149485,-0.2941043347389483,0.0147270358254689,17.465125545873974,-11.415819540215534,-0.0023201198435678,-0.5667189922687993,United States,USD
MAA,Real Estate,REIT - Residential,16740930560.0,22026770432.0,1239638016.0,385695008.0,909082496.0,47.619,116384802.0,5680351232.0,71529000.0,11975383000.0,1294867968.0,1031201024.0,0.03188,0.06711,0.26567,0.58497,0.076,0.99825,2213555968.0,0.008,-0.315,,22026770432.0,5683253000.0,5608822232.0,0.0562787004943349,0.023039042341025,0.0543029846962103,0.3394825024589314,0.1081274785115432,2.356998346216604,0.0303054000602545,-0.0197890064918447,0.0284917444469406,-0.0200700954712506,-0.0352646381365578,0.0138002800285023,-4.572076992852562e-05,4.524564558045952,3.4781033915047743,0.1815382503445871,0.0605536924010046,United States,USD
GWO.TO,Financial Services,Insurance - Life,74707877888.0,-105164636160.0,9662000128.0,4292000000.0,1043374976.0,30.082,898039092.0,8858000384.0,193739997184.0,862828000000.0,17248999424.0,4982000128.0,0.00685,0.13807,0.20476,0.47919,30.309,0.26709,35996000256.0,0.07,0.424,,,29857000000.0,-184881996800.0,,0.0574504338944608,0.0139660636267061,0.3996499545169894,0.0199912374470925,0.2430976178937558,,,0.435785997474636,,,0.0756267741095014,-0.0276532095767827,-19.13496112096098,13.792915531335147,0.562429432380571,,Canada,CAD
EDP.LS,Utilities,Utilities - Diversified,18730799104.0,43405824000.0,3828236032.0,1099465984.0,-1200283648.0,2.842,4133921624.0,23658758144.0,3636464128.0,54956375000.0,6261933056.0,3067816960.0,0.022219999,0.07778,0.16107,0.40208998,1.241,1.3897,15573470208.0,-0.008,-0.1,,43405824000.0,11341718000.0,20022294016.0,0.0881963681187114,0.0586982956730984,0.0,0.6055116995824248,0.1139437063670957,-1.0916969378472376,-0.0891202708105408,,-0.0971014207953281,-0.1332880062182562,0.132615650192219,-0.0261282948664077,0.0,5.230161841807773,2.570657937608208,0.1296693994387873,0.0705903190784199,Portugal,EUR
MAS,Industrials,Building Products & Equipment,14492601344.0,17479919616.0,1448000000.0,837000000.0,738499968.0,-1.2,201734437.0,3302000128.0,388000000.0,5201000000.0,2740000000.0,1100999936.0,0.15679,84.57143,0.16528,0.35682,1.751,122.2963,7679000064.0,0.065,0.2,,17479919616.0,,2914000128.0,0.0828379095447666,0.0577536068323939,0.0509570332110006,,0.5268217650451836,0.8823177634408602,-0.0449216892403462,0.1202433983774522,-0.0436120735399694,0.0547344759763978,0.0417137530972836,0.0368819776714513,-0.0385882352941176,2.0124310276243094,12.237623762376238,0.3334342499456135,0.340683572216097,United States,USD
GMAB.CO,Healthcare,Biotechnology,99365224448.0,102530940928.0,1330000000.0,821000000.0,830374976.0,599.7784,61393404.0,5351000064.0,1524999936.0,12873000000.0,3640000000.0,902000000.0,0.08484,0.14957,0.25112,0.93309,2.184,0.94175,3900999936.0,0.253,-0.728,,102530940928.0,5847000000.0,3826000128.0,0.0129716940853391,0.0082624479999,0.0083567966621416,0.0588435243062311,0.2827623708537248,1.0114189719853837,0.2123450826564417,0.2977939834090328,0.198890892180683,0.203417937829873,-0.0639784946236559,1.0070159027128158,-0.029443433355816,2.87669182556391,20.737704918032787,0.168566621044989,0.110518958588153,Denmark,DKK
SCHP.SW,Industrials,Specialty Industrial Machinery,27973230592.0,27309402112.0,1554499968.0,1020000000.0,,40.789,39912607.0,0.0,2160000000.0,11722000000.0,7974000128.0,,0.07235,0.23524,0.13112001,0.73779,1.333,0.0,10808000512.0,-0.051,0.035,,27309402112.0,5056000000.0,-2160000000.0,0.056921786922495,0.0364634323034432,0.0,0.1807442291433422,0.6802593523289541,0.0,-0.0118623518290507,0.3533059576829098,-0.0129267263398707,0.2429939077458659,0.0641826149810704,-0.0229223972659831,0.0,-1.389514341887719,32.46511627906977,,0.223897353648757,Switzerland,CHF
APTV,Consumer Cyclical,Auto Parts,13838923776.0,20799657984.0,3184999936.0,365000000.0,1091124992.0,43.48,211620527.0,9886000128.0,3172999936.0,23413000000.0,3908999936.0,1768999936.0,0.05698,0.040799998,0.0987,0.18922001,2.115,1.03823,20658999296.0,0.054,,,20799657984.0,9207000000.0,6713000192.0,0.1531275148105819,0.0263748833296558,0.0788446420878675,0.6652973994962771,0.1669585245803613,2.9893835397260275,0.052626267311163,0.539564260512271,0.0432138671749237,0.3474747474747475,0.0404310333909772,-0.0019183221075965,-0.094831705573083,2.107692410327257,3.545706371191136,0.1789399062407133,0.0696560731388768,United States,USD
DSY.PA,Technology,Software - Application,24354998272.0,23112765440.0,1671100032.0,1228000000.0,1259175040.0,6.995,1313291898.0,2479399936.0,4874899968.0,15059400000.0,5176600064.0,1765600000.0,0.058379997,0.13416,0.23382999,0.83872,1.701,0.26856,6172000256.0,-0.041,0.108,,23112765440.0,8792600000.0,-2395500032.0,0.0723020374320036,0.0504208617173988,0.051700888086189,0.3610182970166133,0.3437454389949135,1.0253868403908797,0.0324998301054679,0.017958750730189,0.0328049231485213,0.0191841349917369,-0.0004368651125827,-0.0312944248965965,0.0015910705179812,-1.4334869164792166,35.641330166270784,0.7121077863898114,0.1385490438684776,France,EUR
5706.T,Industrials,Conglomerates,2135735271424.0,2181919014912.0,161888993280.0,91263000576.0,55806124032.0,7202.07,57212304.0,115617996800.0,58270998528.0,657944000000.0,202646994944.0,87540998144.0,0.12185001,0.24741,0.27409,0.26716,2.458,0.27469,758532014080.0,0.16,2.368,,2181919014912.0,331544000000.0,57346998272.0,0.0741956929535852,0.0427314198520261,0.0261297009880776,0.1552364679443362,0.3080003692472308,0.6114868422009312,0.0399590681581318,0.071587157808342,0.0350522169514497,0.1644653160613141,0.0173868895919548,0.0270249176202837,0.0004305675331995,0.3542365488233889,31.88642447418738,0.7571571949601534,0.1779892928499462,Japan,JPY
INF.L,Communication Services,Publishing,10097315840.0,14119219200.0,1143699968.0,11000000.0,765312512.0,4.387,1256823005.0,3485799936.0,330500000.0,12324800000.0,1532899968.0,876300032.0,0.038259998,-0.02141,0.19551,0.3793,0.438,0.5568500000000001,4041400064.0,0.08,-0.409,,14119219200.0,5651200000.0,3155299936.0,0.081003060565842,0.0010893984276914,0.0757936588423087,0.5596734904154489,0.1243752408152667,69.57386472727272,0.213353875618927,0.2715051322729838,0.1747748438278465,0.2348413580774822,-0.0087090983672595,-0.0997684559591547,-0.0321557837733607,2.7588528672582773,0.5953429830081812,0.2513913730245705,0.0096323222449623,United Kingdom,GBP
LDOS,Technology,Information Technology Services,15296770048.0,21844834304.0,2404000000.0,1412999936.0,1194749952.0,39.854,125785466.0,6944000000.0,457000000.0,13493000000.0,3103000064.0,1992999936.0,0.09232,0.30579,0.12227,0.17906,1.397,1.37125,17329000448.0,0.037,-0.076,,21844834304.0,4916000000.0,6487000000.0,0.1100489006483241,0.0923724375515957,0.0781047206861954,0.3213750343748385,0.2299711008671162,0.8455414056013092,0.0605794474931389,0.2348499539153572,0.0600471179519396,0.2180900294488851,0.0356847535997295,0.0371252882398155,-0.0364676716418745,2.698419301164725,10.403940886699507,0.2870103594470046,0.1980123757734858,United States,USD
EMA.TO,Utilities,Utilities - Regulated Electric,22196103168.0,45214695424.0,3407000064.0,993000000.0,-2061624960.0,41.756,305900000.0,23957000192.0,2456999936.0,44817000000.0,3894000128.0,1838000000.0,0.02854,0.07665,0.33523,0.43689,1.066,1.68664,8913000448.0,0.051,-0.056,,45214695424.0,13382000000.0,21500000256.0,0.0753516092954053,0.044737582650616,0.0,0.602898621380205,0.0868866753240957,-2.076158066465257,0.0496788115719379,,0.0411347062036174,0.0043346337234503,0.0382888781355582,0.0434448557658727,0.0196616098539734,6.310537086036286,2.150294695481336,0.0767207908030892,0.0573186698088504,Canada,CAD
SSNC,Technology,Software - Application,16321321984.0,23703758848.0,2036000000.0,810000000.0,1279412480.0,28.418,240834039.0,7633399808.0,420900000.0,20711700000.0,3076300032.0,1772300032.0,0.04533,0.11802,0.24176,0.48027,1.096,1.10669,6405400064.0,0.088,0.083,,23703758848.0,6887600000.0,7212499808.0,0.0858935501772448,0.0496283328515945,0.0783890227307704,0.4220001300600529,0.1485295766161155,1.5795215802469136,0.0588792287330177,0.1591192810872834,0.0583574542284219,0.1538861264167002,0.0056327847770164,0.0875309141125877,0.0323488045007032,3.542485170923379,3.242466068553025,0.2321770215864474,0.090350247429553,United States,USD
AGI.TO,Basic Materials,Gold,19750973440.0,18817411072.0,1353600000.0,1062000000.0,153624992.0,15.315466,419965411.0,219700000.0,703900032.0,6384600000.0,1455200000.0,958200000.0,0.120299995,0.25885,0.52405,0.70215,2.013,4.768,2072499968.0,0.792,11.447,,18817411072.0,4445800000.0,-484200032.0,0.0719333809959721,0.0537695017020892,0.0077780972399505,0.225092703076411,0.2279234407793753,0.1446563013182674,0.301109564957789,,0.2629014839406424,0.601269546369407,0.293941612074368,0.1964918198684432,-0.0011996882205128,-0.3577127895981087,103.80188679245283,4.36140191169777,0.1891524840983324,Canada,CAD
1812.T,Industrials,Engineering & Construction,2534398492672.0,3033215008768.0,271081996288.0,177333993472.0,,3036.88,465027220.0,833133019136.0,415027003392.0,3454592000000.0,425868984320.0,114605998080.0,,0.1409507891270118,0.07143,0.13884,1.359,0.58009,3067275116544.0,,,,3033215008768.0,1258127000000.0,418106015744.0,0.0893711772836391,0.0699708408069,0.0,0.4964203552195002,0.1232762028974767,0.0,0.1187200631570313,,0.1102662111584647,0.2206377653992088,,0.1018908511206325,0.0,1.5423599555457026,8.998728197674419,0.1375602640246476,0.1127184632838307,Japan,JPY
PST.MI,Industrials,Conglomerates,35477680128.0,129014480896.0,4142000128.0,2432999936.0,3539875072.0,9.817,1293389700.0,98886000640.0,5336999936.0,290325000000.0,5000999936.0,2980999936.0,0.0075499997,0.19018,0.24444,0.34928,0.488,7.23591,14318000128.0,0.085,0.369,,129014480896.0,13839000000.0,93549000704.0,0.0321049241855176,0.068578326633026,0.0997775237622211,0.3900762380761718,0.017225522900198,1.4549425257362605,0.0835754756195108,,0.0797335286196877,0.6725048293625241,0.0381135361330708,0.0477340146807266,0.0,22.58546543048296,49.298507462686565,0.0301458236424435,0.0171451707509512,Italy,EUR
TLS.AX,Communication Services,Telecom Services,57923506176.0,78534311936.0,7148000256.0,2268999936.0,3896124928.0,1.174,11139136247.0,18752000000.0,1436000000.0,44968000000.0,11336999936.0,7789000192.0,0.058509998,0.14753,0.16510999,0.48942003,0.588,1.19144,23164000256.0,0.003,0.112,,78534311936.0,13899000000.0,17316000000.0,0.0910175448130891,0.0391723513612188,0.0672632785066854,0.2399543970589077,0.2521126119907489,1.7171110788431507,0.0278500608883716,,0.025132427517817,,0.0318164452780075,-0.0127771679473106,-0.0146609053676742,2.422495716262045,6.354575163398692,0.4153690375426621,0.1162735073399707,Australia,AUD
S68.SI,Financial Services,Financial Data & Stock Exchanges,23822651392.0,21870815232.0,807276032.0,650704000.0,490717632.0,2.135,1070680977.0,683062016.0,2046023040.0,4143988000.0,1347207936.0,826300992.0,0.12024,0.30133,0.57677,0.94569,2.018,0.29888,1424580992.0,0.079,0.009,,21870815232.0,2199921000.0,-1362961024.0,0.0369111084080141,0.0273145079148711,0.0205987832305177,0.0923457663800917,0.3250993815619157,0.7541334185743441,0.0763865232729728,0.1277170661572242,0.0696129642267199,0.1526888296245875,0.0268884498055947,0.03990652859425,0.0,-1.6883457082496411,46.32766178336602,1.2097012754988268,0.2738166176687157,Singapore,SGD
4507.T,Healthcare,Drug Manufacturers - Specialty & Generic,2356776534016.0,2354589728768.0,151324000256.0,205159006208.0,-11198624768.0,1980.333,850975437.0,684394020864.0,711397015552.0,1535349000000.0,417227014144.0,213571993600.0,0.0378,0.13508001,-0.18603,0.83499,1.584,0.40588,499677003776.0,0.328,,,2354589728768.0,1361924000000.0,-27002994688.0,0.0642676719460497,0.0870506826790253,0.0,0.5778757469547827,0.2717473448343015,-0.0545850995039735,0.0935501289027209,0.2668787424381591,0.0777379246574211,0.1697160384386484,0.0197181455329487,0.0835835242406406,-0.0352719192810776,-0.1784448907134235,23.23883903844024,0.312059993350585,0.1492058434219538,Japan,JPY
HNR1.DE,Financial Services,Insurance - Reinsurance,27930298368.0,25278502912.0,4921699840.0,2871600128.0,3715000064.0,114.939,120597134.0,4143300096.0,7716299776.0,71327100000.0,5420899840.0,5878499840.0,0.04142,0.21711001,0.099139996,0.22308001,0.2,0.27857,24300400640.0,-0.228,0.48,,25278502912.0,12928700000.0,-3572999680.0,0.1946990237963662,0.1028130845637517,0.1330096805645409,0.4628915820968289,0.0760005641614477,1.293703823097197,0.026424283658853,,0.0319187506920216,,,-0.0110942735968211,0.0,-0.7259686279446087,26.54491017964072,1.4187965399067246,,Germany,EUR
6594.T,Industrials,Specialty Industrial Machinery,2920797700096.0,3358996824064.0,244821999616.0,120102002688.0,55612751872.0,1534.873,1146309835.0,712031993856.0,344454987776.0,3325561000000.0,506860994560.0,298959994880.0,0.024300002,0.06313,0.07153,0.19373,1.608,0.40098,2616305123328.0,0.029,1.087,,3358996824064.0,1719296000000.0,367577006080.0,0.0728854513532387,0.0411195895847399,0.0190402614567151,0.5886391926231285,0.152413681348801,0.4630459994615606,0.1078037101551139,,0.0953602085131916,0.7478210404430742,-0.0045695125314732,0.0524896438247952,0.0,1.501405129671923,10.861321273088466,0.4198687663752102,0.1137105039108894,Japan,JPY
SHL.DE,Healthcare,Medical Devices,38422102016.0,52927000576.0,3916000000.0,2095000064.0,2492000000.0,16.418,1119198976.0,15317999616.0,1908000000.0,46055000000.0,8771000320.0,3223000064.0,0.04123,0.11467,0.12746,0.38026002,1.1,0.83879,23065999360.0,-0.039,-0.043,,52927000576.0,18199000000.0,13409999616.0,0.0739887006137228,0.0545259096737493,0.0648585025088493,0.47365966579396,0.1904462125719248,1.1894987703446676,0.075086270551204,-0.0194092530514137,0.0623922439525276,-0.0414094509696804,,-0.0134735669608431,0.0,3.4244125679264554,6.300420168067227,0.2104060676848106,0.0869729134040949,Germany,EUR
BBY,Consumer Cyclical,Specialty Retail,15996170240.0,18173425664.0,2617999872.0,1143000064.0,1143750016.0,14.632,210767126.0,4134000128.0,1903000064.0,14670000000.0,9425999872.0,2303000064.0,0.07771,0.39104,0.0404,0.22518,1.121,1.3409,41860001792.0,0.019,0.379,,18173425664.0,2964000000.0,2231000064.0,0.1440564877752263,0.0714546073748212,0.0715014905967892,0.1852943520561081,0.6425357785957737,1.0006561259475135,-0.0343345487205291,0.120592489629395,-0.0364111488185744,0.171509836454136,0.0107293832690792,-0.0075767825734,-0.0108798486281929,0.8521773006412126,30.872340425531917,0.557087564753941,0.2075525675868974,United States,USD
PNFP,Financial Services,Banks - Regional,14037823488.0,14858825728.0,,625673024.0,,91.906,151106812.0,6194999808.0,6120999936.0,57706053000.0,2643606016.0,1707008000.0,0.00736,0.061680004,0.46889,0.0,,0.8795074485552014,2643606016.0,1.564,-0.497,,14858825728.0,7043715000.0,73999872.0,0.0,0.0445705151183049,0.0,0.501766887582053,0.045811589574494,0.0,0.1114793444202264,0.0715868457856609,0.1065333895265058,0.1294472606693439,,0.0972933563156366,0.0054286182829831,,,0.2755460940927925,,United States,USD
WCP.TO,Energy,Oil & Gas E&P,20492791808.0,23593879552.0,3390400000.0,844300032.0,1270875008.0,9.064,1215468037.0,3569400064.0,138400000.0,19294700000.0,3848300032.0,3526099968.0,0.05787,0.101569995,0.041589998,0.62558997,0.536,0.33007,6151499776.0,1.148,-0.932,,23593879552.0,11002200000.0,3431000064.0,0.1436982838082092,0.0411998540711471,0.062015708738322,0.5368814607146376,0.1994485548881299,1.5052409804954263,0.0731942839365156,-0.25748001867459,0.075215414591903,-0.2998945024030008,-0.065377482468976,0.9391463402377864,1.0662127659574467,1.0119750070788107,10.381457891012031,0.9878690829765168,0.0833129816948844,Canada,CAD
3407.T,Industrials,Conglomerates,2387334660096.0,3093296840704.0,427543986176.0,158793007104.0,17234374656.0,1539.66,1356440218.0,1011221004288.0,377023004672.0,4015214000000.0,1008592027648.0,303104000000.0,0.03545,0.080170006,0.07792,0.32805002,2.352,0.46694,3074505048064.0,0.021,0.269,,3093296840704.0,1859421000000.0,634197999616.0,0.1382162812666552,0.0665147663451652,0.0072190861817869,0.7788690170171737,0.2511925958735947,0.1085335870282531,0.072606978539313,0.833145333020445,0.0649002469756563,0.5495601581111483,0.0027492765213537,0.0962353217408872,-0.0202162654656608,1.483351468204093,22.39423922603342,0.299740609337338,0.0667729624867977,Japan,JPY
RI.PA,Consumer Defensive,Beverages - Wineries & Distilleries,15919384576.0,28128518144.0,2880000000.0,1411000064.0,1504625024.0,61.488,251809312.0,13601999872.0,2398000128.0,37080000000.0,5856999936.0,1682000000.0,0.041550003,0.08565,0.30535,0.5836,2.344,0.82292,10035999744.0,-0.149,-0.18,,28128518144.0,15212000000.0,11203999744.0,0.1023871924306941,0.088634083639591,0.0945152758146421,0.9555645777245404,0.157955769579288,1.0663536185353426,0.0079728960806597,-0.1441203520265493,0.0020707126335499,-0.1831343858298036,-0.0103169411957861,-0.0537195355365573,-0.0041825217562753,3.890277688888889,5.370873786407767,0.1236582867099147,0.090303623898139,France,EUR
S32.AX,Basic Materials,Other Industrial Metals & Mining,19583406080.0,20156680192.0,1192999936.0,394000000.0,-141124992.0,2.862229,4476766233.0,1688999936.0,1664000000.0,13727000000.0,3216999936.0,1426000000.0,0.03372,0.04242,0.12866001,0.5447,2.713,18.248,5905999872.0,-0.026,0.292,,20156680192.0,8845000000.0,24999936.0,0.059186330518529,0.0201190741993744,0.0,0.4516578966839256,0.2343556447876447,-0.3581852588832487,-0.1456582065464797,-0.4880280947526646,-0.1747208993676321,-0.8753775443204203,-0.152469592991633,-0.0363636363636363,-0.0056573160077532,0.0209555216606482,3.990338164251208,0.8442865920866441,0.0679220458843845,Australia,AUD
EQT.ST,Financial Services,Asset Management,332847382528.0,331117199360.0,1415699968.0,727800000.0,1211774976.0,6.413,1169938099.0,2644600064.0,6150600192.0,11368000000.0,1750800000.0,430300000.0,0.05742,0.09325,0.41901,0.66510004,6.835,0.35196,2632399872.0,-0.043,-0.223,,331117199360.0,7513900000.0,-3506000128.0,0.0042755253147113,0.0021865877221935,0.0036406324327879,0.0225746104503853,0.1540112596762843,1.6649834789777411,0.2069270451269576,-0.0862099627514983,0.1767855538585931,-0.1433746765414473,0.0680885422560689,-0.0098509724677948,-0.0052480691612815,-2.476513531997198,13.835243553008596,0.162708912344638,0.0929460341292986,Sweden,SEK
CSGP,Real Estate,Real Estate Services,13737085952.0,13956016128.0,272000000.0,25000000.0,202200000.0,19.437,408355715.0,1155000064.0,1215000064.0,10538000000.0,2683000064.0,529000000.0,-0.00158,0.00303,0.0033399998,0.78634,2.196,14.526,3412000000.0,0.225,,,13956016128.0,8334000000.0,-60000000.0,0.0194898026417643,0.0018198910662242,0.014719278943622,0.6066788858365294,0.254602397418865,8.088,0.1416053057551984,-0.5259632828103975,0.130872660163459,-0.638058748403576,-0.0215725298425706,0.1383817651506967,0.0378510378510378,-0.2205882352941176,,0.4580086326298246,-0.0073529411764705,United States,USD
J,Industrials,Engineering & Construction,14704458752.0,17555331072.0,1025032000.0,409808992.0,512446368.0,27.86,118080879.0,4558086144.0,1371911936.0,11252535000.0,3085465088.0,572318016.0,0.04355,0.09380999,-0.00936,0.2342,1.434,1.38776,13174574080.0,0.27,,,17555331072.0,3640807000.0,3186174208.0,0.0583886453520026,0.0278697093794261,0.0348497266470485,0.2475988447724947,0.2742017765774556,1.2504517421618704,0.0713404063193323,0.2051091563164009,0.0669273091780051,0.1287760117589992,-0.0155879333586751,-0.0430708210431069,-0.0416263247482801,3.108365600293454,4.727858259939089,0.1255610354695394,0.0872306696992876,United States,USD
REG,Real Estate,REIT - Retail,15166033920.0,20220880896.0,1050718016.0,532772000.0,574623104.0,36.519,183096790.0,5245984768.0,148087008.0,13001283000.0,1183419008.0,819390016.0,0.03208,0.08003,0.40727,0.71702003,1.036,0.73218,1650468992.0,0.1,0.172,,20220880896.0,6906890000.0,5097897760.0,0.0519620298148261,0.0351292897543512,0.0378888183312199,0.4554183405123229,0.0910232480902077,1.078553497556178,0.0827036006796015,,0.0806597723120047,,-0.0116441581094932,0.0491707486813426,0.011221166102914,4.85182292715156,3.6201757275157904,0.1561937466914124,0.0598431346299384,United States,USD
TRU,Financial Services,Financial Data & Stock Exchanges,12722871296.0,18194079744.0,1443200000.0,704400000.0,749750016.0,23.073,192800000.0,5684599808.0,733100032.0,11112900000.0,2780400128.0,1019299968.0,0.046469998,0.15254,0.19652,0.58827996,1.929,1.15665,4726300160.0,0.137,1.72,,18194079744.0,4439200000.0,4951499776.0,0.0793225060188018,0.0553648609352402,0.0589293091596169,0.3489149498349213,0.2501957300074688,1.064381056218058,0.0724673871403887,,0.0724314774372438,0.5732628797886393,-0.0357117096121373,0.0116615687131308,-0.0104218362282878,3.4309172505543235,3.726887192536048,0.1793090107355539,0.0882462218205553,United States,USD
RPM,Basic Materials,Specialty Chemicals,13517747200.0,15914492928.0,1152825984.0,663363968.0,381043360.0,24.608,127626527.0,2898331904.0,294206016.0,7775949000.0,3189969920.0,805849984.0,0.08129,0.22903,0.06436,0.41355,2.281,0.92065,7713562112.0,0.089,0.0,,15914492928.0,2885356000.0,2604125888.0,0.0724387505914005,0.0490735592392199,0.0281883774243092,0.2134494718173158,0.4102354477890737,0.5744106981704499,0.0320069136811629,,0.0289286613244397,0.5144052992464714,0.0510324520091085,0.180581224475419,0.0032034792391222,2.258906308621163,9.2114705364449,0.278039234529297,0.1409689653740301,United States,USD
4661.T,Consumer Cyclical,Leisure,3779903094784.0,3488658227200.0,234957996032.0,121881001984.0,,670.859,1639515507.0,326706003968.0,597097971712.0,1438521000000.0,272958996480.0,181280997376.0,,0.124698310922676,0.15488,0.38743,3.272,0.297,704539000832.0,,,,3488658227200.0,977407000000.0,-270391967744.0,0.0673491012103462,0.0322444779476455,0.0,0.25857990945555,0.1897497474697971,0.0,0.3506495674425367,,0.261836187557069,0.5516360479058422,,0.0614706891526436,-0.0098985356106417,-1.150809814138754,162.76048462255358,0.5548750104811542,0.1452156465905396,Japan,JPY
9503.T,Utilities,Utilities - Renewable,2569030336512.0,6199543595008.0,822817980416.0,380050997248.0,91896627200.0,3101.431,1114063522.0,4306445008896.0,737411006464.0,9652655000000.0,437557002240.0,652380995584.0,0.02804,0.11607,0.044949997,0.10786,1.017,1.22945,4056636981248.0,-0.065,-0.314,,6199543595008.0,3065852000000.0,3569034002432.0,0.1327223476706495,0.1479355817043403,0.035770938900149,1.1933887881458574,0.0453302228495683,0.2418007790150157,0.1499767304330446,,0.1200806696462199,,0.0732800565953025,0.0686088447397446,0.1876939393252071,4.337574150515731,17.969347565500314,0.1514894522596596,0.0789726394755577,Japan,JPY
FLUT,Consumer Cyclical,Gambling,19571712000.0,31318419456.0,2130000000.0,-375000000.0,-877374976.0,51.972,173400475.0,12560000000.0,1535000064.0,29280000000.0,7532000256.0,1326000000.0,0.011519999,-0.04962,0.02323,0.44249,0.904,1.2936500000000002,17022000128.0,0.174,-0.217,,31318419456.0,9038000000.0,11024999936.0,0.0680110949721612,0.0,0.0,0.4617889329252341,0.2572404459016393,,0.2007562717832416,-0.1784523019577012,0.1781441064933054,-0.0620604054613156,-0.0394556286385919,0.1947119307981067,-0.0150161358614808,5.176056307981221,0.79421768707483,0.1055732484076433,0.0192680612286999,United States,USD
GEN,Technology,Software - Infrastructure,14530705408.0,22689921024.0,2388999936.0,973000000.0,1422249984.0,4.366,602433854.0,8259999744.0,402000000.0,15589000000.0,3923000064.0,1544999936.0,0.086660005,0.39876997,0.63367003,0.7846,0.399,3.16354,5000000000.0,0.27,2.652,,22689921024.0,2611000000.0,7857999744.0,0.1052890370783161,0.0669616493266945,0.0978789359542702,0.1796884546680364,0.2516518098659311,1.4617163247687563,0.1465900735417971,0.2657656977294349,0.1291801644654871,0.1070238957277335,-0.037829906542056,0.0060664730558244,-0.0307941653160453,3.289242341779619,3.655536028119508,0.1870460028914984,0.161503222299868,United States,USD
BALL,Consumer Cyclical,Packaging & Containers,14750057472.0,22033008640.0,2052999936.0,936000000.0,403500000.0,21.039,266246511.0,8177999872.0,733000000.0,19524000000.0,2620000000.0,1150000000.0,0.04701,0.16785999,0.09353,0.1917,1.119,1.45542,13667000320.0,0.163,0.219,,22033008640.0,5421000000.0,7444999872.0,0.093178374753272,0.0634573798628789,0.0273558256139654,0.3675239917058406,0.1341938127432903,0.4310897435897436,-0.0052876567688228,,-0.0071442746576701,0.6288120300751879,0.027619731818074,0.1075561606535057,0.0013727412770974,3.62640044037488,4.592356687898089,0.1406211809732833,0.1027285032414333,United States,USD
6383.T,Industrials,Specialty Industrial Machinery,2345621258240.0,2151026393088.0,114760998912.0,80731996160.0,,1246.426,367709861.0,61326000128.0,251888992256.0,754211000000.0,167809007616.0,72946999296.0,,0.1787897963224204,0.15223,0.24927999,2.771,13.38,673177993216.0,0.078,0.156,,2151026393088.0,451547000000.0,-190562992128.0,0.053351739095702,0.0344181721053193,0.0,0.1925063555822354,0.2224961020404104,0.0,0.0885313756717343,,0.076252885633578,,0.0605759965702777,0.1672310316116591,0.0,-1.660520507268552,399.4654545454545,1.1894954691932391,0.2084374543432929,Japan,JPY
COO,Healthcare,Medical Instruments & Supplies,12971487232.0,15789623296.0,886400000.0,235800000.0,424275008.0,42.272,195030630.0,2726599936.0,138800000.0,12394800000.0,2773400064.0,953000000.0,0.025190001,0.02853,-0.02866,0.65550005,1.274,0.33093,4231000064.0,0.079,,,15789623296.0,8238900000.0,2587799936.0,0.0561381347346362,0.0181783318892141,0.03270827781053,0.6351546166329373,0.2237551282796011,1.7993002883799831,0.0734620313976186,-0.0125153651709719,0.0713044179080419,0.0066320645905421,0.0086681463063585,0.0064635572300896,0.001841620626151,2.919449386281588,6.665,0.3495195563592942,0.0590764048927495,United States,USD
6988.T,Basic Materials,Specialty Chemicals,1979354054656.0,1633955479552.0,254293000192.0,133498003456.0,41617874944.0,1704.164,670285850.0,0.0,359804993536.0,1321920000000.0,390762987520.0,192182992896.0,0.083050005,0.12172,0.14776,0.38006002,3.528,0.0,1028170973184.0,0.027,0.01,,1633955479552.0,1044083000000.0,-359804993536.0,0.1556303114584997,0.0674452370671002,0.0210259881733149,0.5274867311100921,0.2956025988864681,0.3117490439302109,0.0590981550318709,0.0937262796177655,0.0503723965048103,0.0509651739308267,,0.0566171657126962,-0.0153225943246175,-1.4149229167312305,60.19163206643245,,0.1712984634402396,Japan,JPY
H.TO,Utilities,Utilities - Regulated Electric,33863417856.0,52952391680.0,3248000000.0,1372000000.0,-1412875008.0,21.411,600096020.0,19160000512.0,37000000.0,39671000000.0,3388000000.0,2579000064.0,0.03691,0.109230004,0.23489,0.36505002,0.536,1.47794,9281000448.0,0.1,0.088,,52952391680.0,12648000000.0,19123000512.0,0.0613381170699181,0.0405156976721682,0.0,0.3735003966163149,0.0854024350281061,-1.0297922798833818,0.0513458968230609,,0.0533711424175691,-0.8290657439446367,0.0107835228773576,0.0814841066463115,0.0005774781663386,5.887623310344828,3.3298662704309065,0.1346033400356518,0.0621102519331504,Canada,CAD
SCG.AX,Real Estate,REIT - Retail,19951771648.0,34379096064.0,,1778499968.0,-360087488.0,3.621,5222977091.0,15100499968.0,629400000.0,35397000000.0,1912999936.0,1052499968.0,0.03164,0.09635,0.66941,0.71248,0.534,0.7915800000000001,2684999936.0,0.008,0.538,,34379096064.0,18885000000.0,14471099968.0,0.0,0.0891399520492346,0.0,0.9465324850935264,0.0540441262253863,-0.2024669634405076,0.0298959733317079,,0.0314121065469422,,0.0456880004527642,-0.0263485802464042,0.00394235252376,,3.869276918219135,0.06969967684715,0.076974054077822,Australia,AUD
8601.T,Financial Services,Capital Markets,2131110658048.0,-1890868527104.0,,175280996352.0,,1276.94,1385637648.0,24680670953472.0,29013724626944.0,36024346000000.0,695056007168.0,438963011584.0,0.00513,0.095860004,0.18478,0.80254996,1.03,12.06403,866063024128.0,0.777,0.696,,,1646081000000.0,-4333053673472.0,,0.0822486601951253,0.0,0.7724052215607307,0.0192940631640613,0.0,0.1000645238826978,,0.1090966043214416,0.1283848079336063,,0.1248012515822829,0.0,,,0.0177857000894154,,Japan,JPY
9101.T,Industrials,Marine Shipping,2284129878016.0,3315286409216.0,313784008704.0,211749994496.0,7888249856.0,7575.967,403556522.0,1201462050816.0,214584000512.0,4320269000000.0,429394001920.0,473358008320.0,0.0182,0.07056,0.06291,0.17717,0.99,0.3822099999999999,2423689052160.0,-0.0,-0.161,,3315286409216.0,2918874000000.0,986878050304.0,0.0946476322020708,0.0927048836119277,0.003453503205716,1.2778931829110085,0.0993905708001052,0.0372526567227325,0.0431171680411932,-0.011546314688355,0.0281561598499956,-0.1811628707059442,,0.0153942516281726,-0.096371302748791,3.1450871393352164,26.5779862041586,0.3939849852090694,0.1410455648071994,Japan,JPY
KOG.OL,Industrials,Aerospace & Defense,264850341888.0,249283264512.0,6204000256.0,4786999808.0,-1719000064.0,27.06,879609245.0,4384000000.0,18466000896.0,82527000000.0,19320999936.0,10504999936.0,0.042069998,0.20778999,0.16678,0.57726,1.202,17.906,33469999104.0,0.271,-0.263,,249283264512.0,22579000000.0,-14082000896.0,0.0248873516164233,0.0180743576688465,0.0,0.0852519194011394,0.2341173184048856,-0.3590975836529634,-0.0025323746600581,6.047298732064891,-0.0519070201352717,0.6034719418651595,-0.0553814167454514,0.1889100181519578,0.0,-2.2698259695236223,8.101198402130493,2.396213489051095,0.2127942359483753,Norway,NOK
STLAM.MI,Consumer Cyclical,Auto Manufacturers,16733108224.0,34684518400.0,-1043000000.0,-21599000576.0,-5823000064.0,19.159,2897507765.0,47937998848.0,30392999936.0,195153000000.0,9025999872.0,-4521999872.0,-0.016280001,-0.30152,0.02725,0.057919998,1.035,0.78657,155826995200.0,0.065,,,34684518400.0,53551000000.0,17544998912.0,0.0,0.0,0.0,3.200302017003198,0.046250889671181,,-0.0509669386038745,,-0.065291778632627,-0.8709230659400804,-0.2101655941496681,-0.0599883433602913,0.0026389964975637,,-17.025067750677508,-0.0943301760746873,-0.2158589173123507,Italy,EUR
KRX.IR,Industrials,Building Products & Equipment,14703753216.0,16777230336.0,1146899968.0,671200000.0,336712512.0,24.955,179935454.0,2689600000.0,584700032.0,9820700000.0,2730299904.0,819699968.0,0.05767,0.15353,0.10446999,0.29680002,1.373,0.56835,9198999552.0,0.054,-0.006,,16777230336.0,4481900000.0,2104899968.0,0.0683605067720279,0.0456482090075905,0.0228997662742056,0.3048133312740169,0.2780147956866618,0.5016574970202622,0.0331797878985942,0.0243922943527783,0.0361195729953122,-0.0517857142857142,0.0310892694105998,0.00012220581496,-0.0119117063895452,1.8352951667359363,11.972938144329897,0.304766496133254,0.1252781036365843,Ireland,EUR
ELE.MC,Utilities,Utilities - Regulated Electric,39110107136.0,50982117376.0,5510000128.0,2340000000.0,1450397056.0,8.316,1025704321.0,11573000192.0,94000000.0,37482000000.0,8695000064.0,3844999936.0,0.0589,0.24463,0.18258,0.41496,1.004,1.20027,20953999360.0,-0.013,0.264,,50982117376.0,8522000000.0,11479000192.0,0.1080771143215375,0.0598310813075242,0.0370849676007392,0.2178976388473169,0.2319780178218878,0.6198278017094017,-0.135552967665596,,-0.1554861327359845,0.4298779591236583,0.0647874795976787,0.0036684964520016,0.0,2.0833030717490395,9.59882005899705,0.3322388207215196,0.1142796937557069,Spain,EUR
SUN.AX,Financial Services,Insurance - Property & Casualty,19904942080.0,20825812992.0,1532999936.0,986000000.0,2327682048.0,9.366,1082967555.0,2280999936.0,1142000000.0,30164000000.0,2144999936.0,1682000000.0,0.02832,0.08399,0.064229995,0.14226,0.237,0.2254,15077999616.0,0.017,-0.754,,20825812992.0,10576000000.0,1138999936.0,0.0736105686048791,0.0495354367793267,0.1169399056096123,0.5313253340549283,0.0711112563320514,2.36073230020284,0.1132213026281308,,0.0836084495172489,,,-0.7299794109748455,9.172861268507532e-05,0.7429875952714978,5.385214007782102,0.7373958996901963,,Australia,AUD
ZS,Technology,Software - Infrastructure,19633154048.0,18499084288.0,-60796000.0,-77388000.0,1108818560.0,14.635,161709525.0,1868162944.0,3539107072.0,6419888000.0,2435281920.0,1100973056.0,-0.01356,-0.037100002,-0.03276,0.76737,1.861,0.7893899999999999,3173563904.0,0.254,,,18499084288.0,1799273000.0,-1670944128.0,0.0,0.0,0.0564768430629694,0.0916446229475436,0.3793340195342972,,0.3481497314980284,0.4645529841277256,0.2806982422599454,0.3703334871581173,-0.0091732208796923,0.3644913206636049,0.0381074168797953,,-2.497991967871486,0.5893345971431494,-0.0032734569554945,United States,USD
MONC.MI,Consumer Cyclical,Apparel Manufacturing,15470561280.0,14702929920.0,994088000.0,626670016.0,609387904.0,14.174,271985955.0,1128457984.0,1461304960.0,5959504000.0,2446196992.0,960515008.0,0.09877,0.16854,0.35726002,0.78099996,2.422,0.29312,3132128000.0,0.015,0.029,,14702929920.0,3849694000.0,-332846976.0,0.0676115580642038,0.0405072579241287,0.0393901612857319,0.2488399696898392,0.4104698968236283,0.9724223090960842,0.0636397575439593,0.1453927415621161,0.0579099756775335,0.1155365493344247,0.0172954952914696,0.0826426673012885,0.0,-0.334826470091179,21.72589650741736,0.8511748081176232,0.1867521195885729,Italy,EUR
SPSN.SW,Real Estate,Real Estate - Diversified,10462364672.0,16226525184.0,417056992.0,382468000.0,318272736.0,88.082,80232868.0,5868621824.0,32253000.0,14695857000.0,496535008.0,354671008.0,0.01808,0.05565,0.75464994,0.88682,0.202,0.83042,559904000.0,-0.196,0.074,,16226525184.0,7067053000.0,5836368824.0,0.0257021751281189,0.036556554086055,0.0304207266691611,0.6754737787828469,0.033787414235182,0.8321552025267474,-0.0487640219951067,0.0006044330351626,-0.0418377115807345,-0.0070003737346905,0.1386342102583878,0.0617460155418414,0.0378595512526034,13.99417570249008,9.067585593597157,0.0604351445086402,0.0411129883460521,Switzerland,CHF
SRG.MI,Utilities,Utilities - Regulated Gas,21577738240.0,,2961999872.0,1037000000.0,,2.843,3355791415.0,18500999168.0,,37000000000.0,3385999872.0,2768999936.0,0.04127,0.11226,0.48248002,0.8651,0.244,1.93101,3913999872.0,0.03,,,40078737408.0,9237000000.0,18500999168.0,0.0739045205403293,0.0480587904286302,0.0,0.4280800840783579,0.091513510054054,0.0,0.0328524519048796,,0.0098282694848084,-0.5222299651567944,0.1576330522228638,0.0338372125513425,0.0,6.246117477212369,4.578494623655914,0.1496675888072771,0.0815740066669221,Italy,EUR
KRZ.IR,Consumer Defensive,Packaged Foods,12290630656.0,14618640384.0,1134899968.0,658499968.0,304462496.0,36.944,159826145.0,2593100032.0,348900000.0,10669100000.0,3456699904.0,755500032.0,0.04844,0.105909996,0.15116,0.51153,1.675,0.43555,6757600256.0,,,,14618640384.0,5951800000.0,2244200032.0,0.0776337565046158,0.0535773945561154,0.0247719180993668,0.4842550530223988,0.3239917053922074,0.4623576473734923,-0.0832879578769845,-0.0046139071559326,-0.0827451713183957,-0.0154016848161084,0.0660484467057156,-0.1473246753246753,-0.0320748863685056,1.9774430304680384,9.64123006833713,0.2913501302212779,0.0938928080216513,Ireland,EUR
ORG.AX,Utilities,Utilities - Diversified,18812403712.0,22926471168.0,1327000064.0,1021000000.0,189250000.0,5.656,1722747671.0,4720999936.0,729000000.0,20989000000.0,3336999936.0,1254000000.0,0.02994,0.101619996,0.07665,0.20249,1.176,0.48495,16480000000.0,-0.09,-0.453,,22926471168.0,9920000000.0,3991999936.0,0.0578806940796097,0.0542727030330912,0.010059852153783,0.5273116690384578,0.1589880383057792,0.1853574926542605,0.0597199635705116,,0.0488810236010837,,0.1223675655247012,0.026156253055637,-0.0010648883335496,3.0082891812128807,11.363636363636363,0.2656216939207347,0.106544901065449,Australia,AUD
GIB-A.TO,Technology,Information Technology Services,19484440576.0,23231471616.0,2922021888.0,1676683008.0,2126564736.0,47.58,185297286.0,4416373248.0,716035968.0,19521828000.0,3344187904.0,2472626944.0,0.08814,0.16622,0.16584,0.20468001,0.945,0.44158,16338542592.0,0.033,0.106,,23231471616.0,10282332000.0,3700337280.0,0.1257785962206347,0.0860524068658793,0.1091416880923643,0.5277201549561183,0.1713050593417788,1.2683165069685014,0.0733788105993227,0.0772630029604868,0.0659104058488596,0.0722446140673824,0.0016445269932959,0.1699898378637027,-0.0343759449036171,1.2663619308247975,19.838608312818742,0.5598772579106067,0.1637494453751954,Canada,CAD
RCI-B.TO,Communication Services,Telecom Services,29064120320.0,78606336000.0,9456000000.0,7052000256.0,6757374976.0,33.273,429076558.0,44802998272.0,1652000000.0,90012000000.0,9930000384.0,6257999872.0,0.03892,0.40674,0.20887,0.44693002,0.553,1.842,22218000384.0,0.102,0.595,,78606336000.0,17751000000.0,43150998272.0,0.1202956463967484,0.2426359435054802,0.2324988646344827,0.6107530454924844,0.11031862844954,0.9582210338479036,0.1214088417313634,0.1510800474082887,0.1051363282264346,0.1687572016460905,0.0370467269106638,0.2604780776070913,0.0076927191817786,4.563345840947546,4.682279092225977,0.1396781490829596,0.1304061323292092,Canada,CAD
RTO.L,Industrials,Specialty Business Services,11416180736.0,15142404096.0,1232999936.0,290000000.0,828000000.0,1.6378322,2516239885.0,6152999936.0,2382000128.0,14434000000.0,951000000.0,972000000.0,0.03965,0.05377,0.13008,0.13767,1.164,1.11995,6908000256.0,0.058,0.952,,15142404096.0,5496000000.0,3770999808.0,0.0814269602226312,0.0254025410692306,0.0725286345011137,0.4814219507465233,0.0658861022585561,2.8551724137931034,0.1540318969585175,0.1231510280642305,0.1224675942829059,0.0914820859499397,0.0207632336245365,0.0925743698433124,0.0005941676774102,3.0583941636149445,2.56,0.1579717227547847,0.0575591330155589,United Kingdom,GBP
TRI.TO,Industrials,Specialty Business Services,49350717440.0,52198064128.0,2169999872.0,1531000064.0,1677250048.0,36.550266,436538837.0,2699000064.0,489000000.0,17940000000.0,3024000000.0,2711000064.0,0.06939,0.12734,0.30331,0.39462003,0.604,0.2285,7663000064.0,0.098,0.056,,52198064128.0,11914000000.0,2210000064.0,0.0415724205150353,0.0310228532312903,0.0339863356604527,0.2414149300764451,0.1685618729096989,1.0955257856867078,0.0410001067332952,0.1518006581012707,0.0427774817971941,0.1227949599083619,-0.0028012379920558,-0.0269566632315452,-0.0112175053982191,1.018433269290073,11.568306010928962,1.0044460910394406,0.1462824765063571,Canada,CAD
2502.T,Consumer Defensive,Beverages - Brewers,2260129546240.0,3646814683136.0,382908989440.0,155562999808.0,157174743040.0,1870.335,1462866952.0,1407187943424.0,84948000768.0,5403405000000.0,1095397015552.0,329948004352.0,0.025940001,0.05805,0.08355,0.0,0.548,0.4997399999999999,2926294073344.0,0.008,-0.292,,3646814683136.0,2668801000000.0,1322239942656.0,0.104998203284277,0.0688292403711096,0.0695423602162448,1.1808177121704704,0.2027234707655635,1.010360710670206,0.0954480669505655,0.0294287316621044,0.0905925640347075,0.0604206400817014,-0.0079843090716589,0.0222273805868541,0.0,3.453144165118089,13.844085245586184,0.2344733025136382,0.0739198124269701,Japan,JPY
2503.T,Consumer Defensive,Beverages - Brewers,2189206487040.0,3315866796032.0,354176991232.0,150281994240.0,71343128576.0,1633.017,799126252.0,937498968064.0,124052996096.0,3494043000000.0,1181332013056.0,359416004608.0,0.04696,0.12194,0.08403,0.48011002,1.443,0.57663,2460543877120.0,0.05,0.114,,3315866796032.0,1286991000000.0,813445971968.0,0.1068127922556579,0.0686467882904889,0.032588579011778,0.5878801326503126,0.3380988765896699,0.4747283860371535,0.069440550378905,-0.2234775908120211,0.0690532598723707,-0.1987037894730298,0.0206319750768352,0.0417046419087467,0.0,2.2967216733600875,13.982861197532886,0.3833774935776396,0.0943547721754708,Japan,JPY
GPC,Consumer Cyclical,Auto Parts,13880212480.0,19776976896.0,2034494976.0,60088000.0,755362496.0,32.519,137624545.0,6713816064.0,500023008.0,20795540000.0,9266178048.0,995505024.0,0.04538,0.01342,0.05771,0.37515998,1.093,1.49454,24699011072.0,0.068,-0.021,,19776976896.0,4422991000.0,6213793056.0,0.102871889202211,0.0043290403577453,0.0544200960243513,0.3186544158724579,0.445584872910249,12.570937558247904,0.0322032472635638,-0.2799161803179321,0.0301525858614043,-0.2989775950759245,0.0176330439995729,0.0784555382660264,-0.0083717741239091,3.0542189237630244,1.3190586278179397,0.1482770773745165,0.0195927718756685,United States,USD
S63.SI,Industrials,Aerospace & Defense,32836069376.0,37508452352.0,1537202048.0,462769984.0,554155008.0,0.826,3121299238.0,4832833024.0,576436992.0,16032106000.0,2348353024.0,1708306944.0,0.044359997,0.16886,0.090450004,0.19021,1.081,1.65437,12346426368.0,0.117,-0.837,,37508452352.0,2573638000.0,4256396032.0,0.0409828172480711,0.0140933428633282,0.0168764111701211,0.07837838233711,0.1464781373077248,1.1974739658136513,0.1096926681683516,,0.1039202273416082,0.6175023570320658,-0.0131782952673498,-0.0116632459582922,0.0,2.768924252695245,4.537189915830693,0.3534794054577293,0.1052173971044456,Singapore,SGD
MRU.TO,Consumer Defensive,Grocery Stores,19848794112.0,28201218048.0,1865600000.0,983699968.0,840787520.0,23.576,210933000.0,4800999936.0,217800000.0,14539400000.0,4378899968.0,1676800000.0,0.062459998,0.1392,0.06796,0.19747,1.418,0.8068899999999999,22175399936.0,,,,28201218048.0,7026700000.0,4583199936.0,0.0661531710022116,0.0495596842029453,0.0423596272527047,0.3540114306365777,0.3011747367841864,0.8547194747901019,0.0522430967342448,0.1305245136061945,0.0475552298947007,0.1323619783923084,-0.0017027146579923,0.028202480799966,-0.0343732880710545,2.4566895025728988,9.045094454600854,0.3492605753702722,0.1188809508553854,Canada,CAD
ROL,Consumer Cyclical,Personal Services,22806933504.0,23950116864.0,860139008.0,529295008.0,521446112.0,2.856,481463663.0,1067139968.0,116543000.0,3140523000.0,2022576000.0,649582016.0,0.14981,0.38671002,0.16051,0.52603,0.646,0.77235,3844969984.0,0.102,0.013,,23950116864.0,1374321000.0,950596968.0,0.0359137708130725,0.0232076358668371,0.022863490697184,0.0602589120435223,0.6440252149084722,0.9851710371695024,0.1173929088277419,0.1429982750397593,0.1087127276487807,0.134795783103264,0.0128670286440466,0.1137811004381679,-0.0065622084093441,1.1051666755706535,25.543945654457595,0.6087130418490707,0.3097599233629922,United States,USD
TIT.MI,Communication Services,Telecom Services,16329467904.0,28835977216.0,3644000000.0,193000000.0,688374976.0,0.575,21284498463.0,14636000256.0,3472000000.0,36734000000.0,6176000000.0,2432000000.0,0.02085,0.03105,0.0542,0.44557,0.978,1.08632,13861000192.0,0.014,,,28835977216.0,12219000000.0,11164000256.0,0.1263699153562266,0.0118191236318682,0.0421553831421156,0.7482791277606102,0.1681276201883813,3.5667097202072537,-0.0453958711459528,,-0.0474550325296593,0.6480473372781065,-0.1875781179409762,-0.0246661179406844,0.0,3.0636663710208563,1.7387669801462904,0.1661656161151682,0.065989847715736,Italy,EUR
1925.T,Real Estate,Real Estate - Development,2652663447552.0,5615481520128.0,754636029952.0,350567989248.0,-516560617472.0,4677.088,619347095.0,3211157045248.0,434566004736.0,7049323000000.0,1241820037120.0,189276995584.0,0.04966,0.12528,0.16343,0.22267,1.767,1.0625,5576860893184.0,0.042,0.426,,5615481520128.0,2614236000000.0,2776591040512.0,0.1343849191288584,0.1321569796468226,0.0,0.9855136362709478,0.1761616026276566,-1.473496249843202,0.0697505070358439,,0.0656590714665597,0.5125766610283209,0.0078260510372767,0.0789139909708418,0.0001928287693207,3.679377779892924,12.76005100690518,0.0589435499157849,0.1016867258276261,Japan,JPY
EG,Financial Services,Insurance - Reinsurance,13417146368.0,13268823040.0,,2010000000.0,3993250048.0,384.196,39571602.0,3588999936.0,3638000128.0,62514000000.0,2684999936.0,2788999936.0,0.02655,0.13822,0.20232001,0.15487,0.382,0.23471,17336999936.0,-0.047,2.307,,13268823040.0,15460000000.0,-49000192.0,0.0,0.1498083083295465,0.2976229027003784,1.1522569386939254,0.0429503780913075,1.9866915661691544,0.1283614018245091,,0.1205801491529888,,,0.1095649704478088,0.0016345895657543,,13.496688741721854,0.777096680338308,,United States,USD
DSFIR.AS,Basic Materials,Specialty Chemicals,17960402944.0,21537423360.0,1438000000.0,274000000.0,-32125000.0,72.532,248896933.0,5277000192.0,1903000064.0,29345000000.0,3529999872.0,1444999936.0,0.012460001,0.01663,0.06963,0.39075002,1.59,0.28644,9034000384.0,,,,21537423360.0,18244000000.0,3374000128.0,0.0667675039842834,0.0152557824484408,0.0,1.0157901276983734,0.1202930608962344,-0.1172445255474452,0.0249579345154427,0.3231981638464543,0.0038700983694919,0.2496794871794871,0.0701262849418288,-0.1304412244051323,0.0,2.3463144144645343,4.572327044025157,0.2738298054623228,0.0306079488043112,Netherlands,EUR
ENX.PA,Financial Services,Financial Data & Stock Exchanges,14502211584.0,16137052160.0,1096707968.0,670436992.0,1050007872.0,46.676,99740109.0,3412800000.0,2074800000.0,327630224000.0,1887191040.0,1121276032.0,0.0017,0.15467,0.54841,1.0,1.003,0.69096,1887191040.0,0.149,0.161,,16137052160.0,4537736000.0,1338000000.0,0.0679621009541311,0.0462299827937746,0.072403292830071,0.31289958595049,0.0057601249877361,1.5661544403564176,0.0874301619054385,0.0968910686488238,0.0862088563186781,0.0619927969111872,0.0767541299154866,0.1738733596633154,-0.0052340513871151,1.2200148435504026,22.55237310254825,0.3285501734646038,0.1183213887213537,France,EUR
TYL,Technology,Software - Application,12298764288.0,12470333440.0,454520000.0,315731008.0,544489280.0,83.828,41140555.0,47960000.0,346353984.0,5638908000.0,1113053056.0,704646976.0,0.04676,0.08930001,0.17035,0.46754003,1.001,1.348,2380677888.0,0.086,0.022,,12470333440.0,3702789000.0,-298393984.0,0.0364481031872071,0.0256717667406685,0.0442718688845238,0.3010700029118242,0.1973880503104501,1.7245353361048403,0.080249519176704,0.2328115170500477,0.0789381363712083,0.2406676367260603,0.04097764901524,0.0885891257071649,0.0,-0.6565035289976239,79.14174174174174,14.692388990825688,0.1017939400993391,United States,USD
7012.T,Industrials,Specialty Industrial Machinery,2298164281344.0,3189303410688.0,224778993664.0,108157001728.0,,1050.575,835848060.0,861188980736.0,132365000704.0,3016951000000.0,454918012928.0,140070993920.0,,0.1538692469615814,0.07436,0.19683,1.155,0.90796,2311267024896.0,,,,3189303410688.0,702915000000.0,728823980032.0,0.0704790246392739,0.0470623456321182,0.0,0.3058593355166607,0.1507873389153486,0.0,0.1236519730715302,-0.2659545935074049,0.1115323931839353,-0.3060783698261747,,0.1256540615243178,0.0,3.2424025401655068,3.754893922312186,0.1626483815437243,0.125290685744771,Japan,JPY
DAL,Industrials,Airlines,51160154112.0,66314620928.0,7775000064.0,4476000256.0,3093374976.0,31.183,656994340.0,21398999040.0,5053000192.0,81317000000.0,12970999808.0,8396000256.0,0.04341,0.2499,0.03179,0.19900998,0.418,1.05021,65178001408.0,0.129,,,66314620928.0,20853000000.0,16345998848.0,0.117244130407404,0.0874899681928464,0.0604645359204347,0.4076023687174306,0.1595115388910068,0.6911025020280964,0.0779919788422049,,0.0718054075339094,0.6748983739837399,0.0321500072343952,0.0788754444621344,0.0077879027340516,2.102379255748904,10.108983799705449,0.3923548124987439,0.1278378932076807,United States,USD
STMN.SW,Healthcare,Medical Instruments & Supplies,14857625600.0,14963432448.0,750572992.0,356705984.0,343688000.0,13.55,159450805.0,418932000.0,489568992.0,3758162000.0,1826311040.0,503964992.0,0.1108,0.17014,0.23764,0.70097,2.214,19.352,2605392896.0,0.022,-0.253,,14963432448.0,2160510000.0,-70636992.0,0.0501604825369008,0.0240082765310764,0.0231320945387128,0.1454142174641956,0.4859585723020987,0.9635050024840626,0.0393124052273543,0.0848256849231974,0.044547639337831,0.0640664322511483,-0.0702669190606131,0.0384540246924769,0.0,-0.0941107563859691,30.82533752785424,1.2029756428250886,0.1560208097187211,Switzerland,CHF
6504.T,Industrials,Electrical Equipment & Parts,1963970789376.0,2012342779904.0,197061001216.0,98030002176.0,-1792999936.0,5428.617,147611486.0,84545003520.0,70930997248.0,1312175000000.0,344000987136.0,123562000384.0,0.0622,0.1289,0.16527,0.28022,1.916,10.03,1227595055104.0,,,,2012342779904.0,691766000000.0,13614006272.0,0.0979261600875974,0.049914185438138,0.0,0.3522282529567511,0.2621609062327814,-0.0182903182311564,0.0726613430823364,0.0994884691070434,0.070743656865625,-0.0029010055705986,,0.0322544356634103,0.0,0.0690852385200133,41.07826086956522,1.4614938226925511,0.1555519473515088,Japan,JPY
TRMB,Technology,Scientific & Technical Instruments,11640424448.0,12974142464.0,866899968.0,456200000.0,370112512.0,24.33,233111519.0,1412800000.0,234100000.0,9312000000.0,2635200000.0,505300000.0,0.046529997,0.08252,0.15874,0.71480006,1.014,0.25062,3686599936.0,0.118,0.556,,12974142464.0,5836200000.0,1178700000.0,0.0668175157167751,0.0391910107778228,0.0317954481516858,0.5013734701918663,0.2829896907216495,0.8112944147303814,-0.0081357181772141,0.0122067117452562,-0.0103732638888888,-0.0042229537972528,0.1179925654468466,-0.0185807784323851,-0.0398698128559804,1.359672446083191,7.846774193548387,0.357658550396376,0.0747637220500473,United States,USD
URW.PA,Real Estate,REIT - Retail,14493517824.0,38993661952.0,2284400128.0,1268199936.0,1573374976.0,110.891,144357751.0,23487100928.0,2680499968.0,49684000000.0,2463600128.0,2046499968.0,0.02744,0.070539996,0.62315,0.69456,1.27,1.08251,3547000064.0,-0.038,6.383,,38993661952.0,17702300000.0,20806600960.0,0.05858388296057,0.0875011816592912,0.108557149141158,1.2213942960546498,0.0495853821753482,1.2406363786474754,0.0060226468500894,-0.0906361804162506,0.0115967784931296,-0.1020628772182686,0.0179577095797237,-0.0721179704774995,0.0051088642944368,9.108124581579432,3.254977675877881,0.0871329319984433,0.0579401953392661,France,EUR
UU.L,Utilities,Utilities - Regulated Water,9731518464.0,18636009472.0,1600199936.0,586800000.0,-513475008.0,2.921,742864028.0,11490599936.0,1794300032.0,16769500000.0,2578200064.0,1381900032.0,0.039389998,0.27671,0.41137,0.98544,2.55,5.12653,2616300032.0,0.229,1.149,,18636009472.0,1999900000.0,9696299904.0,0.0858660186025473,0.0602989145189171,0.0,0.2055074968411425,0.1537434070186946,-0.875042617586912,0.0481938917762596,,0.0511647083075654,-1.019385912101144,,0.0713008036592689,0.0,6.059430253595511,1.9535320977706152,0.1202635232013006,0.0463437324769332,United Kingdom,GBP
CCH.L,Consumer Defensive,Beverages - Non-Alcoholic,16626872320.0,17776326656.0,1700300032.0,940400000.0,645862528.0,9.143953,364464550.0,3912999936.0,2671500032.0,11599300000.0,4270899968.0,1513500032.0,0.07558,0.25959,0.11692,0.36804,1.192,0.99274,11604500480.0,0.073,0.07,,17776326656.0,3844600000.0,1241499904.0,0.0956496842628677,0.0565590438117949,0.0388444991679589,0.231228094256515,0.3682032508858293,0.686795542322416,0.0805330303596703,0.0227714866693038,0.0746378287211946,0.0197844343053626,0.0259594240410678,0.0887578963177112,0.0,0.7301651947507579,11.214397496087637,0.3867876454777432,0.1923629286625058,United Kingdom,GBP
RO.SW,Healthcare,Drug Manufacturers - General,264940683264.0,284342812672.0,24043999232.0,12880000000.0,11027874816.0,42.485,106691000.0,33197000704.0,15486000128.0,100703000000.0,47194001408.0,18851999744.0,0.12937,0.37273997,0.2999,0.7449,1.383,0.87637,63355998208.0,-0.004,1.713,,284342812672.0,33802000000.0,17711000576.0,0.0845598979839017,0.0486146553308527,0.0416239389139465,0.1275832748053949,0.4686454366602782,0.8562014608695652,-0.0126075068395786,-0.0044978498069802,-0.008602969770561,0.0234982499290511,0.0371688380464811,-0.010785748666516,0.0,0.73660793302757,13.609955423476968,0.5678826202431134,0.2519738108992875,Switzerland,CHF
NESTE.HE,Energy,Oil & Gas Refining & Marketing,22510682112.0,25422397440.0,1826000000.0,717000000.0,1188375040.0,10.019,768282661.0,5207000064.0,1642000000.0,15749000000.0,3144999936.0,2446000128.0,0.043,0.095869996,0.13306,0.16413,1.586,0.6765000000000001,19161999360.0,0.029,,,25422397440.0,7314000000.0,3565000064.0,0.0718264280270806,0.031851544810265,0.052791605073864,0.324912411077097,0.1996952146802971,1.6574268340306837,-0.0956096416250333,,-0.1013309169168035,0.4378915202444614,-0.0431523196285037,0.0107823631345869,0.0,1.9523549090909087,2.3178807947019866,0.4697522753861829,0.0276373973468098,Finland,EUR
GLPI,Real Estate,REIT - Specialty,13838220288.0,22216318976.0,1558936960.0,891000000.0,486100384.0,16.365,283221841.0,8378096128.0,274512992.0,12909609000.0,1604569984.0,1147154048.0,0.06159,0.19092,0.79372,0.99078006,31.134,1.6633699999999998,1619501952.0,0.063,0.364,,22216318976.0,4626452000.0,8103583136.0,0.0701708037989596,0.0643868923500692,0.0351273772120486,0.334324205260115,0.1242926864787307,0.5455672098765432,0.06730333823819,-0.0271909437683988,0.0639874114870181,-0.0153103810911083,0.0051634871016584,-0.0127210652167578,0.0313923219188522,5.198146778173763,3.280364607990243,0.1369229990291178,0.0974877431498356,United States,USD
5713.T,Basic Materials,Other Industrial Metals & Mining,2092702105600.0,2886403096576.0,237593001984.0,176290004992.0,-81336123392.0,7668.96,270549733.0,663815979008.0,116767997952.0,3068622000000.0,274502991872.0,101810003968.0,0.03352,0.08695,0.13155,0.15762,1.58,0.28962,1741586038784.0,0.225,,,2886403096576.0,1845737000000.0,547047981056.0,0.0823145603834215,0.0842403725404843,0.0,0.8819874529971897,0.0894548080121957,-0.461376828457694,0.081644401260847,-0.3560049516211118,0.0716799841141543,-0.2382978723404255,-0.1680278411466871,0.0135111836851168,0.0,2.302458306801643,2.7390557464258007,0.1533708244265886,0.0192706629702216,Japan,JPY
TELIA.ST,Communication Services,Telecom Services,199829798912.0,280494243840.0,26318000128.0,4639000064.0,21657374720.0,12.988,3932109286.0,89617997824.0,10220000256.0,189251000000.0,40492998656.0,27790999552.0,0.03244,0.09139,0.15554,0.50043,0.739,1.53159,80915996672.0,-0.003,2.263,,280494243840.0,51068000000.0,79397997568.0,0.0938272378345573,0.0232147562038177,0.1083791048077737,0.2555574808063989,0.213964516203349,4.668543742447338,-0.0182398377423533,0.1596836791568843,-0.0254576182428411,0.1255970129207295,0.0273368438408255,-0.0735343071982454,0.0,3.016870475789976,3.0199225235196456,0.3101051153427741,0.0701319230695086,Sweden,SEK
8830.T,Real Estate,Real Estate Services,3203101360128.0,7140169220096.0,375496998912.0,212535001088.0,-76556124160.0,2675.04,923616325.0,3975919960064.0,59171999744.0,6722422000000.0,384098009088.0,127287001088.0,0.026889998,0.091630004,0.21812001,0.36312,1.313,1.60922,1057764999168.0,0.204,-0.149,,7140169220096.0,2168104000000.0,3916747960320.0,0.0525893697106175,0.066352880284596,0.0,0.6768764882024713,0.0571368487559989,-0.3602047840030922,0.0258691276728388,0.8695602430052745,0.026127706852547,0.5134466985904723,0.0244043453039224,0.0065932058475171,0.0,10.430836921916155,14.424187460169616,0.0320144777476735,0.0495990209621642,Japan,JPY
DKS,Consumer Cyclical,Specialty Retail,19259154432.0,26031558656.0,2217054976.0,904772992.0,-537311360.0,63.266,65931904.0,7789426176.0,998227968.0,17411499000.0,6446064128.0,1635814016.0,0.07396,0.20903999,0.105950005,0.33565,1.501,1.3899199999999998,19204947968.0,0.627,0.093,,26031558656.0,5540120000.0,6791198208.0,0.0851679688219127,0.046978853365269,0.0,0.2876616426521212,0.3702187920752831,-0.5938631731394564,0.1165235173717091,-0.1048014638736272,0.107117046451557,-0.1501452338697348,-0.0172147349405006,0.6647871139551458,0.0650833321803454,3.063161843759349,18.770303284938457,0.2100044315254063,0.0944738074839161,United States,USD
ARX.TO,Energy,Oil & Gas E&P,18378620928.0,21801732096.0,3564600064.0,1454700032.0,890950016.0,15.227,565496000.0,3755200000.0,4100000.0,15310300000.0,3628600064.0,3131300096.0,0.08748,0.17412001,0.41276002,0.5673,0.866,0.4361,6396299776.0,0.196,0.494,,21801732096.0,8264000000.0,3751100000.0,0.1635007736222024,0.079151751249396,0.0484775228506198,0.4496528892116012,0.2370038512635284,0.6124630483269282,-0.1244036560052436,-0.2061344635067834,-0.1469550453975049,-0.3115746281415626,-0.0541671198482799,0.1687519561516676,-0.032267912201972,1.0523200170149578,11.799074686054198,0.8338570771197273,0.129186325874895,Canada,CAD
PLS.AX,Basic Materials,Other Industrial Metals & Mining,19132737536.0,18315110400.0,186048992.0,-93575000.0,-93887376.0,1.109,3220999525.0,720011008.0,954393024.0,4667395000.0,154048992.0,285508992.0,0.00093000004,-0.02773,0.17954001,0.15923999,5.783,0.20169,967376000.0,0.466,,,18315110400.0,3531404000.0,-234382016.0,0.0101582238892756,0.0,0.0,0.1845739007998902,0.0330053470940428,,-0.085046509309185,,-0.1636397322273186,,-0.3378324888851136,0.0831120068596703,0.0691788375068652,-1.2597865405258415,-1.9431621542475308,0.3965342040992795,-0.0333227037540828,Australia,AUD
RIVN,Consumer Cyclical,Auto Manufacturers,20136282112.0,19032766464.0,-3032999936.0,-3516999936.0,-1302749952.0,3.494,1338953907.0,5232999936.0,4830000128.0,14864000000.0,57000000.0,-1294000000.0,-0.16018999,-0.65691,-0.63794,0.01031,2.101,1.18153,5528000000.0,0.114,,,19032766464.0,4566000000.0,402999808.0,0.0,0.0,0.0,0.2267548683815341,0.003834768568353,,0.4811105761447851,,0.2850750805520092,0.3359420125714933,1.9103257115205865,-0.0354315379623621,0.0963748894783377,,-12.211678832116789,-0.2472768996418348,-0.2995255572464417,United States,USD
5016.T,Technology,Semiconductor Equipment & Materials,3094186819584.0,3528727199744.0,105155002368.0,104645001216.0,,784.438,926125921.0,341844000768.0,66305998848.0,1283002000000.0,201650995200.0,107544002560.0,,0.1700723410255535,-0.23812,0.22795,1.772,0.4078,884638023680.0,0.364,0.129,,3528727199744.0,615297000000.0,275538001920.0,0.0297996972890476,0.0338198716876665,0.0,0.1988558015002869,0.1571712243628615,0.0,,,-0.3583545731780662,1.20430598031405,,-0.0323443853058367,0.0,2.6203033209559385,15.4944032366824,0.3145996487239427,0.1143106448560657,Japan,JPY
WSO,Industrials,Industrial Distribution,15577201664.0,15619772416.0,735894976.0,462335008.0,523716128.0,67.936,35534537.0,486227008.0,592678976.0,4414805000.0,2028396032.0,728352000.0,0.095,0.18595,0.06846,0.28012,3.342,15.124,7241213952.0,0.001,-0.031,,15619772416.0,2781376000.0,-106451968.0,0.0471130408562285,0.0296802351264725,0.0336206809988436,0.1785542782326529,0.4594531427775405,1.132763297041958,-0.0016088716694803,-0.0007768928297371,0.0031192575343562,0.036360778054931,0.0013756412299296,-0.0144475204167943,0.0045658914175719,-0.1446564679359898,140.76869918699188,1.4979669743067832,0.1873330262427229,United States,USD
IAG.AX,Financial Services,Insurance - Property & Casualty,18516588544.0,20993810432.0,1994000000.0,1086000000.0,-396624992.0,3.09,2337952897.0,3259000064.0,1374000000.0,26309000000.0,2988999936.0,1059000000.0,0.045939997,0.15743,0.09438,0.16372,16.096,0.41707,18257000448.0,0.103,-0.327,,20993810432.0,7329000000.0,1885000064.0,0.0949803755949243,0.0586501124340153,0.0,0.395807250487015,0.1136113092857957,-0.3652163830570902,0.1883486152132805,,0.1806448905951706,,,0.02701331147285,-0.0021097046413502,0.9453360401203612,3.0289672544080606,0.3249462961655223,,Australia,AUD
SOON.SW,Healthcare,Medical Devices,11916563456.0,13082715136.0,841500032.0,537100032.0,346062496.0,44.002,59404602.0,1711699968.0,722000000.0,5628800000.0,2658299904.0,707500032.0,0.07626,0.20524,0.19545999,0.73721004,1.753,0.6493800000000001,3605900032.0,,,,13082715136.0,2613900000.0,989699968.0,0.0643215130232734,0.0450717217244011,0.0290404609749933,0.2193501515475839,0.472267606594656,0.6443166549653082,-0.0119567167028713,0.0011634066546806,-0.0112862638078455,0.0063661728298031,0.0317194846639189,-0.0498632726781675,0.0,1.176113999244625,23.358885017421603,0.413331801849984,0.1509807895862892,Switzerland,CHF
CPU.AX,Financial Services,Capital Markets,21342484480.0,21710663680.0,1038011008.0,597641984.0,687027904.0,5.517026,578387070.0,1870899968.0,1116999936.0,5335428000.0,896097984.0,806353024.0,0.11033,0.28701,0.26792,0.28106,2.779,0.83262,3188313088.0,0.046,-0.01,,21710663680.0,2152305000.0,753900032.0,0.0478111136213777,0.0280024560664457,0.0321906245097103,0.1008460379585573,0.1679524086914864,1.1495643251194347,0.0615919153216417,0.2642320779074818,0.0582615138000629,0.230281321340416,0.155462007951967,0.0423569326023288,0.0,0.7262929065199277,8.05366541185706,0.430997401139514,0.2054611868945533,Australia,AUD
0823.HK,Real Estate,REIT - Retail,94705336320.0,149814165504.0,9678000128.0,-7397000192.0,4301250048.0,57.753,2598939023.0,56299999232.0,3664000000.0,229177000000.0,10417000448.0,8461000192.0,0.026700001,-0.04977,0.68413,0.73749,0.431,0.37606,14124999680.0,-0.003,,,149814165504.0,163470000000.0,52635999232.0,0.0646000336179264,0.0,0.0454171878284292,1.726090697230101,0.0454539523948738,,0.0702521681201624,0.1027286349684466,0.0713209520305207,0.0967298743233404,,-0.0916992319094461,0.0179682204556623,5.438726858425601,-3.172705882352941,0.1502841972898448,-0.0312872702297586,Hong Kong,HKD
ENLT.TA,Utilities,Utilities - Renewable,37848862720.0,41678684160.0,424508000.0,61719000.0,-1842522112.0,15.705,139715262.0,5370435072.0,978761024.0,8629902000.0,389569984.0,319593984.0,0.02201,0.04802,0.54848,0.72773004,0.774,2.20403,535324992.0,0.426,-0.787,,41678684160.0,1688141000.0,4391674048.0,0.010185254370564,0.0016306698686453,0.0,0.0446021591847714,0.0451418780885344,-29.85340190216951,0.4470269172670793,,0.3647388789387418,-0.3737947715724369,0.1995843719810734,0.5558105134683701,0.1144275224522518,10.345326938479367,2.6275278842941017,0.05950988694869,0.0471774453315148,Israel,ILS
LULU,Consumer Cyclical,Apparel Retail,13298867200.0,14126246912.0,2565969920.0,1459659008.0,1133960960.0,42.592,108437957.0,2136007936.0,1514728960.0,8456743000.0,6239823872.0,1935870976.0,0.16045,0.32027,0.11205,0.55695,2.226,0.44264,11203543040.0,0.043,-0.35,,14126246912.0,4961840000.0,621278976.0,0.1816455521402682,0.1097581460171284,0.0852674850381241,0.3731024549218748,0.7378518978287504,0.7768670311251216,0.110346940789624,0.4114114503107413,0.1009128595506675,0.1537358666381075,0.0121148008763113,0.1122475632923212,-0.0394617629904582,0.2421224703990294,,0.9063032694650064,0.3365123123913965,United States,USD
9532.T,Utilities,Utilities - Regulated Gas,2162761007104.0,2900957593600.0,309949005824.0,152750997504.0,-8629250048.0,4704.994,381304821.0,794218987520.0,58980999168.0,3200525000000.0,437516992512.0,340740014080.0,0.0335,0.08501001,0.06942,0.21549,1.841,0.42838,2030302003200.0,-0.053,-0.707,,2900957593600.0,1688793000000.0,735237988352.0,0.1068436872389309,0.0706277748684483,0.0,0.7808504936295957,0.13670163254841,-0.0564922664270917,0.0914918938616664,,0.0619399967723839,0.6133074696717778,,0.0739559085904728,-0.0141659638737182,2.372125654661703,13.34346464909992,0.4290252681366667,0.073307438170521,Japan,JPY
EN.PA,Industrials,Engineering & Construction,19158366208.0,29104814080.0,4668000256.0,1200000000.0,2713999872.0,33.821,386257412.0,15125000192.0,6659999744.0,64119000000.0,31896999936.0,5376000000.0,0.022550002,0.09117,0.0032,0.56477,0.939,1.01941,56477999104.0,-0.032,,,29104814080.0,13036000000.0,8465000448.0,0.1603858469313403,0.062635821184946,0.1416613422321319,0.68043380413913,0.4974656488092453,2.26166656,0.0860698514401854,1.2881456043689732,0.0713348657285418,0.3808478337031414,-0.0031826474288818,0.0164066958341259,0.0167982663251549,1.8134104506784328,5.022964509394572,0.3554380120169191,0.0775853729321853,France,EUR
ALA.TO,Energy,Oil & Gas Midstream,17447360512.0,28811706368.0,1667000064.0,502000000.0,-263250000.0,28.741,311559998.0,10604000256.0,163000000.0,26770000000.0,3377999872.0,1182000000.0,0.02623,0.054920003,0.07179,0.26586,0.878,1.07502,12705999872.0,0.0,-0.641,,28811706368.0,8915000000.0,10441000256.0,0.0578584288867899,0.028772260403213,0.0,0.5109655408259842,0.1261860243556219,-0.524402390438247,-0.0338333297567984,,-0.035951528609989,0.0247349823321554,0.0808587619070527,0.0259849762379273,0.0444815988345255,6.263347243638738,3.212903225806452,0.1114673681124437,0.0643660333462582,Canada,CAD
9104.T,Industrials,Marine Shipping,1961906405376.0,4279871209472.0,291729997824.0,213259993088.0,-337280860160.0,8365.221,343471008.0,2480198909952.0,209824006144.0,4984449000000.0,327591985152.0,450963013632.0,0.014099999,0.07566,0.05046,0.17949,1.021,0.84675,1825098039296.0,0.05,-0.417,,4279871209472.0,2686669000000.0,2270374903808.0,0.0681632655623743,0.1087003908563765,0.0,1.369417517898923,0.065722808108178,-1.5815477402778673,0.1183606529115137,,0.0976602771566903,,,0.2091872974963538,0.0012554815229674,7.782452681392442,25.290964695782808,0.1818253414363155,0.1056627399151197,Japan,JPY
7733.T,Healthcare,Medical Devices,1848686411776.0,2036825849856.0,206791999488.0,68172001280.0,1487250048.0,737.479,1062158216.0,239576006656.0,188038004736.0,1432826000000.0,654089977856.0,100584996864.0,0.05874,0.08719,0.16857,0.64718,1.617,0.29503,1010676006912.0,0.085,-0.387,,2036825849856.0,751733000000.0,51538001920.0,0.1015265981147184,0.0368759140791803,0.0008044901712515,0.4066308894853744,0.456503425995899,0.0218161418188602,0.0996025981805706,0.0507811125639527,0.088374377308284,0.0024874884413668,0.010036763555549,-0.0660858705684206,-0.0625689062892571,0.2492262855797316,24.25244847244555,0.4198458696593394,0.1646816514717632,Japan,JPY
TFII.TO,Industrials,Trucking,17945321472.0,20603260928.0,960883968.0,297828992.0,576690368.0,45.32043,82186031.0,3180718080.0,185814000.0,7509235000.0,1565496960.0,905745984.0,0.04602,0.11257,0.044239998,0.19894,1.074,1.19569,7869386752.0,-0.008,-0.201,,20603260928.0,2677627000.0,2994904080.0,0.0466374702217235,0.0165964701420758,0.0321359730947036,0.149210311120806,0.2084762242758416,1.936313735366636,-0.0364040559079826,0.0417068159856404,-0.0233976722296524,0.038820700652243,-0.0461363294237013,0.0479231563814136,-0.0267438313068159,3.1168217805045115,3.7792175737381215,0.2847614787664551,0.0869593065392305,Canada,CAD
TIH.TO,Industrials,Industrial Distribution,16978535424.0,16417608704.0,1014721024.0,514848000.0,556972864.0,40.399,81533495.0,845280000.0,1161606016.0,5470319000.0,1395966976.0,730008000.0,0.083620004,0.16271,0.11647,0.26135,3.166,0.25188,5341286912.0,0.127,0.242,,16417608704.0,3290495000.0,-316326016.0,0.0618068710428439,0.0303234635463455,0.0328045293714021,0.1938032296559998,0.2551893182097789,1.0818200012430854,0.0812959756315208,0.5129698292554317,0.0772365777489382,0.3828358308334658,-0.0176602592076119,0.1236167174558364,0.0018312785835927,-0.3117369291837989,20.252465037434664,0.8636286201022146,0.1645272088585006,Canada,CAD
SN.L,Healthcare,Medical Devices,9783002112.0,12631484416.0,1336000000.0,625000000.0,876625024.0,4.6680117,848850481.0,3327000064.0,557000000.0,10457000000.0,4207000064.0,1284999936.0,0.05268,0.11844,0.13987,0.68251,2.572,0.62904,6163999744.0,0.074,0.704,,12631484416.0,5289000000.0,2770000064.0,0.1057674582021191,0.0638863196434726,0.0896069543851694,0.540631591350923,0.4023142453858659,1.4026000384,0.057311053331404,0.9785588385016633,0.0546749934031137,0.6062893081761006,-0.024620115065176,0.0099478462429978,2.3537542978062088e-05,2.073353341317365,5.351955307262569,0.3862338176378225,0.1081020085759422,United Kingdom,GBP
TW,Financial Services,Capital Markets,21829855232.0,20402663424.0,,869110976.0,,30.634,116035961.0,142826000.0,1937300992.0,8189557000.0,2019389952.0,1211267968.0,0.12593001,0.14236,0.46445,0.93554,5.932,1.954,2158537984.0,0.212,0.391,,20402663424.0,6507755000.0,-1794474992.0,0.0,0.0398129518846275,0.0,0.2981126045426264,0.2465810973658282,0.0,0.1996524051734807,0.2295328306901041,0.188960852148753,0.2044453303587058,0.0369042478550438,0.1267975904764905,-0.0022303336755534,,606.3446676970634,8.480724573957122,0.1542567518416794,United States,USD
KNIN.SW,Industrials,Integrated Freight & Logistics,23187904512.0,25829150720.0,1423000064.0,836000000.0,377624992.0,20.751,118760074.0,3622000128.0,749000000.0,11927000000.0,8673000448.0,1696000000.0,0.060300004,0.32276002,0.06122,0.36519,1.034,1.4488,23748999168.0,-0.115,-0.159,,25829150720.0,2180000000.0,2873000128.0,0.0550927933878268,0.0360532793969097,0.0162854298371193,0.0940145323986402,0.7271736772029849,0.4517045358851674,-0.1467255211600531,-0.2814867470830503,-0.1557449455676516,-0.3896468311562651,0.0775672440253599,0.017228144989339,0.0,2.0189739977411554,25.6,0.468249569316415,0.2169491525423728,Switzerland,CHF
8697.T,Financial Services,Financial Data & Stock Exchanges,2129866522624.0,2086538444800.0,132865998848.0,79138996224.0,86977372160.0,335.641,1027927899.0,52493000704.0,110470995968.0,85396761000000.0,198735003648.0,107748999168.0,0.00091,0.22972,0.58671004,1.0,1.003,14.679,198735003648.0,0.454,0.73,,2086538444800.0,340823000000.0,-57977995264.0,0.0636777142444339,0.0371567867673231,0.0408370060922145,0.1600208258966882,0.0023271960355498,1.09904568303866,0.0657131004991218,0.1794673738515766,0.0735765663976274,0.1566531076636169,0.0088297802436407,0.0584281173690588,0.0,-0.4363644255617827,522.8323699421966,2.0526355461289043,0.236507687480389,Japan,JPY
FPH.NZ,Healthcare,Medical Instruments & Supplies,22775066624.0,22399455232.0,759400000.0,468500000.0,399412512.0,3.604,587289009.0,146100000.0,461100000.0,2853600000.0,1470099968.0,663200000.0,0.14719,0.23391001,0.28715,0.63685,2.315,6.906,2308400128.0,0.14,0.143,,22399455232.0,2115400000.0,-315000000.0,0.0339026102257664,0.0205707411413805,0.0175372708494782,0.0928822749423189,0.5151738043173535,0.8525347107790822,0.1326581018108306,,0.0969864751852813,,0.0414180949593351,0.1187078563587894,0.006395253380072,-0.4148011588095865,62.310679611650485,4.539356605065024,0.2724339926988708,New Zealand,NZD
1113.HK,Real Estate,Real Estate - Development,159379914752.0,177222008832.0,12856999936.0,10846999552.0,10004374528.0,113.276,3499778333.0,56609001472.0,41466998784.0,509498000000.0,25557999616.0,18670000128.0,0.01317,0.02747,0.15988,0.44115,4.456,13.852,57934999552.0,0.384,-0.101,,177222008832.0,404371000000.0,15142002688.0,0.0725474224151694,0.0680575062979438,0.0627706103593235,2.5371515641052613,0.0501631009660489,0.9223172251496374,0.0093431037468927,0.579191436067046,0.0059271280089641,0.599787034137175,-0.0858378872451994,0.0153792192211343,0.0,1.1777244118670267,8.475603492552645,0.3298062082447183,0.0350788434312729,Hong Kong,HKD
CNA.L,Utilities,Utilities - Independent Power Producers,8550737408.0,7311307264.0,5357000192.0,-72000000.0,3528250112.0,0.682,4528992164.0,2856000000.0,4309000192.0,15415000000.0,7578999808.0,695000000.0,0.18672001,-0.01228,0.20121999,0.38883,1.452,0.8169299999999999,19491999744.0,-0.0,29.889,,7311307264.0,3085000000.0,-1453000192.0,0.7327007330655116,0.0,0.4126252443092216,0.3607875967648941,0.4916639512163477,,-0.0636192759751912,-0.46923475965921,-0.0861211553055667,-0.3863958431743032,0.0591011675497011,-0.1771205893343297,-0.0903725863494122,-0.2712339256903278,1.4609053497942386,0.2433473389355742,0.04339322821171,United Kingdom,GBP
BG.VI,Financial Services,Banks - Regional,12069986304.0,17214334976.0,,845000000.0,,57.758,76976955.0,18905999360.0,13600000000.0,72297000000.0,2059000064.0,,0.01234,0.19031,0.60801,0.0,,3.909429148056245,2059000064.0,0.084,0.183,,17214334976.0,4836000000.0,5305999360.0,0.0,0.0700083644436254,0.0,0.4006632549696719,0.0284797441664246,0.0,0.1912069154772153,,0.1689000686027898,-0.5752283287934626,,0.0134004289258631,-0.0203562340966921,,,0.0,,Austria,EUR
MKC,Consumer Defensive,Packaged Foods,13302361088.0,18674444288.0,1357400064.0,1643299968.0,372775008.0,25.976,253986983.0,4923400192.0,177700000.0,13200400000.0,2714200064.0,897600000.0,0.048779998,0.25347,0.14344,0.38181,0.758,0.65158,7108700160.0,0.167,5.283,,18674444288.0,5736500000.0,4745700192.0,0.072687574691165,0.1235344580656747,0.0280232212562834,0.4312392335504161,0.205614986212539,0.2268453814026971,0.0250752386456352,0.2387575544995921,0.0230412353678221,0.1056321128604152,0.0207992123929208,0.0099538648692072,0.0014925373134328,3.4961691235046235,5.653414882772681,0.1823130285972901,0.1094079816930027,United States,USD
AVY,Consumer Cyclical,Packaging & Containers,11930205184.0,15426254848.0,1443000064.0,689800000.0,809049984.0,30.008,76490385.0,3790099968.0,301700000.0,8801700000.0,2589600000.0,1034200000.0,0.082650006,0.30857,0.12604,0.28755,1.15,1.64751,9005700096.0,0.07,0.043,,15426254848.0,2242100000.0,3488399968.0,0.0935418271134736,0.0578196258455901,0.0678152614747183,0.1879347392119421,0.2942158901121374,1.1728761728037111,-0.0068242757687662,0.0092228535708378,-0.0018277985309069,0.0330726948981961,0.0215668950792987,0.0472977796815877,0.0,2.417463488068148,7.83234859675037,0.27286879204554,0.17249231469885,United States,USD
DSCT.TA,Financial Services,Banks - Regional,35995488256.0,1368945408.0,,3891000064.0,,27.746,1223503978.0,52194000896.0,88587001856.0,478146000000.0,12608000000.0,1664000000.0,0.00857,0.11217,0.48691002,0.0,,1.5437901415599398,12608000000.0,-0.08,-0.097,,1368945408.0,33809000000.0,-36393000960.0,0.0,0.1080968824850269,0.0,0.9392566023705612,0.0263685150560707,0.0,0.0161538096689,,0.0141579331260317,0.8697277795998688,,0.0801678041110651,-0.0076696928976211,,,0.0318810585782766,,Israel,ILS
GGG,Industrials,Specialty Industrial Machinery,12231024640.0,11534400512.0,720825024.0,516244000.0,517184256.0,16.53,165968177.0,52890000.0,712171008.0,3274270000.0,1176091008.0,678422976.0,0.12011,0.19779,0.25507,0.52306,3.556,1.929,2248463872.0,0.022,-0.028,,11534400512.0,2653931000.0,-659281008.0,0.0624934970179055,0.0422077475268662,0.0422846221982592,0.2169835380202455,0.3591918222993217,1.0018213402964489,0.0142704781364073,0.5354185454116354,0.0090670012488135,0.3194430086445058,0.031218944055416,0.0430228987401934,-0.0250516525891586,-0.9146200340569752,222.63843760801936,12.827055700510494,0.2294588296653127,United States,USD
SMIN.L,Industrials,Specialty Industrial Machinery,7456719360.0,8918967296.0,533000000.0,247000000.0,-778750016.0,5.13,300069175.0,1228000000.0,345000000.0,4232000000.0,1075000064.0,374000000.0,0.06539,0.12528,0.1847,0.36992002,3.037,0.73095,2905999872.0,-0.01,-0.174,,8918967296.0,2230000000.0,883000000.0,0.059760281915042,0.0331244865302266,0.0,0.2990591294024508,0.2540170283553875,-3.152834072874494,0.0490886926910967,-0.0739084235174064,0.0588486140724946,-0.0822202948829141,,-0.0340104998858708,-0.0120388205093806,1.6566604127579738,5.541666666666667,0.3045602605863192,0.1214611872146118,United Kingdom,GBP
WN.TO,Consumer Defensive,Grocery Stores,39559413760.0,66516484096.0,6833999872.0,1000000000.0,4889999872.0,10.763,377043624.0,20039999488.0,1238000000.0,52167000000.0,20809000960.0,6848000000.0,0.06949,0.19379999,0.07849,0.31967,1.114,1.63632,65095999488.0,0.042,0.308,,66516484096.0,5280000000.0,18801999488.0,0.1027414477009461,0.0252784332464283,0.1236115353393952,0.1334701275411418,0.3988920382617363,4.889999872,0.0418322178797156,0.0811858538767142,0.0379240924092409,0.0731121687859629,-0.0046934649128193,0.0142118360681234,-0.0272423293049619,2.7512437577054727,4.152972027972028,0.3417165755967508,0.1252669602130408,Canada,CAD
9502.T,Utilities,Utilities - Diversified,2085263900672.0,4753923244032.0,402346999808.0,227794993152.0,-110088626176.0,4154.465,755393538.0,2934952951808.0,336685989888.0,7124812000000.0,741230968832.0,334428012544.0,0.01946,0.077360004,0.062750004,0.20903,1.013,0.91352,3546041024512.0,-0.037,-0.278,,4753923244032.0,2786523000000.0,2598266961920.0,0.084634727814148,0.1092403666886433,0.0,1.3362927345080933,0.1040351617463029,-0.4832793936894896,0.1069484361386747,,0.0720309481688029,,,0.0022782209253923,0.0,6.457776404844308,12.295360241418331,0.1139466349325921,0.0499772052630287,Japan,JPY
SGRO.L,Real Estate,REIT - Industrial,9883643904.0,14921808896.0,516000000.0,551000000.0,207124992.0,9.077,1352812069.0,5176000000.0,111000000.0,18181000000.0,572000000.0,396000000.0,0.01745,0.04531,0.67733,0.78788,0.278,0.42174,726000000.0,0.078,-0.186,,14921808896.0,12273000000.0,5065000000.0,0.0345802579028016,0.0557486697570119,0.0209563389790049,1.2417485007764195,0.0314614157637093,0.3759074264972776,0.0276301419832669,0.216219509260702,0.0137637460092231,0.1229085222830336,0.1077592064139149,0.0345396608626379,0.0004676890297109,9.815891472868216,7.666666666666667,0.0765069551777434,0.037808959079434,United Kingdom,GBP
9766.T,Communication Services,Electronic Gaming & Multimedia,2607428927488.0,2361085657088.0,178857000960.0,100012998656.0,66391248896.0,4164.589,135556483.0,55449001984.0,327564001280.0,665040000000.0,243178995712.0,135664001024.0,0.12791,0.19115,0.29821,0.49258998,3.585,9.822,493676986368.0,0.27,1.216,,2361085657088.0,481852000000.0,-272114999296.0,0.0757520170532863,0.038356941430558,0.0254623426917187,0.1847996679488467,0.3656607056898833,0.6638262004757622,0.1207050058807286,-0.1335255762438366,0.1181387331193995,0.0088016663540607,0.0216411444284075,0.0976974498638276,0.0,-1.5214109474912667,210.27162977867204,2.4466445953913887,0.1904502429263421,Japan,JPY
MDLN,Healthcare,Medical Instruments & Supplies,64847523840.0,49344450560.0,3044000000.0,966000000.0,,13.324,845606187.0,12636999680.0,2268000000.0,38484000000.0,7535000064.0,1474000000.0,,0.060500003,0.05427,0.25858,4.409,0.6531100000000001,29140000768.0,0.107,,,49344450560.0,10737000000.0,10368999680.0,0.0616888011813744,0.014896482437532,0.0,0.165573014422134,0.1957956570003118,0.0,,,,,,,0.0,3.40637308804205,2.5369458128078817,0.1166416109302299,0.0572317608490303,United States,USD
FOXA,Communication Services,Entertainment,29005459456.0,32736669696.0,3548999936.0,1711000064.0,1406499968.0,26.068,199481198.0,7574000128.0,3600999936.0,23195000000.0,5968999936.0,2616000000.0,0.08713,0.152,0.21357,0.36843,2.896,0.67867,16200999936.0,-0.086,-0.493,,32736669696.0,11962000000.0,3973000192.0,0.1084105368370333,0.0589888971279876,0.0484908701457943,0.4124051204272708,0.2573399411942229,0.8220338488543738,0.0526620230787713,0.2381074622807049,0.0408673753950682,0.2290889717634523,,0.0556617513198616,-0.0324570087214693,1.1194703476038608,8.595533498759306,0.3453921251372865,0.1706572076066607,United States,USD
IOT,Technology,Software - Infrastructure,18541834240.0,18284357632.0,-1292000.0,57512000.0,242680256.0,2.446,372784485.0,69020000.0,804318976.0,2540674000.0,1320413952.0,265011008.0,-0.0032300001,0.043649998,0.01503,0.76298,1.621,4.578,1730594944.0,0.305,,,18284357632.0,1420447000.0,-735298976.0,0.0,0.0031017427540113,0.0130882550700658,0.0766076851736541,0.5197101052712784,4.219645569620253,0.3536700499391501,,0.2880443199774595,0.975292653074034,0.0472795929589765,0.2550864446115253,0.0265084815331868,,-26288.0,3.8396263112141407,-0.0323816421907373,United States,USD
CRCL,Financial Services,Capital Markets,21963276288.0,18119030784.0,-133386000.0,-14255000.0,-141372752.0,13.839,229857799.0,14762000.0,1517264000.0,78713207000.0,232032000.0,506612000.0,-0.00126,-0.029760001,0.06483,0.081070006,1.033,0.431,2862202112.0,0.2,-0.809,,18119030784.0,3329327000.0,-1502502000.0,0.0,0.0,0.0,0.1515860819826335,0.0029478153520031,,0.5265762499508291,,0.3701534878268664,0.7803223265909833,-0.23677933030259,0.7173387574387617,0.1096920660798616,,-82.9257748776509,34.318656008670914,-0.0300362324406791,United States,USD
LISP.SW,Consumer Defensive,Confectioners,21386799104.0,3214594816.0,1161699968.0,727200000.0,249037504.0,21552.818,972728.0,1764999936.0,668800000.0,9098700000.0,3735899904.0,520400000.0,0.0671,0.14836,0.20129,0.62784,1.834,0.3560799999999999,5950400000.0,0.075,0.194,,3214594816.0,4956200000.0,1096199936.0,0.3613830154325739,0.0340022832058113,0.0116444495872887,0.2317410836422471,0.4105971077186851,0.3424608140814081,0.059773866952058,-0.287990883543011,0.0576014696808732,-0.1198369565217391,-0.0367847137525473,-0.0063558627919929,-2.5771756731797624e-05,0.9436170837529024,18.72552783109405,0.2948442033257955,0.1329372649479479,Switzerland,CHF
4307.T,Technology,Information Technology Services,2642260525056.0,2779155005440.0,108445999104.0,15256999936.0,-21191000064.0,755.4,574404509.0,236696993792.0,132620001280.0,928501000000.0,300151996416.0,147641008128.0,0.03785,0.03604,-0.28653,0.36842,1.835,0.5404,814708031488.0,0.08,,,2779155005440.0,434040000000.0,104076992512.0,0.0390212128836731,0.0057742224096833,0.0,0.1642684345029909,0.3232651299417017,-1.3889362360157251,0.0773443721525137,0.1347307340247301,0.0718570866343834,0.143054111725119,0.006682275121015,0.0062073771122475,0.0007654999391,0.959712606937116,24.119248664483887,0.6237553158691196,0.2031351820486808,Japan,JPY
SY1.DE,Basic Materials,Specialty Chemicals,11634624512.0,13224314880.0,735827968.0,249332992.0,229320496.0,26.612,139772054.0,2630163968.0,1009803008.0,7903801000.0,1854722944.0,772294976.0,0.04695,0.06534,0.08786,0.37627,2.523,0.70286,4929283072.0,-0.024,,,13224314880.0,3719628000.0,1620360960.0,0.0556420483538879,0.0214302568804723,0.0197101759290536,0.3197033128283221,0.2346621510334078,0.9197358687293176,0.0219469546312334,0.7215400432548091,0.0249163396659106,0.3511321265742789,0.0077297803197219,-0.0505611728363325,0.0,2.202092106398435,6.047937824096966,0.2936299734146461,0.0723557345551308,Germany,EUR
SIG.AX,Healthcare,Medical Distribution,31052560384.0,33581651968.0,933198016.0,599808000.0,,0.426,11543702836.0,2002530944.0,160535008.0,8287802000.0,1770780032.0,487535008.0,,0.1284237215447724,0.09761,0.18549,1.667,0.40946,9546700800.0,1.805,0.065,,33581651968.0,4670539000.0,1841995936.0,0.0277889252407608,0.0193158951333705,0.0,0.1504075329777482,0.2136609962448427,0.0,0.1792109310032268,,0.1900785822824999,,0.1704687830111307,3.5274507843744587,6.047920631063283,1.97385324916936,23.451141442203166,0.2434594129298009,0.117937043285304,Australia,AUD
MZTF.TA,Financial Services,Banks - Regional,52304343040.0,2675975424.0,,5577999872.0,,135.58,260091229.0,48846000128.0,100009000960.0,551173000000.0,14369000448.0,14554000384.0,0.011030001,0.16473,0.6153,0.0,,1.405033802042284,14369000448.0,0.003,-0.045,,2675975424.0,34765000000.0,-51163000832.0,0.0,0.106645061342883,0.0,0.6646675587419825,0.0260698554682468,0.0,0.0311120076388555,0.6305627112873411,0.0262664427651833,0.514613309352518,,0.1349345095059539,0.0055566402338764,,,0.2979568510392155,,Israel,ILS
1801.T,Industrials,Engineering & Construction,2154980573184.0,2435904438272.0,209501995008.0,170004004864.0,,5816.073,163009119.0,466057003008.0,278336012288.0,2428837000000.0,330056007680.0,147286999040.0,,0.1962668668510762,0.09766,0.15799,1.187,0.4708,2089090940928.0,,,,2435904438272.0,866188000000.0,187720990720.0,0.0860058349237288,0.0788888804750651,0.0,0.4019470109283634,0.1358905548952029,0.0,0.1175985323542201,,0.1100750901065797,-0.8333927510398098,,-0.059916993111659,-0.0088151510552163,0.8960343824546001,53.08942139099941,0.3160278637363846,0.159934783737839,Japan,JPY
ORSTED.CO,Utilities,Utilities - Renewable,208925949952.0,234110664704.0,22421999616.0,-540000000.0,-20923750400.0,91.854,1321062000.0,98263998464.0,78736998400.0,367922000000.0,35325001728.0,29643999232.0,0.025899999,0.00727,0.25311002,0.44069,2.164,0.6516299999999999,80158998528.0,0.334,-0.849,,234110664704.0,140673000000.0,19527000064.0,0.0957752165812243,0.0,0.0,0.6733151149118581,0.0960122029343176,,-0.1623765937926127,,-0.1923208572562861,-0.2067376051298731,0.1198216764702383,0.2313896902799997,0.7468042185824327,0.870885754991532,2.455164034021871,0.3016771116113332,0.0335900044551723,Denmark,DKK
7453.T,Consumer Cyclical,Department Stores,1974681206784.0,978460803072.0,37640998912.0,-6934000128.0,-7559249920.0,688.473,530828292.0,109609000960.0,92307996672.0,562749000000.0,190923997184.0,12366000128.0,0.03271,-0.04765,0.03749,0.47534,4.006,0.59899,401653989376.0,-0.033,,,978460803072.0,332091000000.0,17301004288.0,0.0384696032726312,0.0,0.0,0.168174487537079,0.3392702558049859,,0.165049361386762,0.7869844034284883,0.1498701408817899,0.3167327590136287,0.0412575797770726,0.1044017183755895,0.0,0.4596319116941505,24.845986984815617,0.1128192029823606,0.160547586786899,Japan,JPY
LYC.AX,Basic Materials,Other Industrial Metals & Mining,16999834624.0,16161636352.0,128260000.0,82350000.0,-305244992.0,3.343,1006503000.0,212770000.0,1030838976.0,2944218000.0,222802000.0,128969000.0,0.01402,0.02884,0.19524999,0.31122,9.254,6.324,715889984.0,0.627,12.166,,16161636352.0,2352705000.0,-818068976.0,0.0079360775856169,0.0048441647710937,0.0,0.1383957580786404,0.0756744235651028,-3.706678712811172,-0.1530316308420234,,-0.2045352452708867,,-0.3429519033293779,0.0496616482246737,0.0007799143698955,-6.378208139716201,1.8417458945548832,0.6061427832871176,0.0076311329021833,Australia,AUD
ITRK.L,Industrials,Specialty Business Services,8572763648.0,9752167424.0,749699968.0,343500000.0,362312512.0,7.055,153496203.0,1648199936.0,329200000.0,3761500000.0,1952899968.0,536500000.0,0.09939,0.28238,0.18546,0.56909,1.082,1.46182,3431600128.0,0.02,-0.057,,9752167424.0,1082900000.0,1318999936.0,0.0768752150578336,0.0400687589328486,0.0422632101941275,0.1263186580738916,0.5191811692144092,1.054767138282387,0.0243234473839946,-0.0402382020688244,0.0233950728286279,-0.0256936348799253,,0.0450643180618453,-0.0196457754552618,1.7593704045616283,11.11065573770492,0.325506625914588,0.2017713605239654,United Kingdom,GBP
AGN.AS,Financial Services,Insurance - Diversified,11065635840.0,15893135360.0,,924000000.0,-204500000.0,4.98,1504328323.0,5406000128.0,603000000.0,317233000000.0,5361999872.0,434000000.0,0.0014399999,0.10421,0.00271,0.43976003,7.997,0.56935,12193000448.0,-0.137,-0.467,,15893135360.0,9410000000.0,4803000128.0,0.0,0.0835017538404734,0.0,0.8503804151935656,0.0169024025621546,-0.2213203463203463,,-0.4714837421069485,0.658404668377194,-0.6033651659845384,,-0.0310241607868291,-0.0482213049357628,,175.16666666666666,0.0802811671705532,,Netherlands,EUR
FNF,Financial Services,Insurance - Specialty,12787674112.0,15260899328.0,2412000000.0,762000000.0,2113124992.0,27.395,269157540.0,4776999936.0,3792999936.0,109014000000.0,8173000192.0,5587999744.0,0.0127799995,0.1047,0.19252001,0.54618,0.953,0.5478799999999999,14963999744.0,0.167,2.0,,15260899328.0,7424000000.0,984000000.0,0.158050973809556,0.0595886314685589,0.1652470162667842,0.5805590551477451,0.0749720237033775,2.773129910761155,0.0727160336591805,0.1044355974431727,0.0783737195617285,0.0823113516344433,,0.1430398859203959,0.0041348107391769,0.4079601990049751,6.7727272727272725,1.1697717854020084,,United States,USD
SGE.L,Technology,Software - Application,7346137088.0,9377465344.0,626000000.0,385000000.0,632249984.0,0.238,900968874.0,2022000000.0,518000000.0,3713000000.0,2438000128.0,530000000.0,0.09533,0.75564003,0.22304001,0.92559,0.624,9.19091,2633999872.0,0.097,0.143,,9377465344.0,720000000.0,1504000000.0,0.066755778564464,0.0524084965183813,0.0860656391823653,0.0980106947876222,0.6566119385941287,1.6422077506493509,0.0887851253174234,0.2626189618803014,0.0822638146167557,0.2095989480604865,-0.0019430548206337,0.0203352569387194,-0.0449924514525002,2.402555910543131,9.8,0.2621167161226508,0.2285835453774385,United Kingdom,GBP
BN4.SI,Industrials,Conglomerates,19209560064.0,28559927296.0,897347008.0,1058654976.0,-732015744.0,5.807,1813933961.0,11664520192.0,2410851072.0,27087817000.0,1718791040.0,661548032.0,0.01739,0.08948,0.12727,0.28728,1.343,1.04276,5982986752.0,,,,28559927296.0,10864113000.0,9253669120.0,0.0314197931493221,0.05511083921094,0.0,0.5655576163016911,0.0634525491662912,-0.6914582754485631,-0.0331490608063309,,-0.0487875406398426,0.4745813978145659,0.0734303907569458,-0.0206280171263987,0.0,10.31225271550691,4.130295922950247,0.0567145515727013,0.0815664084968757,Singapore,SGD
TEN.MI,Energy,Oil & Gas Equipment & Services,27492489216.0,24246249472.0,2826875904.0,1966583040.0,1296321664.0,14.554285,1009639756.0,473516992.0,3417488896.0,20072313000.0,4711634944.0,2396225024.0,0.06993,0.11625,0.18964,0.38749,4.145,2.73,12159403008.0,0.061,0.137,,24246249472.0,16599191000.0,-2943971904.0,0.1165902341830033,0.0715316472273268,0.0471518476852059,0.6037718472701864,0.2347330347030758,0.6591746382598723,0.0061576979285324,0.3706431872001796,-0.0132119621772145,0.0931589642344799,-0.0535227637261205,-0.0184748014987683,-0.0780580609580022,-1.0414224055022403,53.71120533526516,5.06048370910415,0.1422114136931349,Italy,EUR
CARL-B.CO,Consumer Defensive,Beverages - Brewers,112716341248.0,176599908352.0,17474000896.0,5954999808.0,5606000128.0,210.362,98472822.0,70623002624.0,9585000448.0,153955000000.0,40235999232.0,12430999552.0,0.05863,0.22771,0.13182001,0.45161,0.603,2.30222,89094995968.0,,,,176599908352.0,27804000000.0,61038002176.0,0.0989468287898016,0.0528317344412176,0.04973546928449,0.2466723076011247,0.2613490905264525,0.9413938385806242,0.0823592354200497,-0.0851199204180068,0.0752263310343036,-0.1000543921675278,-0.0047644705118026,0.3505772334900695,-0.0119174591416989,3.493075371764019,4.102502571134727,0.1760191310214207,0.1135292052860761,Denmark,DKK
METSO.HE,Industrials,Farm & Heavy Construction Machinery,11991083008.0,13356392448.0,860600000.0,482000000.0,554124992.0,3.381,828113459.0,1552000000.0,416000000.0,7215000000.0,1716999936.0,641000000.0,0.0626,0.1757,0.13179,0.32519,1.52,0.55153,5280000000.0,0.033,0.07,,13356392448.0,2663000000.0,1136000000.0,0.0644335664252563,0.04019653601584,0.0462114215730396,0.2220816917223695,0.2379764291060291,1.1496369128630706,0.0177902809746726,2.6400559814773423,0.0086492776107825,0.8096069868995633,0.0532166280123489,0.0285103349964362,0.0,1.3200092958401115,8.395348837209303,0.4130154639175257,0.1614490161001789,Finland,EUR
CHKP,Technology,Software - Infrastructure,12747568128.0,12364442624.0,873299968.0,1057600000.0,730287488.0,26.88,104027807.0,1973500032.0,2768800000.0,7806400000.0,2416000000.0,1223600000.0,0.07789,0.38024,0.27693,0.87663,1.853,0.70124,2756000000.0,0.048,0.058,,12364442624.0,2882100000.0,-795299968.0,0.0706299502983564,0.082964843912227,0.0572883769411614,0.2260901821477207,0.3094896495183439,0.6905138880484115,0.053653118158399,0.0290032728165019,0.0532855007473841,0.0277515302441408,-0.0021017716999069,0.3565731166912851,0.0,-0.9106836106056058,473.55,0.6200151913653478,0.1613540726101845,Israel,USD
IAG.TO,Financial Services,Insurance - Diversified,15758715904.0,18461870080.0,1646000000.0,1004000000.0,1449750016.0,78.886,89274392.0,3932999936.0,2422000128.0,122808000000.0,4346999808.0,1868999936.0,0.00738,0.13362001,0.09621,0.46098,1.941,0.48502,9429999616.0,0.134,-0.247,,18461870080.0,8266000000.0,1510999808.0,0.0891567318406782,0.0637107747938496,0.0919967099370078,0.5245351239501601,0.0353967152628493,1.4439741195219125,,0.8624312734737056,0.4959444444444444,0.4734617191169563,,0.1178489181784254,-0.0184106058296264,0.917982872417983,20.246376811594203,0.4752097549995994,,Canada,CAD
7832.T,Consumer Cyclical,Leisure,2350606188544.0,1924338941952.0,239076999168.0,140651003904.0,105411878912.0,1342.104,641365963.0,12124999680.0,433262002176.0,1102636000000.0,531171999744.0,164719001600.0,0.103310004,0.17034,0.09284,0.39396998,2.662,1.408,1348246044672.0,0.21,41.949,,1924338941952.0,792853000000.0,-421137002496.0,0.1242385080694186,0.0598360561583994,0.0448445509187116,0.3372972486263659,0.4817292377031042,0.7494569962966483,0.1176501395578808,0.1534801583886331,0.1071041039231547,0.1617848061701175,,0.1345882750005659,-0.009009009009009,-1.761511998065803,471.9002557544757,13.585072655441092,0.2239156631623401,Japan,JPY
0006.HK,Utilities,Utilities - Independent Power Producers,118809108480.0,120012333056.0,420000000.0,6236000256.0,-26625000.0,42.572,2131105154.0,3320000000.0,2543000064.0,98325000000.0,771000000.0,884000000.0,0.0027200002,0.070149995,0.52029,1.0,0.598,3.659,771000000.0,-0.099,0.026,,120012333056.0,90725000000.0,776999936.0,0.0034996403228326,0.0524875603880972,0.0,0.7636199039004858,0.0078413424866514,-0.0042695636476894,0.0458546240025392,,0.0430343148444038,-0.2963512310886977,-0.0246127498575173,0.0451545011001626,0.0,1.849999847619048,29.30701754385965,0.2662650602409638,0.0716368626441957,Hong Kong,HKD
HEN3.DE,Consumer Defensive,Household & Personal Products,27700242432.0,28584998912.0,3236000000.0,2035000064.0,1473750016.0,50.38,151445961.0,3708000000.0,3139000064.0,32533000000.0,10421000192.0,2535000064.0,0.05092,0.09707,0.11959,0.50847,1.196,18.017,20494999552.0,-0.063,-0.033,,28584998912.0,20494000000.0,568999936.0,0.1132062313510015,0.0734650633111108,0.0532035060565927,0.7398491204656328,0.3203209108290044,0.724201459288013,-0.0291487572267438,0.4122252075514125,-0.0262070890315378,0.1786565405263847,0.0902398241635344,-0.077025646845211,0.0,0.1758343436341161,24.52586206896552,0.683656975188781,0.1179763632593821,Germany,EUR
RKT,Financial Services,Mortgage Finance,35848876032.0,64471048192.0,1923000064.0,239000000.0,-4300042240.0,8.215,980550267.0,31676999680.0,2687000064.0,60685000000.0,8910999552.0,-1274000000.0,0.022349998,0.01729,0.28154,1.0,2.483,1.36362,8910999552.0,1.671,,,64471048192.0,22898000000.0,28989999616.0,0.0298273429380758,0.00666687568633,0.0,0.638736901529644,0.1468402332042514,-17.991808535564854,0.0324788994511355,,0.0585248356753447,-1.0492892625898582,,1.4759281925744594,18.29872162425512,15.0754023147032,,-0.0402184554367492,,United States,USD
SOL.AX,Financial Services,Capital Markets,16693669888.0,15660791808.0,1741250048.0,2340199936.0,1102024960.0,35.178,379919682.0,1280999936.0,2163000064.0,11181400000.0,2172600064.0,-482600000.0,0.080369994,0.20663999,0.67159,0.76562,4.826,9.589,2837700096.0,1.762,5.404,,15660791808.0,9405600000.0,-882000128.0,0.1111853135746634,0.1401848695763547,0.0660145412838296,0.5634231456056932,0.1943048333840127,0.4709106017170663,-0.378480266901794,,-0.5434642857923246,,-0.3495097649240583,0.0753724381353568,0.0190929545437123,-0.5065327228637067,8.252475247524753,-0.3767369431000502,0.0498778237670174,Australia,AUD
AKZA.AS,Basic Materials,Specialty Chemicals,9801786368.0,13068915712.0,1072000000.0,622000000.0,689875008.0,28.494,171300000.0,6110000128.0,3032999936.0,13952000000.0,3979000064.0,941000000.0,0.03288,0.13149999,0.07754,0.40066,1.716,1.20894,9930999808.0,-0.087,-0.129,,13068915712.0,4659000000.0,3077000192.0,0.0820266978243405,0.0634578205081729,0.0703825794706404,0.4753215204944976,0.2851920917431192,1.109123807073955,-0.0216080529203614,,-0.0190736852039732,0.3109663409337676,0.036901921065204,-0.020843567969682,0.0016658641159516,2.870336,5.729857819905213,0.1540098167408745,0.1240636223704463,Netherlands,EUR
FORTUM.HE,Utilities,Utilities - Renewable,18573375488.0,19960922112.0,1284000000.0,823000000.0,1305374976.0,9.132,897264465.0,4009999872.0,2523000064.0,16444000000.0,2159000064.0,742000000.0,0.03642,0.09157,0.26104,0.40438,2.078,0.48465,5338999808.0,0.213,0.16,,19960922112.0,8539000000.0,1486999808.0,0.0643256855968638,0.0443107393446995,0.0702820538379458,0.4597441108923323,0.1312940929214303,1.5861178323207776,-0.1374393219455715,,-0.1466487299200759,0.9681021276595744,0.0428999626293873,-0.0498642167908938,0.0,1.15809953894081,5.97872340425532,0.1850374123902216,0.0794009607233681,Finland,EUR
SVT.L,Utilities,Utilities - Regulated Water,8811117568.0,18991861760.0,1308000000.0,371000000.0,-1170000000.0,6.114,301750578.0,10983999488.0,796000000.0,15909700000.0,917000000.0,1264999936.0,0.03226,0.20542999,0.28778,0.32391,1.389,5.96632,2831000064.0,0.153,0.629,,18991861760.0,1770800000.0,10187999488.0,0.0688716049289524,0.0421058960043149,0.0,0.2009733710092744,0.0576377932959138,-3.1536388140161726,0.0768587629728712,,0.0731768338724037,-0.960072705240836,,0.1201095489203517,0.0030086334836852,7.788990434250764,1.837081589958159,0.1151675159291485,0.0485661744372545,United Kingdom,GBP
KEY.TO,Energy,Oil & Gas Midstream,13713959936.0,17333481472.0,913120000.0,180030000.0,407283360.0,11.009,229292074.0,6287875072.0,2491796992.0,13052947000.0,1129458048.0,931235968.0,0.03237,0.06711,-0.02947,0.17663999,1.605,2.49097,6394278912.0,-0.261,,,17333481472.0,2764646000.0,3796078080.0,0.0526795497762539,0.0131274993393709,0.0296984504767915,0.2015935596211442,0.0865289691285807,2.262308281953008,-0.0098318290355986,1.5579193812471668,-0.0075898473514852,0.4709950627186856,0.0168436077988514,0.4907668132237366,0.000564883677274,4.157260907657263,3.3522658685209223,0.1481002655645636,0.0807930722007758,Canada,CAD
CG,Financial Services,Asset Management,15788478464.0,29712472064.0,,546499968.0,,15.016,359974427.0,14617100288.0,2754200064.0,29116000000.0,2851800064.0,-4165799936.0,0.02389,0.09364,-2.3387802,0.8778,1.994,1.98209,3248800000.0,-0.941,,,29712472064.0,5761500000.0,11862900224.0,0.0,0.0346138463719666,0.0,0.3649180010054197,0.0979461486467921,0.0,-0.0143210835539044,,0.0584997034112137,-0.5927440755655353,,0.260241954682191,0.0005330339437278,,,-0.2849949616491268,,United States,USD
9531.T,Utilities,Utilities - Regulated Gas,2132214939648.0,3201977810944.0,457899999232.0,226856992768.0,136686002176.0,5155.727,333419056.0,1209668993024.0,187102003200.0,3855093000000.0,507256012800.0,451837001728.0,0.031240001,0.12762,0.0696,0.17894,1.471,0.6733199999999999,2834748932096.0,,,,3201977810944.0,1725444000000.0,1022566989824.0,0.1430053630187409,0.1063949926199518,0.0641051704658654,0.8092261093925398,0.1315807459897854,0.602520559354257,0.0695962483098471,,0.0304785594341924,0.0986103152420936,,-0.0109079722742769,-0.0288631231976951,2.233166611790941,4.403704415817471,0.3735211899566607,0.0423504235442985,Japan,JPY
8795.T,Financial Services,Insurance - Life,2234255147008.0,2063332278272.0,455517995008.0,138968006656.0,46875500544.0,3359.531,479865829.0,231980007424.0,422809993216.0,16619009000000.0,799638028288.0,150220996608.0,0.01592,0.09573,0.63365,0.27382,9.974,14.341,2920281014272.0,0.102,3.45,,2063332278272.0,1301107000000.0,-190829985792.0,0.2207681233918791,0.0621988078855267,0.0209803703962697,0.5823448596470174,0.0481158670946023,0.3373114551469039,0.1116352987065758,,0.0984656952346504,0.1919602204912945,,-0.0341777904598738,0.0,-0.4189296315036875,71.20183104452768,0.6475600991486931,,Japan,JPY
7735.T,Technology,Semiconductor Equipment & Materials,2456250744832.0,2233195036672.0,137098002432.0,92003000320.0,39553875968.0,2573.233,189087830.0,6090999808.0,227369992192.0,671287000000.0,233175007232.0,92706996224.0,0.10989001,0.20278999,0.24991,0.38494,2.282,1.252,605748002816.0,0.091,0.269,,2233195036672.0,420639000000.0,-221278992384.0,0.0613909668348131,0.0374566808838943,0.0161033542895496,0.1712524671534585,0.3473551658709315,0.4299194138280902,0.149310400143996,-0.1392154469811622,0.1366617337798894,-0.1325603079139361,0.0500744397914464,-0.0081574094868854,0.0,-1.6140205433974386,1030.674074074074,15.22032492961786,0.3224110444800771,Japan,JPY
PNR,Industrials,Specialty Industrial Machinery,11533787136.0,13552535552.0,1100499968.0,655400000.0,574212480.0,23.577,161605541.0,2081600000.0,67700000.0,6868800000.0,1732300032.0,786300032.0,0.08878,0.1761,0.22687,0.41222998,1.877,0.54634,4202299904.0,0.026,0.13,,13552535552.0,3869200000.0,2013900000.0,0.0812025147454857,0.0568243537245735,0.0497852503457195,0.3354665691655782,0.2521983508036338,0.8761252364967959,0.0043641249863981,0.3894596719051755,0.0034188448963002,0.2748805098247477,0.0736963752119606,0.0655084154192197,-0.0095953405537819,1.829986423043676,11.90057636887608,0.3777382936202921,0.1397580167526863,United States,USD
1802.T,Industrials,Engineering & Construction,2103509778432.0,2107599355904.0,228253007872.0,173759004672.0,91972124672.0,1830.645,687421514.0,356477992960.0,440675991552.0,3042778000000.0,364692013056.0,252920004608.0,0.03878,0.14071,0.06523,0.14101,1.244,0.27078,2586257915904.0,,,,2107599355904.0,1158244000000.0,-84197998592.0,0.1082999988743576,0.0826043246642397,0.0437231742942302,0.550624490494824,0.1198549526307867,0.5293085376819072,0.1086343117982833,0.4483496847099737,0.1099374324660939,-0.1710735216670773,0.0334080034143054,0.0078367258252244,0.0,-0.3688801272630618,45.664550264550265,0.7094968261796174,0.1357507770129984,Japan,JPY
7532.T,Consumer Defensive,Discount Stores,2594269298688.0,2786518106112.0,222790991872.0,108606996480.0,76515246080.0,229.512,2989478375.0,398730985472.0,179333005312.0,1511026000000.0,750746009600.0,154877001728.0,,0.178678418452376,0.07061,0.0,1.263,0.55753,2385084940288.0,0.102,0.38,,2786518106112.0,607835000000.0,219397980160.0,0.0799531829286614,0.0418641952610416,0.0294939488813655,0.2342991147092556,0.4968451963103216,0.7045148890945557,0.0705341228042599,0.2158264631184256,0.0692846198558847,0.1296366329091408,0.0222818671575887,0.0084195914335862,0.0005114730748951,0.984770426831488,22.382164610338904,0.3884247960931942,0.1340083951028255,Japan,JPY
TOST,Technology,Software - Infrastructure,13960599552.0,12341000192.0,420000000.0,412000000.0,588124992.0,3.431,516000000.0,17000000.0,1770000000.0,3145000000.0,1699000064.0,714000000.0,0.08064,0.22495002,0.06748,0.26357,2.436,0.854,6446000128.0,0.219,1.23,,12341000192.0,2124000000.0,-1753000000.0,0.0340328979390392,0.0295116265218693,0.0421274881361198,0.1521424629428408,0.5402225958664547,1.4274878446601942,0.3109568735823114,,0.2566152803659156,0.8709030100334448,0.0717871501179819,0.306063122923588,0.0297202797202797,-4.173809523809524,25.33333333333333,42.0,0.1397058823529411,United States,USD
ASRNL.AS,Financial Services,Insurance - Diversified,13405964288.0,-54935433216.0,6451999744.0,476000000.0,990000000.0,49.428,204558568.0,24227000320.0,92259000320.0,142151000000.0,8904999936.0,-569000000.0,0.028099999,0.05647,0.34942,0.52002996,5.013,2.39303,17123999744.0,0.095,-0.594,,,10111000000.0,-68032000000.0,,0.0355065842168533,0.0738477276779092,0.7542165399508485,0.062644652067168,2.0798319327731094,0.8567205195847858,,0.2949426614965761,-0.1748510919920582,,0.025753705387424,-0.010473878067759,-10.544327758733402,1.1227946365561043,-0.0234861927801386,,Netherlands,EUR
CLX,Consumer Defensive,Household & Personal Products,11830944768.0,15462908928.0,1274000000.0,756000000.0,62750000.0,-0.554,120921351.0,4486000128.0,1192000000.0,5561000000.0,2964000000.0,576000000.0,0.110369995,5.46099,0.17006001,0.43846,0.84,48.76087,6760000000.0,0.001,0.027,,15462908928.0,321000000.0,3294000128.0,0.0823907070740784,0.0639002222413215,0.0053038874942366,0.0271322372215135,0.5329976622909549,0.0830026455026455,-0.0001407261487761,0.1246316243232625,-0.004251908130903,0.0341085271317829,0.0941827552013812,-0.033037732568249,0.0,2.585557400313972,13.25,0.1283994613385798,0.3201537616694124,United States,USD
CHTR,Communication Services,Telecom Services,21253419008.0,117936037888.0,21974999040.0,4933000192.0,2403624960.0,133.228,141178369.0,96822001664.0,517000000.0,154213000000.0,30239000576.0,16145000448.0,0.054130003,0.27504998,0.23879999,0.55346,0.401,4.59525,54635999232.0,-0.01,0.089,,117936037888.0,16054000000.0,96305001664.0,0.1863298058297408,0.2321038412757575,0.1130935666913286,0.7553608195442396,0.1960859368276345,0.4872541792919517,0.0046187194908937,-0.0731623609838157,0.0050053092160667,-0.0863431837528882,0.0191002914379521,0.0279496067191041,-0.1325477050451142,4.382480358187993,2.479174930583102,0.1667492942774284,0.0887109937760366,United States,USD
CICT.SI,,,,,,,,,,,,,,,,,,,,,,,,,,,0.0,,,,,,,,,,,,,,,,,,Singapore,SGD
FGR.PA,Industrials,Engineering & Construction,12196100096.0,23027087360.0,3803000064.0,1022000000.0,2236375040.0,78.89,98000000.0,15774999552.0,5870000128.0,40934000000.0,21927999488.0,3468999936.0,0.03976,0.17296,0.11594,0.83954,0.954,1.77447,26119000064.0,0.096,0.07,,23027087360.0,7501000000.0,9904999424.0,0.165153325930666,0.0837972787985881,0.18336804571926,0.6150326695383659,0.5356915886060487,2.188233894324853,0.0776160903679603,0.0608498112337789,0.0744745516030991,0.0608750792644261,0.0119670794255065,0.015656402749175,0.0,2.6045225499107434,6.36,0.2199049150248749,0.1144466085189262,France,EUR
AKRBP.OL,Energy,Oil & Gas E&P,224077561856.0,227205120000.0,9068099584.0,574000000.0,-2700312576.0,173.37538,631738272.0,9788099584.0,2161900032.0,44806000000.0,9675799552.0,6861799936.0,0.09207,0.04749,0.68179,0.89553,1.246,0.84625,10804500480.0,-0.047,1.398,,227205120000.0,11226200000.0,7626199552.0,0.0399115107265188,0.0025616130202669,0.0,0.050099616878259,0.2159487468642592,-4.70437731010453,-0.0603622074569161,,-0.0641783645197388,-0.7023120452708165,-0.139590949364648,0.0619322208238826,0.0,0.840992038227709,153.55298013245033,0.7010349534261543,0.1134499318659434,Norway,NOK
ALLE,Industrials,Security & Protection Services,11298846720.0,13031303168.0,1010600000.0,633699968.0,494362496.0,24.451,85935861.0,2224399872.0,308900000.0,5223700000.0,1870300032.0,780600000.0,0.11034001,0.34179002,0.18876,0.4497,1.908,1.05863,4159000064.0,0.097,-0.07,,13031303168.0,2067600000.0,1915499872.0,0.0775517219553033,0.0560853672683507,0.0437533589268834,0.1829921275363579,0.3580412412657694,0.7801207526650845,0.0752317046617618,0.201330639886418,0.0679465120375011,0.171905526255446,0.0478017631776847,0.1639778956281474,-0.0021766570891451,1.8954085414605184,8.607920792079208,0.3509261126229736,0.1945706420786428,United States,USD
NWSA,Communication Services,Entertainment,14580994048.0,16213639168.0,1252000000.0,447000000.0,1744000000.0,15.601,363052977.0,2928999936.0,2176999936.0,15504000000.0,5031000064.0,997000000.0,0.04113,0.06524,0.10114,0.5717,1.702,0.31559,8800000000.0,0.088,-0.104,,16213639168.0,8774000000.0,752000000.0,0.0772189381438194,0.0306563460987978,0.1196077574861376,0.6017422386372543,0.3244969081527348,3.901565995525727,-0.0663495106499807,-0.12590896795592,-0.0633486225463662,-0.1238731218697829,,-0.0707264444977223,-0.0054945544400107,0.6006389776357828,11.24705882352941,0.3403892187725879,0.0741315136476426,United States,USD
ADM.L,Financial Services,Insurance - Property & Casualty,10330053632.0,10626446336.0,1055800000.0,745600000.0,983237504.0,4.73,298902015.0,1893500032.0,1727000064.0,9022800000.0,2082599936.0,436500000.0,0.076630004,0.52965,0.2082,0.41483003,0.544,1.31165,5020400128.0,-0.041,-0.205,,10626446336.0,1443300000.0,166499968.0,0.0993558868709653,0.0721777472374695,0.0951822264459662,0.1397185388785404,0.2308152608946225,1.3187198283261805,0.1838500454902074,-0.0143924199121376,0.1750898394215994,-0.0091064703868538,,0.1357720097681327,0.0,0.157700291721917,40.25819672131148,0.2305254780159412,,United Kingdom,GBP
BKT.MC,Financial Services,Banks - Regional,12505358336.0,4865758208.0,,1110540032.0,,6.938,898696272.0,10182617088.0,18238898176.0,131018892000.0,2765483008.0,,0.00853,0.17694001,0.58442,0.0,,1.5881841221158783,2765483008.0,0.061,0.069,,4865758208.0,6411484000.0,-8056281088.0,0.0,0.088805134739963,0.0,0.512698942943749,0.0211075133195295,0.0,0.1141155136923339,,0.0972107329963628,0.8277657568082688,,0.0741734343021174,0.0,,,0.0,,Spain,EUR
BEAN.SW,Industrials,Building Products & Equipment,10614873088.0,10656219136.0,260891008.0,181624992.0,71690496.0,50.555,12299969.0,46638000.0,115992000.0,878803000.0,677009024.0,184856992.0,0.17721,0.30206,0.18731001,0.60403,2.453,7.5,1120813056.0,0.189,0.156,,10656219136.0,621825000.0,-69354000.0,0.0244825115428256,0.0171104252019108,0.0067537779684851,0.0585805402330213,0.7703763232487827,0.3947171323206445,0.0979106779017198,0.190021901519811,0.096204551398037,0.1421437081797935,0.0024904048707907,0.1507401611921145,0.0,-0.265835149059641,274.5220588235294,3.9636560744457303,0.3317167798254122,Switzerland,CHF
0003.HK,Utilities,Utilities - Regulated Gas,126513930240.0,192344719360.0,11763500032.0,5688200192.0,2587324928.0,3.181,18659870098.0,61059100672.0,8012899840.0,163555100000.0,20997599232.0,10533000192.0,0.03159,0.09612001,0.13036,0.38651,0.628,0.8553000000000001,54326300672.0,-0.042,0.021,,192344719360.0,59351100000.0,53046200832.0,0.0611584246822132,0.0449610582898606,0.0204509094223203,0.4691269956392116,0.1283824181086374,0.4548582751427887,-0.0376403682816656,0.6034122589586481,-0.0375535956747565,0.4188295338550527,0.0314097871451518,0.0334020772282057,0.0,4.509389270854724,5.364217252396166,0.1725050005007712,0.0844313255647073,Hong Kong,HKD
AGS.BR,Financial Services,Insurance - Diversified,13798562816.0,-3593672192.0,1264000000.0,1712000000.0,-1145374976.0,49.5,209227654.0,8928000000.0,27000000512.0,107073000000.0,2812999936.0,2897999872.0,0.0060900003,0.18818001,0.1114,0.29833,7.271,0.7761499999999999,9429000192.0,0.195,1.085,,,9441000000.0,-18072000512.0,,0.1240708922247225,0.0,0.6842016901247696,0.0262717952798558,-0.6690274392523364,0.2271534223045004,0.4420629920944201,0.1734624856345427,0.5636233611442193,,0.0875323751967904,0.0583445749055146,-14.29746875949367,8.541666666666666,0.3245967598566308,,Belgium,EUR
J36.SI,Industrials,Conglomerates,18218248192.0,52884000768.0,4752999936.0,1108999936.0,1470000000.0,98.084,294793676.0,18151000064.0,8936999936.0,86779000000.0,9418999808.0,5309000192.0,0.02562,0.060960002,0.11243,0.27527002,1.526,0.33215,34217000960.0,-0.074,,,52884000768.0,27880000000.0,9214000128.0,0.0898759524047966,0.0608730282029522,0.0806883287848447,1.5303337459329744,0.1085400823701586,1.3255185616169414,-0.000772071784012,-0.0511446284288903,-0.0046726268372983,-0.0757306226175349,0.0222778023839452,-0.0409358664058441,0.0101732283737024,1.9385651698018451,2.900398406374502,0.2924907814049138,0.0311701656985456,Hong Kong,USD
6479.T,Technology,Electronic Components,1734491111424.0,2032442933248.0,174400995328.0,99033997312.0,-34487623680.0,2238.499,401595519.0,482491006976.0,227522002944.0,1584814000000.0,293010014208.0,94849998848.0,0.03823,0.11915,0.14739001,0.17604999,1.708,0.52961,1664386990080.0,0.153,2.142,,2032442933248.0,743452000000.0,254969004032.0,0.0858085570202425,0.0570968606640446,0.0,0.4286283135747137,0.1848860586844891,-0.3482402469461981,0.106449509581874,0.7577201673492437,0.0977772485557011,0.5355936234607175,,0.1191225049819154,0.0,1.461969890438262,5.393161029568177,0.1965839725023476,0.0915625208788152,Japan,JPY
DPZ,Consumer Cyclical,Restaurants,10365064192.0,15372689408.0,1021726976.0,591864000.0,524712736.0,-116.609,33261870.0,5135773184.0,232922000.0,1716459000.0,1428877056.0,774940992.0,0.32489,-0.1517155745676522,0.19344999,0.28701,1.603,-1.3164794267934876,4978531840.0,0.035,-0.046,,15372689408.0,,4902851184.0,0.0664637753930219,0.0571018171268842,0.0506232017747642,,0.8324562695642599,0.8865427463065839,0.028760243913906,0.2005345462648018,0.0307682943178363,0.170496537059804,0.0361500252270609,-0.011832956920875,-0.0190752112621907,4.798592284598738,4.930857469434409,0.1508908131718614,0.8225048900359028,United States,USD
LISN.SW,Consumer Defensive,Confectioners,102970810368.0,22781550592.0,1161699968.0,727200000.0,249037504.0,21552.818,133905.0,1764999936.0,668800000.0,9098700000.0,3735899904.0,520400000.0,0.0671,0.14836,0.20129,0.62784,1.834,0.3560799999999999,5950400000.0,0.075,0.194,,22781550592.0,4956200000.0,1096199936.0,0.0509930157435352,0.0070621955620346,0.0024185252413764,0.0481320869699616,0.4105971077186851,0.3424608140814081,0.059773866952058,-0.287990883543011,0.0576014696808732,-0.1198369565217391,-0.0367847137525473,-0.0063558627919929,-2.5771756731797624e-05,0.9436170837529024,18.72552783109405,0.2948442033257955,0.1329372649479479,Switzerland,CHF
1928.T,Consumer Cyclical,Residential Construction,2111311839232.0,3779577511936.0,401864491008.0,257200996352.0,,3331.587,648238209.0,1873616961536.0,296158986240.0,5006637000000.0,860010971136.0,,0.04611,0.12644,0.083739996,0.20414,2.963,0.84768,4212756054016.0,0.017,0.752,,3779577511936.0,2139611000000.0,1577457975296.0,0.1063252413104115,0.1218204680013342,0.0,1.013403591190155,0.1717741811791028,0.0,0.1274911794990694,0.5383492882256777,0.1331768325695105,0.4869552383217035,0.0005577908404914,0.0411302249520051,0.0001889903352876,3.92534799812556,9.64499910675548,0.0,0.1047314842373462,Japan,JPY
PODD,Healthcare,Medical Devices,10286495744.0,10972479488.0,602000000.0,302800000.0,253375008.0,18.806,69264674.0,1014000000.0,480400000.0,3190400000.0,2059800064.0,619299968.0,0.097449996,0.22997999,0.1603,0.71008,2.487,0.7784399999999999,2900800000.0,0.339,1.59,,10972479488.0,1515300000.0,533600000.0,0.054864536375609,0.0294366524359493,0.0246318099288371,0.1473096414669551,0.6456243931795386,0.8367734742404227,0.2754148023274396,,0.2355610953341643,0.7902899153835483,0.0991563559362346,0.0332610033358163,0.0055866264005724,0.8863787375415283,6.715488215488215,0.6107494753451677,0.1589053101222961,United States,USD
EDV.L,Basic Materials,Gold,8698786816.0,8980392960.0,2730200064.0,859900032.0,1550274944.0,10.34929,241097222.0,765100032.0,1089500032.0,5606800000.0,2927000064.0,1906899968.0,0.19808,0.31136,0.54033,0.64456004,1.607,0.20108,4541100032.0,0.295,1.057,,8980392960.0,3034800000.0,-324400000.0,0.3040178838677456,0.0988528688182533,0.1782173740766381,0.3488762357548503,0.5220446714703574,1.80285485092295,0.2695798916641136,0.2416430694447193,0.2544215479474282,0.380648854961832,0.1326924007953434,0.0169405448543548,-0.0114017555634186,-0.1188191313440684,16.822143698468786,2.492353794595058,0.3129341133679528,United Kingdom,GBP
8473.T,Financial Services,Financial Conglomerates,1812076953600.0,-1732934762496.0,883399000064.0,427577016320.0,-431412740096.0,2776.99,646362398.0,7010122203136.0,11213306068992.0,32113430000000.0,1431027974144.0,1694750998528.0,0.014479999,0.20614,0.28927,0.75452006,12.869,2.90471,1896606990336.0,-0.054,0.214,,,1261408000000.0,-4203183865856.0,,0.2359596348656966,0.0,0.6961117172722703,0.0445616670079776,-1.0089708371348225,0.2365269194116497,,0.2097334937661606,0.5737900982340544,,0.1832774729543489,0.0038659801455303,-4.757967651708333,2.854937398143901,0.2417576968586721,0.0195378968240849,Japan,JPY
X.TO,Financial Services,Financial Data & Stock Exchanges,13989438464.0,15763611648.0,1015500032.0,534400000.0,533049984.0,17.623,276143685.0,2164499968.0,501800000.0,50721200000.0,1656300032.0,753800000.0,0.00959,0.11925,0.50123,0.92722,1.003,0.42565,1786300032.0,0.165,1.105,,15763611648.0,4757800000.0,1662699968.0,0.0644205182591415,0.0382002466628813,0.0381037441475392,0.3400994265955406,0.0326549851344211,0.9974737724550898,0.1548572934192258,0.1795132268924897,0.1511328217560104,0.1651085468413847,-0.0168254762789287,0.2624971064310658,0.0014043565389388,1.6373214333881971,1.4949868887860558,0.3482559534045694,0.2550358529044141,Canada,CAD
BNZL.L,Consumer Defensive,Food Distribution,8277260800.0,10691356672.0,952499968.0,459200000.0,622762496.0,8.688,321072967.0,2958299904.0,540099968.0,8572200000.0,3417700096.0,913000000.0,0.052389998,0.16469999,0.07064,0.28853,1.394,1.05926,11845399552.0,0.003,-0.049,,10691356672.0,2789000000.0,2418199936.0,0.0890906549301211,0.0554772902649146,0.0752377520833945,0.3369472180941791,0.3986957952450946,1.3561901045296167,-0.0054031184344706,-0.0239220304333392,-0.0050823458017969,-0.0208084440062634,0.0373107521278402,-0.1004281576627628,-0.0210313551214319,2.538792669019806,4.503670242800678,0.3086232057694715,0.1394698188431139,United Kingdom,GBP
CA.PA,Consumer Defensive,Grocery Stores,11799450624.0,26938261504.0,3552000000.0,977000000.0,2010249984.0,15.542,707613254.0,21071998976.0,6355999744.0,55213000000.0,15040000000.0,3948000000.0,0.0238,0.08636,0.025559999,0.17942,0.875,1.80581,83825999872.0,,,,26938261504.0,10976000000.0,14715999232.0,0.1318570613575999,0.0828004651346045,0.1703681000123146,0.9302127997107672,0.2723996160324561,2.0575741903787104,0.0037410420336196,0.0123973744338483,0.0016108502869066,0.002020202020202,-0.0056265903890462,-0.0374806059655178,0.0860593697069312,4.143017801801802,3.0405759162303663,0.1873576400841981,0.0797760912119234,France,EUR
GIL.TO,Consumer Cyclical,Apparel Manufacturing,14810773504.0,19524472832.0,944505024.0,254200992.0,-1079360000.0,25.688164,185180953.0,5088175104.0,309662016.0,10465237000.0,1327984000.0,469073984.0,0.07007,0.105629995,0.13328,0.32601002,2.346,1.4931,4073508096.0,0.638,,,19524472832.0,3562221000.0,4778513088.0,0.0483754430722444,0.0171632488965783,0.0,0.2405155273651263,0.1268947850870458,-4.24608885869336,0.0375342208763684,0.4285608410953481,0.0363476241835737,0.2910751808744888,0.0059294021888323,1.816929565166366,0.21418643779138,5.059277575637332,4.998540406140477,0.09218904114193,0.0715750899104097,Canada,CAD
OMV.VI,Energy,Oil & Gas Integrated,19087362048.0,25350260736.0,5401999872.0,1057000000.0,7993750016.0,48.889,326001057.0,8009999872.0,5216999936.0,46338000000.0,7543000064.0,4633999872.0,0.04761,0.06813,0.15763,0.32265,1.298,0.3696399999999999,23377999872.0,-0.041,9.341,,25350260736.0,16331000000.0,2792999936.0,0.213094450122503,0.0553769555657773,0.418798050558149,0.8555923002315129,0.1627821672061806,7.56267740397351,-0.2692714922726925,-0.3429201702218254,-0.3342667997688225,-0.4108254397834912,0.0029126846200999,-0.0507037059799643,0.0,0.5170307297630384,8.873385012919897,0.578526834713038,0.0972721864997309,Austria,EUR
AC.PA,Consumer Cyclical,Lodging,10668273664.0,13929513984.0,1076999936.0,385000000.0,558625024.0,14.284,236128237.0,4302000128.0,1204999936.0,11744000000.0,1263000064.0,810000000.0,0.045739997,0.09798,0.16379,0.22398001,1.048,0.91202,5639000064.0,-0.012,-0.436,,13929513984.0,4285000000.0,3097000192.0,0.0773178401800009,0.0360883130791047,0.0523632071686607,0.4016582377765295,0.1075442833787466,1.4509740883116884,0.1010982228292858,0.1529226228323132,0.0934470158343483,0.1421841541755888,0.0372307794875514,-0.0259600232230239,-0.0367730448661808,2.875580664844162,5.120253164556962,0.1882845132263092,0.0901794671719986,France,EUR
TEL2-B.ST,Communication Services,Telecom Services,126539317248.0,150093889536.0,12083000320.0,10090000384.0,6574374912.0,32.106,683778724.0,30345000960.0,5438000128.0,62880000000.0,13095000064.0,11541999616.0,0.06877,0.39046,0.24979,0.43673,1.032,1.05427,29984000000.0,0.013,6.27,,150093889536.0,22267000000.0,24907000832.0,0.080502946238207,0.0797380656339796,0.0519551950728097,0.1759690227849079,0.2082538178117048,0.6515733064217889,0.020750419824782,0.1776718901480423,0.0200251986320742,0.1450191252286712,0.0358749058405994,-0.0242388504391545,0.0014427482916825,2.061325843944031,6.764467005076142,0.3803591778169448,0.134085969572567,Sweden,SEK
MPL.AX,Financial Services,Insurance - Specialty,13659855872.0,10573100032.0,722200000.0,463400000.0,692750016.0,0.852,2754003240.0,275500000.0,3022500096.0,4700300000.0,1927200000.0,298600000.0,0.10399,0.19996001,0.09843001,0.21974,2.203,11.778,8770199552.0,0.049,-0.113,,10573100032.0,2335900000.0,-2747000096.0,0.0683054163692981,0.0339242232379536,0.0507142990739748,0.1710047325453947,0.4100163819330681,1.4949288217522658,0.0641182440177019,,0.0626498908717422,,,0.0031800913475903,0.0,-3.803655630019385,67.25454545454545,1.083847549909256,,Australia,AUD
MNG.L,Financial Services,Asset Management,7579984896.0,9605873664.0,2708000000.0,302000000.0,-3452875008.0,1.317,2382324404.0,6912000000.0,4904000000.0,190601000000.0,4416999936.0,953000000.0,0.00855,0.09645,0.48464,0.60144,1.418,2.16813,7344000000.0,0.37,,,9605873664.0,3136000000.0,2008000000.0,0.2819108489994815,0.0398417680435441,0.0,0.4137211410084583,0.0231740648580017,-11.433360953642383,,,0.6435124895442096,0.5458742065781881,,0.0346154681257599,0.0022249071806065,0.741506646971935,3.823275862068965,0.1378761574074074,,United Kingdom,GBP
SN,Consumer Cyclical,"Furnishings, Fixtures & Appliances",18550493184.0,18494834688.0,1094450048.0,705001024.0,215053504.0,19.498,141520379.0,860865984.0,511774016.0,5349434000.0,3228231936.0,532708000.0,0.12894,0.29367,0.116450004,0.48992002,2.377,0.31156,6589356032.0,0.156,0.024,,18494834688.0,2676211000.0,349091968.0,0.0591759843471383,0.0380044356237423,0.0115928725919527,0.1442662992005118,0.60347168242472,0.3050399881404995,0.1984774003648668,0.6250765640008853,0.1873549511749467,0.4812288533332297,0.1107857338425942,0.2173965484635399,0.0057755953589348,0.3189656473019772,19.52423868312757,0.6188047964501755,0.2653596281019816,United States,USD
3402.T,Consumer Cyclical,Textile Manufacturing,1630030790656.0,2388722712576.0,228835999744.0,79520997376.0,,1236.187,1457336448.0,905559015424.0,265295003648.0,3292597000000.0,520047984640.0,211763003392.0,0.01795,0.04772,0.03934,0.20117001,1.782,0.46973,2585076957184.0,,,,2388722712576.0,1708984000000.0,640264011776.0,0.0957984777970412,0.0487849664140375,0.0,1.048436636778024,0.1579446208084378,0.0,0.0477547605422739,0.1802908528471651,0.040203744635214,0.1804521700558628,,-0.0501716708235757,0.0,2.7979164663438736,6.217200766913175,0.2338478219366504,0.0559302885711152,Japan,JPY
0288.HK,Consumer Defensive,Packaged Foods,113290838016.0,114412249088.0,3518000128.0,1567000064.0,1520625024.0,6.834231,12830219550.0,4123000064.0,3592999936.0,21910000000.0,5669000192.0,2526000128.0,0.08632,0.1565,0.10615,0.20228,1.898,0.32198,28025999360.0,0.073,-0.061,,114412249088.0,11187000000.0,530000128.0,0.0307484570580737,0.0138316574529945,0.0134223124361145,0.0987458491428942,0.2587403099954358,0.9704052086114018,-0.0013048960230386,0.3235171615116752,-0.0023075716039468,0.3190742814483016,-0.0060572359177181,0.1042790181946474,0.0,0.1506538114600091,18.307692307692307,0.6126607055032052,0.1558982909545644,Hong Kong,HKD
FOX,Communication Services,Entertainment,25950705664.0,29807970304.0,3548999936.0,1711000064.0,1406499968.0,26.068,220705117.0,7574000128.0,3600999936.0,23195000000.0,5968999936.0,2616000000.0,0.08713,0.152,0.21357,0.36843,2.896,0.67867,16200999936.0,-0.086,-0.493,,29807970304.0,11962000000.0,3973000192.0,0.119062113247065,0.065932698946741,0.0541989102805462,0.4609508563998022,0.2573399411942229,0.8220338488543738,0.0526620230787713,0.2381074622807049,0.0408673753950682,0.2290889717634523,,0.0556617513198616,-0.0324570087214693,1.1194703476038608,8.595533498759306,0.3453921251372865,0.1706572076066607,United States,USD
APA.AX,Utilities,Utilities - Regulated Gas,14309753856.0,26929160192.0,1960000000.0,162000000.0,204500000.0,2.108,1323751413.0,13223999488.0,170000000.0,19937000000.0,3102000128.0,1196000000.0,0.030869998,0.06848,0.34139,0.97028,0.989,4.77056,3196999936.0,-0.004,3.426,,26929160192.0,1920000000.0,13053999488.0,0.0727835545566797,0.011320949446805,0.0142909516164915,0.1341742156658379,0.1555901152630787,1.2623456790123455,0.0556051402342006,,0.0550925198693641,,0.0,0.0191177222307417,0.016468252449415,6.660203820408163,1.351851851851852,0.0904416247962879,0.0498607681395471,Australia,AUD
MOWI.OL,Consumer Defensive,Farm Products,99974299648.0,103750041600.0,1048300032.0,847100032.0,110712496.0,92.63015,527290596.0,3540400128.0,222500000.0,10228500000.0,2762099968.0,859699968.0,0.054629996,0.19492,0.14472,0.46732,3.146,0.7501000000000001,5910499840.0,0.141,4.8,,103750041600.0,4371100000.0,3317900128.0,0.0101040926425999,0.0084731779565604,0.001107409568157,0.0437222367687518,0.2700395921200567,0.1306958940121962,0.0504856904435802,0.1690874168208009,0.0449578802903787,0.1033254401317821,-0.066514145413274,0.1956585268916502,0.0196853348867738,3.1650291202127905,7.403076923076923,0.2428256515982139,0.1098931214031241,Norway,NOK
MKS.L,Consumer Cyclical,Department Stores,7461248512.0,10038779904.0,807299968.0,259400000.0,246175008.0,1.488,2054874278.0,3427800064.0,1004200000.0,10114800000.0,5313500160.0,1176000000.0,0.03023,0.07802,0.025020001,0.30761,0.865,1.06358,17273600000.0,0.272,17.6,,10038779904.0,3056100000.0,2423600064.0,0.0804181360404492,0.034766299444765,0.0329938089589261,0.4095963289635567,0.5253193498635662,0.9490169930609098,0.1312667717150273,-0.039581300535997,0.1198934033513016,-0.0391148577449947,-0.0259682776002345,0.1466207177998957,0.0050157785847205,3.0021059829894603,2.8745501285347044,0.3430771859627341,0.0785506554083482,United Kingdom,GBP
TEL.OL,Communication Services,Telecom Services,204713443328.0,258219393024.0,26548000768.0,16803999744.0,7121375232.0,55.385,1367491331.0,97067999232.0,47616999424.0,221651000000.0,49761001472.0,29393000448.0,0.051680002,0.22508,0.22663,0.65228,1.57,1.19873,76288000000.0,-0.014,2.74,,258219393024.0,70473000000.0,49450999808.0,0.1028118006827338,0.0820854726041414,0.034787042395598,0.3442519399524015,0.2245015879558405,0.4237904868180412,-0.0014285609674791,-0.0106531385534298,-0.0076957887795606,0.0101299715512913,0.0065154770640153,-0.0312795007167581,0.0,1.8627014606541088,5.993703148425787,0.3028083475559073,0.1139844667723504,Norway,NOK
PSON.L,Communication Services,Publishing,6892769792.0,8463182336.0,586000000.0,335000000.0,863750016.0,5.744,600415469.0,1484000000.0,333000000.0,6458000000.0,1860000000.0,656000000.0,0.047280002,0.08708999,0.13962,0.51999,1.998,0.40513,3576999936.0,0.032,-0.357,,8463182336.0,3648000000.0,1151000000.0,0.0692410935668159,0.0486016521817997,0.1253124711930028,0.5292502303259862,0.2880148652833694,2.578358256716418,-0.0234566108920833,0.3461255783223751,-0.0249658563234089,0.251037851037851,0.0526626003138306,-0.062971561230412,-0.0457024738260573,1.9641638225255973,7.093333333333334,0.4420485175202156,0.100434208042288,United Kingdom,GBP
BVI.PA,Industrials,Consulting Services,11128785920.0,12894782464.0,1229600000.0,588000000.0,924249984.0,3.857,444085616.0,3085400064.0,1368499968.0,7063400000.0,1945500032.0,1006700032.0,0.09315,0.32172,0.18412,0.29119,1.526,1.75987,6681299968.0,0.018,-0.192,,12894782464.0,1711000000.0,1716900096.0,0.0953563973206085,0.0528359521179467,0.0830503875844167,0.153745432098311,0.2754339315343885,1.5718537142857143,0.045978281185717,0.0684651066461907,0.0465703777393429,0.0857559552746718,0.0092104023935403,-0.0182768349803332,-8.397706681874863e-05,1.396307820429408,10.176100628930818,0.326278606053727,0.1997777503395481,France,EUR
ATRL.TO,Industrials,Engineering & Construction,13229398016.0,13297716224.0,959387008.0,2651982080.0,562041280.0,32.997,162583235.0,1338994048.0,1105299968.0,12525371000.0,998428992.0,519238016.0,0.03889,0.56969,0.05896,0.08716,1.062,0.24445,11454781440.0,0.178,0.436,,13297716224.0,5496671000.0,233694080.0,0.0721467500012128,0.200461281518072,0.042484267184361,0.415489124550654,0.0797125284352854,0.2119325331187758,0.1337953349762546,,0.1236708601027417,0.8906423959882839,0.0336731946640564,0.1096837393134641,-0.0591622287882195,0.2435868716704573,27.80929194562792,0.3877821688420231,0.4293456619236022,Canada,CAD
SKF-B.ST,Industrials,Tools & Accessories,107882110976.0,117088059392.0,9694999552.0,3758000128.0,4795250176.0,125.042,426432748.0,15504000000.0,8386999808.0,106422000000.0,24351000576.0,6968999936.0,0.03838,0.068280004,0.12083,0.27211002,2.089,0.26201,89489997824.0,-0.087,-0.095,,117088059392.0,53558000000.0,7117000192.0,0.082800924384117,0.0348343214088202,0.0444489835489664,0.4964493141213633,0.2288154758978406,1.2760111795291562,-0.0187468350066027,1.2015526744252356,-0.0216905852183095,0.2157166515305305,0.0153680978007059,-0.108790500196796,0.0,0.734089790703685,8.123059866962306,0.4494968998968008,0.0908324552160168,Sweden,SEK
GALP.LS,Energy,Oil & Gas Integrated,15868167168.0,17524545536.0,2667000064.0,647000000.0,1612375040.0,5.681,748024974.0,4361999872.0,1832999936.0,15329000000.0,6013000192.0,2056000000.0,0.0856,0.16070999,0.14714,0.30466998,1.393,0.8731,19736000512.0,0.048,,,17524545536.0,4419000000.0,2528999936.0,0.1521865464939609,0.0407734550027145,0.1016106663693045,0.2784820674760363,0.3922630433818252,2.492078887171561,-0.1008998891404305,0.6150218328741723,-0.0970449533502968,0.1772253408179631,0.0213225531311124,-0.0884818933222334,-0.0208884593510706,0.9482564211891972,14.736486486486486,0.4713434342805959,0.1877259425030125,Portugal,EUR
RXL.PA,Technology,Electronics & Computer Distribution,10504374272.0,14534253568.0,1164999936.0,588899968.0,573312512.0,18.397,293500263.0,5110400000.0,1037500032.0,14366600000.0,4867700224.0,795800000.0,0.0475,0.10777,0.05787,0.25072,1.688,0.94537,19414599680.0,-0.002,,,14534253568.0,5394200000.0,4072899968.0,0.0801554706988857,0.0560623558101643,0.0545784543804952,0.5135194025196287,0.3388206133671154,0.9735312330667336,0.0125501937888938,-0.0282591937453504,0.0118639506966269,-0.0296845240156525,-0.009323692761942,-0.0028872447633986,-0.0071657546467457,3.4960516667358856,4.783035714285714,0.1557216656230432,0.1049044854157895,France,EUR
C6L.SI,Industrials,Airlines,21741103104.0,22730045440.0,4342300160.0,1184000000.0,326862496.0,5.478,3150884285.0,10649400320.0,10242299904.0,43412700000.0,6978200064.0,5103000064.0,0.03426,0.072459996,0.14454001,0.34004003,0.968,0.60214,20522000384.0,0.08,-0.535,,22730045440.0,17261700000.0,407100416.0,0.1910379005383985,0.0544590582334418,0.0150343105608041,0.7939661533008477,0.160740982799964,0.2760662972972973,0.0490712537621187,-0.3186463633250436,0.045641014296812,-0.3951104911533661,-0.0173402083295497,0.0075638014426692,0.0601140813231717,0.093752251341372,6.096093257718967,0.479181917353258,0.0655396204941299,Singapore,SGD
EVO.ST,Consumer Cyclical,Gambling,142152679424.0,143031287808.0,1257771008.0,1059358976.0,851060352.0,21.582,197160455.0,88399000.0,1097950976.0,5521787000.0,2058635008.0,1239723008.0,0.12939,0.24971001,0.57035,1.0,1.767,2.056,2058635008.0,-0.015,0.017,,143031287808.0,4076449000.0,-1009551976.0,0.0087936774343274,0.0074522617532958,0.0059869455535307,0.0286765540861958,0.3728204307772103,0.8033729559865456,0.1236236930080709,0.1280462225187078,0.1134138654452297,0.1072235768007365,,0.0327328339416754,-0.0347964429599053,-0.8026516508798397,225.8645138011907,14.024174572110544,0.2931737196084763,Sweden,SEK
7186.T,Financial Services,Banks - Regional,1852277260288.0,378620149760.0,,106523000832.0,,1263.052,1111477483.0,2535513128960.0,4051443908608.0,24793138000000.0,387982000128.0,-121703997440.0,0.00428,0.07964,0.30902,0.0,,1.9690201303872088,387982000128.0,0.165,0.095,,378620149760.0,1287703000000.0,-1515930779648.0,0.0,0.0575092094017487,0.0,0.6951999182885733,0.015648765401459,0.0,0.0588051518635204,-0.3357819891047712,0.0594367497773112,-0.48523325245959,,0.0168743687891974,-0.0280227155358992,,,-0.0479997504449601,,Japan,JPY
4684.T,Technology,Software - Application,1715893043200.0,1506881830912.0,91519000576.0,75191001088.0,59023998976.0,1190.794,432650790.0,0.0,207385001984.0,500375000000.0,105665003520.0,73745997824.0,0.099209994,0.15832,0.67586,0.78149,6.538,0.0,135209000960.0,0.114,0.206,,1506881830912.0,433850000000.0,-207385001984.0,0.0607340261847941,0.0438203309850682,0.0343984138229997,0.2528420997563492,0.2111716283187609,0.7849875400238533,0.1065722854940334,0.1788099520831394,0.1010384095551668,0.1412642207476617,0.0189862653396684,0.0826761005268681,0.0,-2.266032197453703,,,0.1669108565100728,Japan,JPY
H,Consumer Cyclical,Lodging,18333736960.0,22116026368.0,850000000.0,-34000000.0,351124992.0,34.289,41030133.0,4513999872.0,671000000.0,14036000000.0,1464000000.0,326000000.0,0.023699999,-0.00875,0.16687,0.42521,0.604,1.27119,3443000064.0,-0.035,1.105,,22116026368.0,3334000000.0,3842999872.0,0.0384336673259658,0.0,0.0191518506437653,0.1818505418330164,0.1043032202906811,,0.064249602496325,-0.3046897026791282,0.0549055384498422,-0.2548025928108426,-0.021342445785093,0.053437406184329,-0.0160212419057784,4.52117632,1.2555205047318612,0.0722197627922307,0.0357206964638305,United States,USD
EPI-B.ST,Industrials,Farm & Heavy Construction Machinery,297776578560.0,280673648640.0,14170999808.0,8505999872.0,6956125184.0,37.942,389972849.0,19843999744.0,9214000128.0,80377000000.0,21934000128.0,9742999552.0,0.0932,0.19252001,0.19830999,0.36068,2.432,0.4322,60813000704.0,-0.076,-0.044,,280673648640.0,42261000000.0,10629999616.0,0.0504892421382105,0.0285650399810947,0.0233602159633867,0.1419218402077404,0.2728890121303358,0.8177904171969402,0.0765261275191739,0.2407771895959389,0.0681941444327976,0.2280604017006304,-0.0121619195764735,-0.0384261086985129,0.0,0.7501234747035288,14.769607843137257,0.4909796249592211,0.1968605543849332,Sweden,SEK
XRO.AX,Technology,Software - Application,12844806144.0,13293892608.0,393052992.0,167420000.0,221124368.0,26.38237,173414414.0,2124988032.0,1934142976.0,7585563709.1394,2308621056.0,933147008.0,0.03381,0.044060003,0.114779994,0.83856004,1.094,0.39325,2753081088.0,0.408,,,13293892608.0,4506054869.9132,190845056.0,0.0295664335187624,0.0130340620265572,0.0172150802060403,0.350807541927602,0.3043440335513204,1.3207762991279417,0.2055248931796662,,0.1859101537114811,,-0.1614409456169323,0.8701993831698546,0.1105692539082083,0.4855453587286266,3.04513631794092,0.439130476947552,0.0773298511676735,Australia,AUD
HOT.DE,Industrials,Engineering & Construction,36311601152.0,36723306496.0,1424765056.0,804569984.0,1459335552.0,20.466,75241605.0,8522788864.0,6636641792.0,24419523000.0,9588267008.0,2325661952.0,0.025220001,0.641,0.039,0.24767,1.135,5.325950000000001,38713122816.0,0.053,-0.318,,36723306496.0,1267946000.0,1886147072.0,0.0387972977366618,0.0221573810703658,0.0401892372052456,0.0349184822418706,0.3926475962695913,1.813808097519084,0.1340147413761347,0.2317056615979416,0.1325650183862862,0.2116039475276207,0.0098012525605779,-0.0095481102745734,0.0,1.3238302441915026,3.960331192857053,0.27287569704132,0.1812588215597526,Germany,EUR
CNH,Industrials,Farm & Heavy Construction Machinery,12597898240.0,37626695680.0,1082000000.0,386000000.0,247250000.0,6.268,1239950537.0,26257000448.0,1348999936.0,42747000000.0,3344000000.0,2411000064.0,0.00945,0.0484,0.026919998,0.18482,4.899,3.33719,18093000704.0,-0.001,-0.944,,37626695680.0,7730000000.0,24908000512.0,0.0287561791022516,0.0306400315867291,0.0196262896627429,0.6135944149363124,0.0782277118862142,0.6405440414507773,-0.08409644436874,,-0.0984994603627754,0.8998597475455821,0.0285538504744085,-0.0043323317727622,0.0,23.02033319038817,1.418353576248313,0.0918231337495995,0.0733887298373018,United States,USD
G1A.DE,Industrials,Specialty Industrial Machinery,8937811968.0,8724988928.0,715356992.0,416977984.0,274815616.0,15.959,162801664.0,251400000.0,415686016.0,6087950000.0,2069687040.0,624833024.0,0.06436,0.16649,0.106520005,0.37562,1.106,9.675,5510055936.0,0.012,0.066,,8724988928.0,2453007000.0,-164286016.0,0.0819894441016762,0.0466532508731336,0.0307475271334775,0.2744527417652651,0.3399645266469008,0.659065050302512,0.0208999557644693,0.2152093710169096,0.0193993108587978,0.2106838374250703,0.0404619925612257,0.0092479234238453,-0.0552971189015265,-0.22965598692296,13.313998549373125,2.485413778838504,0.1858518003817317,Germany,EUR
HEIO.AS,Consumer Defensive,Beverages - Brewers,17740527616.0,43832729600.0,5610999808.0,952000000.0,2195749888.0,31.047,276332238.0,19278999552.0,4816000000.0,53474000000.0,10625000448.0,5011999744.0,0.044439998,0.100760005,0.14019,0.36953,0.929,0.94807,28753000448.0,-0.028,0.059,,43832729600.0,8630000000.0,14462999552.0,0.1280093633046297,0.0536624400697869,0.1237702697195812,0.4864567834057365,0.1986947011257807,2.3064599663865546,0.0003944727816875,0.0164937314424673,-0.0014924992563001,0.0671656888529233,0.0060877673725789,-1.8700327255726977e-05,0.0,2.577615406683685,5.650621118012422,0.2599719830109159,0.0920287289464367,Netherlands,EUR
UNI.MI,Financial Services,Insurance - Property & Casualty,16696498176.0,20070653952.0,2951000064.0,1492999936.0,,13.903,717203493.0,5008000000.0,1798000000.0,90416000000.0,2128000000.0,,,0.1436820263689731,0.127,0.19490999,,0.46738,10917999616.0,-0.021,0.122,,20070653952.0,10391000000.0,3210000000.0,0.1470305885925525,0.0894199442459185,0.0,0.6223460686466762,0.0235356574057688,0.0,0.110991727914087,0.6484599049689348,0.0965802604356821,0.6354326074161272,,0.0837998201977824,0.0,1.0877668351009564,6.90863890615289,0.0,,Italy,EUR
H78.SI,Real Estate,Real Estate - Development,15421788160.0,19279200256.0,322200000.0,1263399936.0,-1743887488.0,14.266,2144894026.0,6144600064.0,2552000000.0,40057400000.0,494800000.0,584400000.0,0.0049,0.04164,0.021949999,0.34164003,3.704,19.929,1448300032.0,-0.323,,,19279200256.0,30798400000.0,3592600064.0,0.0167123114922635,0.0819230508740174,0.0,1.9970706172636208,0.0123522744861124,-1.3803131045908177,-0.1358560569971286,-0.1805714603132108,-0.1183430382936955,-0.1763491200936337,-0.1131344071890626,0.0257346539521258,-0.0216406361241167,11.150217454996897,8.070761670761671,0.0951078986285672,0.0429693427448682,Hong Kong,USD
UAL,Industrials,Airlines,33953239040.0,50163277824.0,7885000192.0,3664999936.0,1647000064.0,48.909,324569728.0,30971000832.0,14167000064.0,76448000000.0,20433999872.0,9520000000.0,0.041360002,0.25726998,0.043470003,0.33795,0.698,1.95081,60465000448.0,0.106,0.845,,50163277824.0,15282000000.0,16804000768.0,0.1571867017874083,0.1079425715962561,0.0485078923415726,0.450089606531984,0.2672927986605274,0.449386109893782,0.0952913460103681,0.2704417524155249,0.0850836805474732,0.4063845958956169,0.0511130169727314,0.0319236531997894,-0.0135074476767475,2.131135112089037,4.689802913453299,0.3073843190163781,0.1087747192686077,United States,USD
BCP.LS,Financial Services,Banks - Regional,13547260928.0,18850498560.0,,1048473024.0,,0.518,14808986797.0,7429236224.0,3688508928.0,109332927000.0,3665911040.0,1171954944.0,0.0115,0.1359,0.58988,0.0,,0.9508521719542724,3687106048.0,0.111,0.291,,18850498560.0,7813240000.0,3740727296.0,0.0,0.0773937277485351,0.0,0.5767394635362264,0.0335297987586118,0.0,0.0832442783424889,,0.0652110830531591,,,0.0703844867346659,-0.0204686428919494,,,0.1577490483091684,,Portugal,EUR
STN.TO,Industrials,Engineering & Construction,11430652928.0,13590232064.0,979699968.0,490100000.0,739174976.0,29.591,114066995.0,2588000000.0,357700000.0,7956900000.0,3599600128.0,759900032.0,0.06628,0.15281,0.10913,0.54243,1.346,0.76672,6636100096.0,0.091,0.105,,13590232064.0,3240400000.0,2230300000.0,0.0720885385463863,0.042875940953423,0.0646660326978655,0.2834833688338542,0.4523872523218841,1.5082125607018977,0.1278155512841268,0.5107561005687655,0.1211668645012769,0.3641133803179175,0.0075236231992664,0.1438737223444171,0.0,2.276513292690033,6.473501303214596,0.2936244327666151,0.130928324166652,Canada,CAD
NTGY.MC,Utilities,Utilities - Regulated Gas,27347138560.0,41621970944.0,5011250176.0,2047000064.0,,8.638,926393571.0,16999999488.0,4745999872.0,39101000000.0,7663000064.0,,,0.22013001,0.17918,0.40171,1.133,1.67752,19075999744.0,-0.069,,,41621970944.0,9342000000.0,12253999616.0,0.1203991560789457,0.0748524405765105,0.0,0.3416079521264545,0.1959796441011738,0.0,-0.1695122986229793,-0.0239205322920992,-0.196759842189205,-0.0513156458128616,0.1831113127891831,-0.0424870212557547,0.0,2.445297916812685,5.44475138121547,0.0,0.1268217353537303,Spain,EUR
ADDT-B.ST,Industrials,Industrial Distribution,86441336832.0,93195255808.0,3580999936.0,2147000064.0,2003250048.0,28.919,257096058.0,7148000256.0,1490000000.0,21310000000.0,7560000000.0,2996000000.0,0.09495,0.28601,0.14715,0.333,1.494,0.8547199999999999,22702999552.0,0.019,0.137,,93195255808.0,7807000000.0,5658000256.0,0.0384247020403865,0.0248376545607193,0.0231746768550484,0.090315586108681,0.3547630220553731,0.9330461053959244,0.066527868259359,0.1567714325762068,0.0660515186466743,0.1302561930976074,0.0325254031560061,0.1510830227407767,0.0,1.5800056847585489,11.383763837638377,0.4191382054701482,0.203402123030263,Sweden,SEK
SOBI.ST,Healthcare,Drug Manufacturers - Specialty & Generic,151890640896.0,168569651200.0,11667000320.0,921000000.0,4126749952.0,116.749,345845189.0,19061000192.0,940000000.0,67434000000.0,22783000576.0,7395999744.0,0.07035,0.023139998,0.26587,0.78679,0.705,0.47201,28956999680.0,0.111,0.496,,168569651200.0,37717000000.0,18121000192.0,0.0692117485973655,0.00606357307183,0.0271692181141404,0.2483168138438822,0.3378562828246878,4.480727418023887,0.1454313126970723,0.204237287971319,0.1355271176112126,0.3529587790828158,0.0327739719869891,-0.1061714649276284,0.0039685050717507,1.55318416859356,1.0423940149625934,0.388017400424986,0.0162756740971478,Sweden,SEK
FRES.L,Basic Materials,Other Precious Metals & Mining,21008836608.0,19316688896.0,2581615104.0,1383987968.0,1788570752.0,4.715262,736893589.0,850972992.0,2756475904.0,7279268000.0,2657953024.0,2289707008.0,0.19896,0.33900002,0.54654,0.58273,4.346,16.769,4561230848.0,0.307,14.901,,19316688896.0,4632894000.0,-1905502912.0,0.1336468748810562,0.0658764687366357,0.0851342121114372,0.2205212066924177,0.3651401520042949,1.2923311425782569,0.2330496979080938,,0.2175262047644034,0.9338741720626366,0.3637639161174896,0.2378743288362913,0.0,-0.7381049595842464,34.012748549139,2.690692923894816,0.3379861455567397,United Kingdom,GBP
UHR.SW,Consumer Cyclical,Luxury Goods,10638387200.0,9277806592.0,515000000.0,3000000.0,248875008.0,222.344,28936000.0,38000000.0,1228999936.0,13376000000.0,5161999872.0,507000000.0,0.00617,0.00209,0.0208,0.82197,9.763,0.326,6280000000.0,-0.021,,,9277806592.0,11561000000.0,-1190999936.0,0.0555088096408552,0.0002819976321222,0.0233940543168047,1.0867248749885696,0.3859150622009569,82.958336,-0.0574188217625044,-0.4502236646904791,-0.0677417083303992,-0.4564826700898587,-0.0104780425075785,-0.0440251572327044,0.0,-2.312621234951456,40.5,13.342105263157896,0.0130718954248366,Switzerland,CHF
CCL-B.TO,Consumer Cyclical,Packaging & Containers,14442724352.0,15668791296.0,1558099968.0,799900032.0,986700032.0,32.492,160112031.0,2376399872.0,999100032.0,10101500000.0,2309400064.0,1287699968.0,0.06944,0.14453,0.1525,0.29931,1.388,0.4235,7715700224.0,0.028,0.007,,15668791296.0,5640400000.0,1377299840.0,0.0994397039673225,0.0553842898683607,0.0683181377662562,0.3905357370625805,0.2286195182893629,1.2335291818065586,0.0628971706060974,0.1652318760764819,0.0635662798937746,0.1587525466227864,0.0308689244419351,0.0245864226957835,-0.0201628498806599,0.883961150302777,10.723021582733812,0.5418700712671979,0.1523853339978785,Canada,CAD
4188.T,Basic Materials,Specialty Chemicals,1407455199232.0,3306957045760.0,303490007040.0,-82950995968.0,112535248896.0,1296.734,1358547433.0,1890521055232.0,621607976960.0,5894619000000.0,1071101968384.0,436287012864.0,0.00343,-0.00696,-0.083859995,0.28917998,1.496,0.78293,3703988027392.0,-0.101,,,3306957045760.0,1740570000000.0,1268913078272.0,0.0917731929506367,0.0,0.0799565406823653,1.2366787951401716,0.1817084307542184,,0.0348506636483167,,0.0239928949058844,0.4298592949496432,,-0.0343834143690086,0.0,4.181070377400457,3.74055685889392,0.230776066554022,0.0468048299893889,Japan,JPY
GRAB,Technology,Software - Application,13070412800.0,8864300032.0,316000000.0,380000000.0,329500000.0,1.593,3964000000.0,1948000000.0,6474999808.0,11983000000.0,1427000064.0,-53000000.0,0.00732,0.04768,0.02723,0.40175,1.67,0.29813,3552000000.0,0.235,,,8864300032.0,6728000000.0,-4526999808.0,0.0356486128469528,0.0290732975166629,0.0252096092940538,0.5147503834002856,0.1190853762830676,0.8671052631578947,0.3298252356588238,,0.2509890551260166,0.7776038531005418,0.3783140513665796,0.2891877353415815,0.0046662990336019,-14.32594875949367,4.788732394366197,-0.0272073921971252,0.0462207721587819,Singapore,USD
ERF.PA,Healthcare,Diagnostics & Research,11383864320.0,15230673920.0,1455200000.0,416100000.0,492524992.0,20.053,174706324.0,4432000000.0,794200000.0,10985400000.0,1640899968.0,1398899968.0,0.055069998,0.094969995,0.13254,0.22489999,1.092,0.96838,7296099840.0,0.043,0.289,,15230673920.0,4543300000.0,3637800000.0,0.095544032236756,0.0365517357114811,0.0432651846644637,0.3990999780292532,0.1493709803921568,1.1836697716894975,0.0281996535507469,0.0581631647279656,0.0318616281693831,0.1021013704589949,0.0129884038887936,0.0089085632416149,-0.0560582271899535,2.4998625618471686,5.163590070019096,0.315636274368231,0.0948128754762851,France,EUR
FME.DE,Healthcare,Medical Care Facilities,10422993920.0,21196296192.0,2592198912.0,944675008.0,1672323840.0,49.028,268564630.0,11044191232.0,1239144960.0,31002333000.0,5024442880.0,2745061888.0,0.03629,0.07852,0.081429996,0.25955,1.205,0.7775,19358294016.0,-0.055,-0.171,,21196296192.0,13309832000.0,9805046272.0,0.1222948994729729,0.0906337483501093,0.1604456313450483,1.2769682206626485,0.1620666057615728,1.770263662992977,0.003929699941064,0.069478115482946,0.0029354028704823,0.0414793424339021,0.0039393911653461,-0.0763928310954774,0.0,3.7825207882812353,4.933929746702081,0.2485525495109427,0.0766098226659444,Germany,EUR
EFN.TO,Industrials,Rental & Leasing Services,10315600896.0,19679672320.0,1181336960.0,295420992.0,714889984.0,9.476828,395992360.0,9666905088.0,306793984.0,13884069000.0,2041252992.0,260792992.0,0.05353,0.109069996,0.45218,0.84731,4.913,3.58528,2409103872.0,0.164,0.191,,19679672320.0,2720267000.0,9360111104.0,0.0600282840481766,0.0286382727461425,0.0693018265448023,0.2637041726822542,0.1470212364977443,2.41990245567925,0.1712374156211515,,0.148286052331407,-0.040624187287522,-0.0382000812842253,0.0931723208632207,-0.0132312610731445,7.923320289581052,,0.0269779199884495,0.0418934196213407,Canada,CAD
GFL.TO,Industrials,Waste Management,18607149056.0,26932137984.0,1658700032.0,210600000.0,33625000.0,20.296,349158325.0,9893099520.0,1436199936.0,19295200000.0,1387299968.0,1310300032.0,0.01329,0.02994,0.03224,0.20707001,1.51,1.32582,6699599872.0,0.054,,,26932137984.0,7302800000.0,8456899584.0,0.0615881306187206,0.0113182303944671,0.0018071011254224,0.3924728059103263,0.0718987089016957,0.1596628679962013,-0.0072202533267744,-0.1920924136913557,-0.026826480217524,-0.0205260888313928,0.0887033027696359,-0.0901666399464337,-0.0901414276436496,5.098510532855648,1.4973695747479177,0.1324458557554265,0.0394917125794199,Canada,CAD
SKA-B.ST,Industrials,Engineering & Construction,97805795328.0,96753975296.0,8234999808.0,5745999872.0,5566499840.0,140.729,394562278.0,16801000448.0,17973000192.0,158292000000.0,14920999936.0,6114999808.0,0.02454,0.0968,0.03514,0.086619996,1.46,0.28731,172262998016.0,-0.1,0.037,,96753975296.0,61760000000.0,-1171999744.0,0.085112779943218,0.0587490736385334,0.0569138037406911,0.6314554244243158,0.0942625018067874,0.968760870866932,0.0268195209930841,,0.0291244379873032,0.7280708509819022,-0.0187840649077485,-0.0754349997371602,0.0,-0.1423193407802445,20.803814713896458,0.3639664094365245,0.0991365318444458,Sweden,SEK
MAERSK-B.CO,Industrials,Marine Shipping,267504812032.0,265645096960.0,5208999936.0,1616000000.0,2642249984.0,23922.041,4933827.0,17508999168.0,18428000256.0,88352000000.0,8579999744.0,8033999872.0,0.01396,0.03238,0.01565,0.15996,1.976,0.31709,53637001216.0,-0.026,-0.946,,265645096960.0,55581000000.0,-919001088.0,0.0196088691099928,0.0060410128241232,0.0098773923501754,0.2077757015950471,0.0971115508873596,1.6350556831683167,-0.1283776163836056,-0.4529723481697488,-0.12923193866085,-0.6175292394645104,-0.3135928033542202,0.0074688985940226,0.0,-0.1764256285834594,4.477955911823647,0.4588497489155858,0.0604597048040369,Denmark,DKK
YAR.OL,Basic Materials,Agricultural Inputs,122064527360.0,122767572992.0,2744000000.0,1400000000.0,2263249920.0,331.85086,254725627.0,4270000128.0,1218000000.0,17138000000.0,4695000064.0,2088999936.0,0.06888,0.16863,0.13633001,0.2894,1.793,0.46846,16222999552.0,0.166,0.109,,122767572992.0,8724000000.0,3052000128.0,0.0223511790053779,0.0114693435536028,0.0185414220572459,0.0714703951154511,0.2739526236433656,1.6166070857142858,-0.1321525396346812,-0.1326252888683518,-0.1537211192383606,-0.2543740178103719,0.00860236426052,0.1429905295451514,0.0,1.112244944606414,8.28688524590164,0.4892271366226994,0.1547054322876817,Norway,NOK
AIA.NZ,Industrials,Airports & Air Services,13747500032.0,16293770240.0,699299968.0,410400000.0,-538825024.0,6.243,1695129603.0,2652600064.0,360600000.0,14062600000.0,757500032.0,473100000.0,0.02149,0.03979,0.48543,0.77123,0.932,0.25066,982200000.0,0.061,-0.138,,16293770240.0,10472800000.0,2292000064.0,0.042918241616251,0.0298527004215103,0.0,0.7617966885340975,0.053866285893078,-1.3129264717348927,0.4882879098263462,,0.3315272989050127,,0.0,0.1326009568144843,0.1404105262652131,3.2775635190648256,8.665283540802212,0.1783533094267466,0.0466614530964882,New Zealand,NZD
TREL-B.ST,Industrials,Specialty Industrial Machinery,90210222080.0,98398822400.0,7360999936.0,3632999936.0,3842625024.0,169.245,194682136.0,10145999872.0,2636999936.0,55225000000.0,12780000256.0,5338999808.0,0.062529996,0.094569996,0.16825001,0.37512,1.304,0.26751,34069000192.0,-0.029,0.068,,98398822400.0,36499000000.0,7508999936.0,0.0748078051795871,0.0402725971872477,0.042596337038083,0.4045993808510087,0.2314169353734721,1.0577002729680205,,0.1129027985120556,,0.0796923076923076,,-0.0873107688239571,-0.0423056594830295,1.0201059640384162,13.0275,0.5262172161793617,0.1186745616032794,Sweden,SEK
MICC.AS,Consumer Defensive,Packaged Foods,9510842368.0,12387309568.0,1160000000.0,293000000.0,365624992.0,1.021,612259739.0,3416000000.0,441000000.0,7488000000.0,2739000064.0,483000000.0,0.08725,0.17879999,0.10097,0.34627,1.016,5.396520000000001,7910000128.0,-0.041,,,12387309568.0,625000000.0,2975000000.0,0.0936442246504128,0.0308069452381864,0.0384429662329569,0.0657144736309438,0.3657852649572649,1.247866866894198,0.0176286086168309,-0.3390552294216097,0.0198960653303637,-0.1521012658227848,0.0044106981587086,0.3562760369498279,0.0,2.564655172413793,4.215827338129497,0.1413934426229508,0.1337594156585254,Netherlands,EUR
ABF.L,Consumer Defensive,Packaged Foods,13531138048.0,13227249664.0,2204000000.0,950000000.0,737124992.0,16.141,699826113.0,778000000.0,1392000000.0,19291000000.0,1442000000.0,2256999936.0,0.049239997,0.08452,0.083050005,0.074250005,1.507,8.369,19420000256.0,0.011,-0.063,,13227249664.0,11059000000.0,-614000000.0,0.1666257200843895,0.0702084330697089,0.0544762006998334,0.8173000645451696,0.0747498833652998,0.7759210442105263,-0.0049357135936602,0.1972173683536209,-0.0027836825589634,0.2449467394128345,0.0284361159230605,0.014568212895761,-0.0383767104753654,-0.278584392014519,6.58498023715415,2.9010281953727506,0.1092029365495542,United Kingdom,GBP
ORNBV.HE,Healthcare,Drug Manufacturers - General,9819935744.0,9815544832.0,720800000.0,529400000.0,328262496.0,7.968,109341372.0,330300000.0,199300000.0,2009800000.0,1265200000.0,276400000.0,0.22108,0.48365003,0.2746,0.64795995,1.767,0.29428,1952600064.0,0.178,0.467,,9815544832.0,1284500000.0,131000000.0,0.0734345380044615,0.0539107397238789,0.0334281714827481,0.1308053365608662,0.6295153746641456,0.6200651605591235,0.1211707584600021,-0.1534404186522574,0.1341249874207507,-0.1125190065889508,0.0067036148171008,0.2336873120127678,0.0,0.1817425083240843,77.5609756097561,0.8368150166515289,0.438771990341497,Finland,EUR
7270.T,Consumer Cyclical,Auto Manufacturers,1774262288384.0,316717629440.0,311060004864.0,90841997312.0,-17107000320.0,3886.353,715428374.0,384500006912.0,1883004993536.0,5088246000000.0,719486976000.0,358226984960.0,0.00472,0.033069998,-0.0207,0.15036,2.207,13.823,4784964763648.0,0.101,-0.614,,316717629440.0,2714517000000.0,-1498504986624.0,0.9821366919612166,0.0511998693241341,0.0,1.5299412143130118,0.1414017671315419,-0.1883159862860061,0.1951928129453004,1.8888866062748624,0.1697846665180593,0.3203401593583806,0.0256062391261598,0.0569357117945456,-0.0276483041639707,-4.817414528361396,10.589630104768014,0.9316696450462923,0.129457682257462,Japan,JPY
INDU-C.ST,Financial Services,Asset Management,215757340672.0,221290528768.0,40326000640.0,40070000640.0,24360249344.0,471.048,221263206.0,7276000256.0,337000000.0,198900000000.0,40440999936.0,9246999552.0,0.1302,0.21636999,0.99728996,1.0,1.82,3.576,40440999936.0,0.593,0.602,,221290528768.0,191018000000.0,6939000256.0,0.1822310284335648,0.1857179019503928,0.1129057730695387,0.8853372006025538,0.2033232777073906,0.6079423248045149,,,0.6016676379611781,,,0.187859821791166,0.0,0.1720726118601777,,1.2708904929428304,,Sweden,SEK
LI.PA,Real Estate,REIT - Retail,10575863808.0,20306184192.0,1130200064.0,1299399936.0,3248000000.0,32.567,286298446.0,8514200064.0,831900032.0,22268200000.0,1360899968.0,1025100032.0,0.032190003,0.13191,0.65692,0.78069,0.563,0.74272,1743200000.0,0.015,0.215,,20306184192.0,9324000000.0,7682300032.0,0.0556579243699199,0.1228646623661211,0.3071143935820244,0.8816301126104668,0.0611140535831364,2.499615330133432,0.0313026100914211,0.0376047402758592,0.0337072577375321,0.03898615103214,0.0049306799441548,0.0617606530331999,0.0,6.797292158001506,6.811063218390805,0.1203988659292091,0.0950628672268233,France,EUR
BNR.DE,Basic Materials,Specialty Chemicals,8169325056.0,10736939008.0,935500032.0,227600000.0,638225024.0,31.042,144385372.0,3380999936.0,705000000.0,10625800000.0,3761700096.0,947699968.0,0.03803,0.05017,0.04915,0.25483,1.741,0.74834,14761499648.0,-0.101,-0.269,,10736939008.0,4314100000.0,2675999936.0,0.0871291185786719,0.027860318746019,0.0781245720576698,0.5280852421010581,0.3540157066762032,2.804152126537786,-0.0791466851847182,-0.0076974845430768,-0.0789383518616239,-0.1010029354207436,0.0302659399849402,-0.0893212204319506,0.0,2.860502238871115,4.320109439124487,0.2803016817330102,0.0773422480192988,Germany,EUR
CON.DE,Consumer Cyclical,Auto Parts,13916417024.0,19162411008.0,2500000000.0,-456000000.0,10488999936.0,21.859,200005983.0,6610999808.0,1383000064.0,17792000000.0,5119000064.0,1748000000.0,0.03558,-0.044439998,0.09372,0.26707,1.252,1.4378,19167000576.0,-0.104,1.941,,19162411008.0,3934000000.0,5227999744.0,0.1304637500446206,0.0,0.753714114625256,0.2826877056943245,0.2877135827338129,,-0.2066816492155766,1.0680684533555245,-0.2671778502590334,0.3404326432086157,0.0673319311870132,-0.5186928528918465,0.0,2.0911998976,0.9121813031161472,0.2644078128522614,0.0309734513274336,Germany,EUR
MRO.L,Industrials,Specialty Industrial Machinery,5593539072.0,7389987328.0,928000000.0,370000000.0,476000000.0,2.247,1246332295.0,1910000000.0,166000000.0,7596000000.0,954000000.0,214000000.0,0.049640004,0.13049,0.08347,0.26580998,0.984,0.6756300000000001,3588999936.0,0.083,1.805,,7389987328.0,2827000000.0,1744000000.0,0.12557531681873,0.0661477456825387,0.0850981809321309,0.505404532552803,0.1255924170616113,1.2864864864864864,0.0670570899742357,-0.0240093347775364,0.0605643290172891,-0.1366197183098591,0.1232935851345975,0.0215169445938676,-0.0295972848179001,1.8793103448275863,4.714285714285714,0.1120418848167539,0.1013824884792626,United Kingdom,GBP
MAERSK-A.CO,Industrials,Marine Shipping,259315154944.0,258148188160.0,5208999936.0,1616000000.0,2642249984.0,23922.041,9560987.0,17508999168.0,18428000256.0,88352000000.0,8579999744.0,8033999872.0,0.01396,0.03238,0.01565,0.15996,1.976,0.31709,53637001216.0,-0.026,-0.946,,258148188160.0,55581000000.0,-919001088.0,0.0201783323490593,0.0062317992959145,0.0101893388551494,0.214337646451874,0.0971115508873596,1.6350556831683167,-0.1283776163836056,-0.4529723481697488,-0.12923193866085,-0.6175292394645104,-0.3135928033542202,0.0074688985940226,0.0,-0.1764256285834594,4.477955911823647,0.4588497489155858,0.0604597048040369,Denmark,DKK
4523.T,Healthcare,Drug Manufacturers - Specialty & Generic,1050309885952.0,1021059923968.0,92416999424.0,38557999104.0,-21678499840.0,3189.152,282113856.0,186081001472.0,245422997504.0,1386547000000.0,634161004544.0,61323001856.0,0.0233,0.045250002,-0.008669999,0.76833,2.238,0.20114,825378013184.0,0.091,,,1021059923968.0,841417000000.0,-59341996032.0,0.0905108478499997,0.036711069389822,0.0,0.801113091720869,0.4573671174103726,-0.5622309337558721,0.0144138553858996,-0.5474496799771289,0.0127807468816163,-0.3753630445668502,0.0173466659033743,-0.0052030457763278,-0.0165824277337121,-0.6421112609352834,18.352941176470587,0.3295500420295588,0.0636764199859404,Japan,JPY
6586.T,Industrials,Tools & Accessories,1416334016512.0,1172108214272.0,135168999424.0,79414001664.0,32234000384.0,3859.453,257655822.0,17549000704.0,257385005056.0,1106525000000.0,283970011136.0,102336004096.0,0.057210002,0.08202,0.13627,0.36519,5.815,1.747,777599975424.0,,,,1172108214272.0,926006000000.0,-239836004352.0,0.1153212628135652,0.0560701082782524,0.0227587560619228,0.6538048152514696,0.2566322596742053,0.4058982006772785,0.0062152918645981,,0.0024411010500976,,,0.0480361959750257,0.0,-1.7743417897152518,19.04641490600565,5.831443386555579,0.1183305478813511,Japan,JPY
CLAR.SI,,,,,,,,,,,,,,,,,,,,,,,,,,,0.0,,,,,,,,,,,,,,,,,,Singapore,SGD
5019.T,Energy,Oil & Gas Refining & Marketing,1628534734848.0,2805685551104.0,317186015232.0,171914002432.0,,1574.46,1211707340.0,1362279006208.0,212306001920.0,4775586000000.0,754484969472.0,392429010944.0,,0.099928679422472,0.08121,0.09308,1.261,0.69821,8105890938880.0,,,,2805685551104.0,1720367000000.0,1149973004288.0,0.113051163237873,0.1055636080418301,0.0,1.0563895035131512,0.1579879347732403,0.0,0.1118258856539786,1.1449564877362763,0.0795632434042666,0.6884174373086728,,-0.047225672072374,-0.0248187206780859,3.625547625253506,10.465124618970773,0.2880680162842367,0.0653772582041753,Japan,JPY
KBX.DE,Consumer Cyclical,Auto Parts,15612219392.0,16781842432.0,1176000000.0,552000000.0,517500000.0,20.416,161200000.0,2379000064.0,1264999936.0,8883000000.0,4188000000.0,1116000000.0,0.06257,0.17864999,0.12487,0.53093,1.717,0.7051000000000001,7888000000.0,-0.009,0.131,,16781842432.0,3104000000.0,1114000128.0,0.0700757383919644,0.0353569205082305,0.0331471129764661,0.1988186254665719,0.4714623438027693,0.9375,0.03018831841613,1.0288231307245832,0.0254587542005488,0.4242868839782884,0.0564243059261703,-0.0760349490326607,0.0,0.9472790204081633,7.5,0.4691046532060959,0.1509343555342597,Germany,EUR
SECU-B.ST,Industrials,Security & Protection Services,94042865664.0,123064885248.0,12904999936.0,5408999936.0,8476624896.0,72.632,572442552.0,39786000384.0,6456000000.0,109445000000.0,32642000896.0,10430000128.0,0.05843,0.13244,0.06396,0.21515,1.372,0.95575,151718002688.0,-0.086,0.224,,123064885248.0,39033000000.0,33330000384.0,0.1048633808904455,0.0575163240487107,0.0901357570949147,0.4150554082375436,0.2982502708757824,1.5671334805502946,0.0519807286954208,0.291031338534345,0.0462865420068475,0.233368111543204,0.0176680381520914,-0.1144366767000032,0.0,2.582719918581486,4.63296812749004,0.2621525166473994,0.1165365969760362,Sweden,SEK
TLC.AX,Consumer Cyclical,Gambling,12330775552.0,14066461696.0,699500032.0,363100000.0,474750016.0,0.153,2225771703.0,2528300032.0,608700032.0,4405200000.0,3627200000.0,617100032.0,0.09021,1.13949,0.17227,0.95747,0.67,7.44494,3788300032.0,0.02,-0.014,,14066461696.0,321800000.0,1919600000.0,0.0497282150349801,0.0294466474123038,0.0385012292209793,0.0260973041511412,0.8233905384545537,1.30749109336271,0.0436737352646452,,0.0504060549140931,,0.0,0.0093946198616012,0.0,2.7442457643804654,5.161442006269592,0.2440770573862018,0.2072568209711426,Australia,AUD
IFT.NZ,Industrials,Conglomerates,14749851648.0,23498053632.0,1085299968.0,269600000.0,368237504.0,7.682,999312470.0,7919099904.0,312600000.0,18175500000.0,1979000064.0,195000000.0,0.024530001,0.03541,0.01908,0.56751996,0.521,0.92848,3487099904.0,-0.2,,,23498053632.0,7677200000.0,7606499904.0,0.0461868027453142,0.0182781499389898,0.0249655056056059,0.5204933705920348,0.1088828403070066,1.365866112759644,0.3602163865488363,,0.2192693300926629,,0.1126122346228077,0.0540860296121882,0.0322557435416294,7.008661317863413,1.3381263616557737,0.024624010602708,0.0380797678758532,New Zealand,NZD
TRYG.CO,Financial Services,Insurance - Diversified,89801801728.0,90745913344.0,8275999744.0,5170999808.0,5962500096.0,63.063,595897849.0,4590000128.0,3265999872.0,103665000000.0,14309000192.0,5546999808.0,0.04344,0.13542,0.115109995,0.33099997,3.079,11.971,43229999104.0,0.022,-0.139,,90745913344.0,39619000000.0,1324000256.0,0.0911996963723016,0.057582361472684,0.0663962190208585,0.4411826849532673,0.1380311599093233,1.1530652325253383,0.0685299023438492,,0.0575860696261862,,,-0.0068119107840882,-0.0081405763096814,0.1599807028703552,8.098425196850394,1.2084966564950823,,Denmark,DKK
1803.T,Industrials,Engineering & Construction,1633139425280.0,1907828326400.0,152181997568.0,126617001984.0,-89538248704.0,1439.888,679201277.0,567410032640.0,355992010752.0,2523771000000.0,258093006848.0,41638998016.0,0.02865,0.13412,0.07022,0.12542,1.3,0.56675,2057801957376.0,0.02,0.815,,1907828326400.0,860076000000.0,211418021888.0,0.0797671338988669,0.0775298177387957,0.0,0.5266396651054707,0.1022648278500703,-0.7071581801890597,0.0944997064445372,,0.0790535946243158,0.5999609917644858,0.0063370023608863,-0.0059075874961447,-0.0362885028449198,1.389244623323671,11.807014627659576,0.0733843175494543,0.0539999954386117,Japan,JPY
EQX.TO,Basic Materials,Gold,10779276288.0,10988089344.0,1402765056.0,246812000.0,356945632.0,10.831857,789112450.0,787428992.0,499619008.0,10535395000.0,1420331008.0,1000702016.0,0.06882,0.05224,0.45292,0.5886,1.239,12.856,2413082112.0,2.243,,,10988089344.0,5795307000.0,287809984.0,0.1276623270965642,0.0228968989573783,0.0331140628056234,0.5376341458518519,0.1348151643104031,1.446224786477157,0.240390391778803,,0.202887375582286,0.9646039330032574,0.2651969610368678,0.5692628167174218,0.7257827895823814,0.205173334457513,1.7327149614028825,1.2708473096200146,0.0334995035812565,Canada,CAD
9042.T,Industrials,Conglomerates,1119243730944.0,2558519148544.0,195426992128.0,78537998336.0,-78146502656.0,4653.523,237228438.0,1434556956672.0,72276000768.0,3283453000000.0,166704005120.0,51678998528.0,0.02271,0.07153,0.03974,0.13852,1.277,1.19413,1203505987584.0,0.065,,,2558519148544.0,1035891000000.0,1362280955904.0,0.0763828530418517,0.0701705948084774,0.0,0.9255276320612508,0.0507709430042092,-0.9950152068005972,0.14044689392036,,0.1163893414527745,,0.0415853751062581,0.0755087735388626,-0.0050048059947447,6.970792217953898,9.520099461251554,0.0360243615895802,0.0418060078938594,Japan,JPY
CAE.TO,Industrials,Aerospace & Defense,11376492544.0,14160279552.0,915699968.0,313100000.0,389787488.0,16.488,321460674.0,3234200064.0,552400000.0,11147800000.0,1390800000.0,791900032.0,0.0345,0.06227,0.1365,0.28303,0.959,0.60025,4913999872.0,0.04,-0.482,,14160279552.0,5304800000.0,2681800064.0,0.0646668001600764,0.0275216635346128,0.0342625362335929,0.4662948601674045,0.1247600423401926,1.2449296965825616,0.0700611603145096,,0.0700027350923512,0.6896956213975124,0.0128690045859546,-0.0058856052364051,0.0045876961407859,2.9286886073146614,3.145844504021448,0.2448519004172526,0.066772890229329,Canada,CAD
DHER.DE,Consumer Cyclical,Internet Retail,11284281344.0,13683525632.0,304900000.0,-782899968.0,355649984.0,5.498,303749142.0,4625500160.0,2112700032.0,10210000000.0,3433100032.0,79500000.0,0.00518,-0.30992,0.01148,0.24418,0.961,2.5786,14059599872.0,0.101,,,13683525632.0,1639600000.0,2512800128.0,0.0222822690730353,0.0,0.031517291456855,0.1452994612609332,0.3362487788442703,,0.1790658772600368,,0.1675759635419568,0.5966172204280475,-0.0160117491394695,-0.177965282921645,0.0377969047476713,8.241391039685142,-0.2237634127191834,0.0171873305048161,-0.0126042987292508,Germany,EUR
AM.PA,Industrials,Aerospace & Defense,23347529728.0,13862145024.0,798334016.0,977393024.0,1209924096.0,85.844,77566548.0,203051008.0,9439094784.0,32894565000.0,2704542976.0,1848529024.0,0.012669999,0.1504,0.0955,0.35719,1.056,3.047,7571724800.0,0.222,0.442,,13862145024.0,6656154000.0,-9236043776.0,0.0575909438703618,0.041862802420071,0.0518223602280704,0.2850902891031538,0.0822185359800319,1.2379094860411035,0.0223302045413036,-0.3054034491033514,0.0450499054227291,-0.3189700208530042,0.0220589600400659,0.1298220675869563,-0.0025259314581392,-11.569147237739648,199.0653876898481,9.10376679341577,0.1820466590016714,France,EUR
COLO-B.CO,Healthcare,Medical Instruments & Supplies,85323874304.0,109422403584.0,8518000128.0,2106000000.0,4203375104.0,57.038,207366796.0,24227999744.0,1067000000.0,48073000000.0,18919000064.0,7594999808.0,0.09899,0.14141,0.25691998,0.67459,1.748,1.88648,28045000704.0,0.022,,,109422403584.0,17942000000.0,23160999744.0,0.0778451199114906,0.0246824234972798,0.0492637627895777,0.2102811217417828,0.393547314792087,1.9959046077872744,0.1164027230026998,-0.2468598917770382,0.1057700326081146,-0.2288890789361156,-0.0094399917666628,-0.0017857513652692,0.0,2.719065437421886,9.044025157232705,0.3134802661487101,0.1898650611317964,Denmark,DKK
ELI.BR,Utilities,Utilities - Regulated Electric,14756844544.0,28995792896.0,2284300032.0,556600000.0,-2746650112.0,69.944,109148266.0,17771499520.0,4141799936.0,32148600000.0,2624199936.0,2090400000.0,0.03577,0.09034,0.3684,0.59074,1.215,1.98675,4442200064.0,0.146,-0.235,,28995792896.0,8150200000.0,13629699584.0,0.0787803954936897,0.0377180906351899,0.0,0.5522996447986435,0.0816271917284112,-4.934692978799856,0.0710010468300073,,0.061348753494428,-0.3133581332431518,0.3488557277287861,0.2896789101237182,0.406520256955995,5.966685371039736,3.9986183074265975,0.1176265400478709,0.0424481773612165,Belgium,EUR
0066.HK,Industrials,Railroads,193509572608.0,246482944000.0,27267999744.0,14677000192.0,-4788749824.0,30.879,6214180112.0,89849004032.0,39634001920.0,398938000000.0,19242999808.0,11873999872.0,0.03457,0.0773,0.36993,0.34694,2.711,0.41521,55465000960.0,-0.086,-0.286,,246482944000.0,215711000000.0,50215002112.0,0.1106283432901548,0.0758463780070032,0.0,1.1147303830646886,0.0482355649449287,-0.3262757894225692,0.0507370241812044,,0.0471929904208471,-0.2999076376554174,0.1587596647674168,0.0855485321048492,0.0,1.841535960959117,9.333480176211454,0.1321550528013759,0.0629804462464997,Hong Kong,HKD
RBI.VI,Financial Services,Banks - Regional,15917806592.0,9422836736.0,,1015000000.0,,60.593,328337590.0,33745000448.0,41322999808.0,210265000000.0,8842999808.0,3156999936.0,0.00651,0.06126,0.39265,0.0,,1.6009583664484297,8842999808.0,-0.063,-0.352,,9422836736.0,21078000000.0,-7577999360.0,0.0,0.0637650667592682,0.0,1.3241774159131583,0.0420564516586212,0.0,-0.0161847631868983,-0.2534323667122804,-0.0143922773146116,-0.421474868533692,,0.0521088210716984,0.0,,,0.0935545975429705,,Austria,EUR
9021.T,Industrials,Railroads,1187541286912.0,2628989222912.0,375927996416.0,127499001856.0,22132625408.0,2653.808,455083824.0,1543742029824.0,235207000064.0,3752359000000.0,462316994560.0,361634004992.0,0.03199,0.10167,0.00187,0.25046,1.034,1.15445,1845840052224.0,0.095,,,2628989222912.0,1156653000000.0,1308535029760.0,0.1429933577284137,0.1073638476920154,0.0186373523614931,0.973989715345123,0.1232070264492283,0.1735905778540685,0.1831973605395644,,0.1573776072210192,,,-0.0073316044425597,-0.0348223126405728,3.480812927569198,9.430475116600892,0.2342580547821383,0.0602520067574669,Japan,JPY
6841.T,Industrials,Specialty Industrial Machinery,1203286573056.0,1038106165248.0,107604000768.0,58112999424.0,41408000000.0,2041.796,252473042.0,34237999104.0,217548996608.0,718285000000.0,276393000960.0,85950996480.0,0.068169996,0.12125,0.12979999,0.45698002,2.285,6.461,604828991488.0,0.111,0.009,,1038106165248.0,467855000000.0,-183310997504.0,0.1036541390179431,0.0482952280240356,0.0344124175630379,0.3888142778920765,0.3847957300514419,0.7125428115985177,0.1298774746895561,0.2908553445720057,0.1233867094660881,0.3295711279946156,0.0323220857976342,0.0675008099681065,0.0,-1.7035704638829214,65.6845140032949,2.51039776649677,0.1532004741585511,Japan,JPY
BS6.SI,Industrials,Aerospace & Defense,13656494080.0,-997082304.0,9423176704.0,8637076480.0,-6466188288.0,1.5589691,3935589220.0,5712304128.0,20088229888.0,58333847000.0,9760972800.0,4464549888.0,0.09884,0.29443002,0.30958,0.34243,1.763,17.708,28504819712.0,0.158,0.251,,,32141914000.0,-14375925760.0,,0.6324519623707112,0.0,2.3535992335743026,0.1673294888300441,-0.7486547448055016,0.112449976822522,-0.1236829774633098,0.103455231118355,0.0168519689491016,0.1880162234407408,0.0692407708913677,-5.535876326026699e-08,-1.525592293509431,93.50192341015422,0.7815672604188066,0.3193517037242556,Singapore,SGD
BEI.DE,Consumer Defensive,Household & Personal Products,15301032960.0,13115370496.0,1607000064.0,939000000.0,375249984.0,39.36,218523759.0,217000000.0,2576999936.0,12758000000.0,5686000128.0,785000000.0,0.06568,0.11161,0.11214,0.57714003,1.898,2.518,9852000256.0,-0.002,0.196,,13115370496.0,8601000000.0,-2359999936.0,0.1225279960249778,0.0613684058099042,0.0245244870056145,0.5621189120031802,0.4456811512776297,0.3996272460063897,0.038397646535456,0.0894789448431669,0.0375461157373247,0.1316936836221352,0.013782224449988,-0.0194450849281377,-0.021774193548387,-1.468574886130185,40.64705882352941,3.617511520737328,0.1494215590874689,Germany,EUR
HM-B.ST,Consumer Cyclical,Apparel Manufacturing,267791564800.0,322835972096.0,24292999168.0,12291999744.0,19032625152.0,25.924,1401973003.0,76813000704.0,18733000704.0,170273000000.0,119793000448.0,30944000000.0,0.06871,0.27894,0.03165,0.53825,1.182,1.85427,222558994432.0,-0.103,0.231,,322835972096.0,42921000000.0,58080000000.0,0.0752487370297635,0.0459013701689232,0.0710725342159843,0.1602776399325928,0.7035349142142324,1.5483750039362187,0.0070065403986494,0.029494128631978,0.0054812105153027,0.0021025713879812,0.0265075235038942,-0.0551621960558003,-0.0037570266125745,2.390812249996122,7.10704862419902,0.4028484724772457,0.1735069476396429,Sweden,SEK
ORK.OL,Consumer Defensive,Packaged Foods,96969039872.0,115294478336.0,9319999488.0,6400000000.0,6867125248.0,48.507,977018020.0,18894000128.0,4698999808.0,88698000000.0,34219999232.0,9733000192.0,0.05153,0.1358,0.09896,0.47679,1.403,0.37017,71771996160.0,0.013,-0.045,,115294478336.0,48664000000.0,14195000320.0,0.0808364773622457,0.0660004472401506,0.0708177090034578,0.5018509007022954,0.3858035043856682,1.07298832,0.0700773504605682,0.4055661913665309,0.0613133874429283,0.3071143995446784,-0.0150221336681879,-0.0140942133694951,0.0,1.5230687875333926,9.783018867924527,0.5151370872267627,0.1284069177111566,Norway,NOK
SAP.TO,Consumer Defensive,Packaged Foods,16810833920.0,19558744064.0,1658000000.0,690000000.0,964124992.0,16.799,400448655.0,3272000000.0,444000000.0,13606000000.0,1659000064.0,1490000000.0,0.04815,0.10012999,0.060399998,0.094519995,1.71,0.48082,17550999552.0,,,,19558744064.0,6805000000.0,2828000000.0,0.0847702692245832,0.0410449596542085,0.0573514078235566,0.4047984789085347,0.121931505512274,1.3972825971014493,-0.0054850174262054,0.4493093553319085,-0.0023019787945795,0.3624568668046929,0.0261967929856785,-0.0220656939552936,-0.0316694014916136,1.7056694813027744,9.241071428571429,0.4553789731051345,0.0981042654028436,Canada,CAD
IG.MI,Utilities,Utilities - Regulated Gas,10905265152.0,21540096000.0,1969933312.0,682520000.0,,3.939,1016334191.0,11426100224.0,1056499968.0,18870029000.0,2646629888.0,,0.048649997,0.19504999,0.51488996,0.71171,1.12,2.63311,3718685952.0,0.01,-0.153,,21540096000.0,3818913000.0,10369600256.0,0.0914542494146729,0.0625862819919447,0.0,0.350189834613936,0.1402557403594875,0.0,0.1713865135291348,,0.1450075518089871,0.8860616432929245,0.0795575813804511,0.5761352771358584,0.1756805972923543,5.263934668667607,5.188051038661404,0.0,0.075978172779868,Italy,EUR
5201.T,Industrials,Conglomerates,1479110426624.0,2281719201792.0,323342991360.0,85361000448.0,40058126336.0,7038.2,212393793.0,702741020672.0,119848001536.0,2950077000000.0,514303000576.0,272099000320.0,,0.0574772783238593,0.06634,0.0,1.41,0.4086999999999999,2097212948480.0,0.077,2.438,,2281719201792.0,1485126000000.0,582893019136.0,0.1417102468638802,0.0577110396299703,0.0270825799176,1.0040670211417075,0.174335449744532,0.4692790164801607,0.0037448682247314,,0.0057310809682697,0.8981875341954197,-0.0169531492792843,0.0209062296148515,0.0,1.802708067629105,9.139222338204592,0.3871966945373472,0.062153430049772,Japan,JPY
7272.T,Consumer Cyclical,Auto Manufacturers,1164453740544.0,1969095049216.0,217792004096.0,26697000960.0,18472873984.0,1198.367,970378089.0,1181792993280.0,436674002944.0,2902584000000.0,804833984512.0,192319995904.0,0.027,0.03845,0.08229,0.30505,1.495,0.98199,2638377123840.0,0.166,0.351,,1969095049216.0,1132235000000.0,745118990336.0,0.11060512502061,0.0229266307715477,0.0158639826906047,0.9723314551517106,0.2772818924489351,0.6919456613002272,0.0406842993434741,,0.0416903213832123,0.6742824941887312,0.0277242831885309,0.0427817342260699,-0.0080177007058112,3.4212412591949923,11.877582686810944,0.1627357726755738,0.0819069362488638,Japan,JPY
0027.HK,Consumer Cyclical,Resorts & Casinos,135581294592.0,122105413632.0,13155785728.0,10673765376.0,6949467136.0,19.005,4379240712.0,2037282048.0,16916610048.0,99844492000.0,39133483008.0,14253562880.0,0.061869998,0.13397999,0.19709998,0.79387003,1.556,2.436,49294868480.0,0.183,0.242,,122105413632.0,83143496000.0,-14879328000.0,0.1077412158616387,0.0787259437824383,0.0512568282882442,0.61323721867534,0.3919443348762794,0.6510792481560351,0.6250891095004321,,0.3462814575104097,0.7411871242700069,-0.0325281370476412,0.0556853292488833,0.0009934324017021,-1.1310102116007952,69.55322699017069,6.996362086434092,0.1275274515808644,Hong Kong,HKD
TIGO,Communication Services,Telecom Services,15448159232.0,25658513408.0,2785999872.0,1235000064.0,1800625024.0,21.784,167541444.0,11886000128.0,1176999936.0,17253000000.0,4960000000.0,1976000000.0,0.057579998,0.37443,0.21813999,0.77067,0.615,3.75071,6435999744.0,0.451,-0.43,,25658513408.0,3640000000.0,10709000192.0,0.108579941000454,0.0799448041318584,0.1165591962743435,0.2356267789148588,0.2874862342780965,1.45799589529414,0.0114265469603014,0.6311127736603566,0.0127117164309411,0.5818544366899302,0.0423126453123469,0.2559510810220572,-0.0179916994731525,3.843862413501217,3.826825127334465,0.1662460019115355,0.1626027990189006,Sweden,USD
GBLB.BR,Financial Services,Asset Management,9620015104.0,15070674944.0,889475008.0,-362000000.0,,95.777,120025136.0,7719900160.0,4128699904.0,24795300000.0,4537500160.0,,,-0.0312740278701695,0.10573,0.70205003,,0.5772999999999999,6463200256.0,0.062,-0.315,,15070674944.0,11575100000.0,3591200256.0,0.0590202503408197,0.0,0.0,1.2032309590851968,0.1829983972769032,,0.0190050806016455,-0.2788752148462958,0.0077960684033882,-0.0173865574889116,-0.0231172349965078,-0.0966643107480891,-0.0375722543352601,4.037438065938329,-1.0236472945891784,0.0,-0.011550759573246,Belgium,EUR
KGF.L,Consumer Cyclical,Home Improvement Retail,4725209600.0,6619075072.0,1010000000.0,245000000.0,972374976.0,3.629,1665565607.0,2340999936.0,465000000.0,11398000000.0,4929999872.0,1432999936.0,0.0365,0.039189998,0.03945,0.38084,1.215,0.38016,12945000448.0,0.018,,,6619075072.0,6158000000.0,1875999936.0,0.1525892951830234,0.0518495518167067,0.2057845171566569,1.3032226126011426,0.4325320119319178,3.968877453061225,-0.0029183792395022,0.4153356236115004,-0.0041570081903878,0.2438438438438438,0.0136623011509313,-0.0039325351743423,-0.0464581508414708,1.857425679207921,4.048387096774194,0.6121315571022724,0.0593661305581835,United Kingdom,GBP
LIFCO-B.ST,Industrials,Conglomerates,138081746944.0,142845067264.0,6849999872.0,3697999872.0,4327750144.0,44.893,423836450.0,6211999744.0,1423000064.0,41106000000.0,12512000000.0,5098999808.0,0.08259,0.19341,0.1816,0.43896,1.049,0.30233,28504000512.0,0.036,0.076,,142845067264.0,19137000000.0,4788999680.0,0.0479540526194028,0.0267812361433966,0.0313419422898462,0.1385918155262124,0.304383788254756,1.1702948333687773,0.0944151144503928,0.1897129284327416,0.0867780943084248,0.1483023286067386,0.0189744352625159,0.0570084085474041,0.0,0.6991240539398363,12.65686274509804,0.8208306532731241,0.1703278580381291,Sweden,SEK
ANA.MC,Industrials,Engineering & Construction,12852294656.0,22005383168.0,1900000000.0,803000000.0,-849000000.0,86.341,54505065.0,13502999552.0,5808999936.0,35850000000.0,14963999744.0,2148000000.0,0.01976,0.17834,0.01826,0.69632006,1.188,2.14845,21489999872.0,-0.017,-0.095,,22005383168.0,4706000000.0,7693999616.0,0.0863425092621409,0.0624791153247583,0.0,0.3661602947924197,0.4174058505997211,-1.0572851805728518,0.2181483770743701,,0.1732178232459123,0.5326709973251815,-0.0178049705745538,0.035528596187175,0.0,4.049473482105263,3.0410557184750733,0.1590757662197988,0.0917252664632258,Spain,EUR
QIA.DE,Healthcare,Diagnostics & Research,6610312192.0,7675430400.0,727684992.0,402164992.0,238874368.0,13.882658,206250000.0,1667063040.0,646289024.0,6281232000.0,1388292992.0,615214976.0,0.060100004,0.11934,0.23817,0.66144997,3.215,0.50036,2098862976.0,0.018,-0.238,,7675430400.0,3778154000.0,1020774016.0,0.0948070602008194,0.0608390315493286,0.0361366242715575,0.5715545484481711,0.2210224032482799,0.593971063498237,-0.0080842571534515,-0.0754859029085625,-0.0069310469597587,-0.0332274887008923,-0.0247652002174592,0.1039805456320296,1.3394569824951976e-06,1.4027690927010352,15.742151792157806,0.3690412187411941,0.0907457755505846,Germany,EUR
ALO.PA,Industrials,Railroads,7339403264.0,8824612864.0,1155000064.0,279000000.0,567875008.0,21.455,462616024.0,3555000064.0,2296999936.0,35005000000.0,2352000000.0,891000000.0,0.01194,0.03408,0.03254,0.12269,0.938,0.32966,19171000320.0,0.041,-0.295,,8824612864.0,10663000000.0,1258000128.0,0.130883935850809,0.0380139896888489,0.0773734577013153,1.4528429105813472,0.0671904013712326,2.03539429390681,0.0511359071111181,,0.0493801019697434,,0.0035843184709675,0.0121147285028624,0.0011254954269321,1.0891775396473051,4.158333333333333,0.2506329068803077,0.0340034071550255,France,EUR
SCHN.SW,Industrials,Specialty Industrial Machinery,27101863936.0,25999400960.0,1554499968.0,1020000000.0,,40.789,66855448.0,0.0,2160000000.0,11722000000.0,7974000128.0,,0.07235,0.23524,0.13112001,0.73779,1.333,0.0,10808000512.0,-0.051,0.035,,25999400960.0,5056000000.0,-2160000000.0,0.0597898378655567,0.0376357877970567,0.0,0.1865554344136457,0.6802593523289541,0.0,-0.0118623518290507,0.3533059576829098,-0.0129267263398707,0.2429939077458659,0.0641826149810704,-0.0229223972659831,0.0,-1.389514341887719,32.46511627906977,,0.223897353648757,Switzerland,CHF
IAG.MC,Industrials,Airlines,20972453888.0,27465893888.0,6536000000.0,3467000064.0,,1.662,4446142383.0,14266999808.0,8289999872.0,42849000000.0,13002999808.0,,,0.4569056489193463,0.05361,0.38990003,,1.87872,33350000640.0,0.019,0.784,,27465893888.0,7588000000.0,5976999936.0,0.237967860308949,0.1653120842470296,0.0,0.3618079238854207,0.3034609864407571,0.0,0.1292201155786254,0.4756793800039496,0.1123226288274832,0.3882679702255305,0.0742384712706044,-0.0218016619486804,-0.049135279443901,0.9144736744186046,6.507334963325183,0.0,0.2190444837661001,Spain,EUR
HEN.DE,Consumer Defensive,Household & Personal Products,25789323264.0,26709708800.0,3236000000.0,2035000064.0,1473750016.0,50.38,253409961.0,3708000000.0,3139000064.0,32533000000.0,10421000192.0,2535000064.0,0.05092,0.09707,0.11959,0.50847,1.196,18.017,20494999552.0,-0.063,-0.033,,26709708800.0,20494000000.0,568999936.0,0.1211544470301376,0.0789086259910011,0.057145742093095,0.7946699411305653,0.3203209108290044,0.724201459288013,-0.0291487572267438,0.4122252075514125,-0.0262070890315378,0.1786565405263847,0.0902398241635344,-0.077025646845211,0.0,0.1758343436341161,24.52586206896552,0.683656975188781,0.1179763632593821,Germany,EUR
BCE.TO,Communication Services,Telecom Services,32078888960.0,77289816064.0,8657999872.0,6290999808.0,2681374976.0,21.565,932525817.0,42959998976.0,1376000000.0,80165000000.0,11107000320.0,6570999808.0,0.04425,0.31489,0.21271,0.44957,0.737,1.81626,24706000896.0,0.04,-0.029,,77289816064.0,23020000000.0,41583998976.0,0.1120199311230178,0.1961102772556871,0.0835869028800678,0.7176059005255524,0.1385517410341171,0.4262239799451604,0.0040376179523782,0.0062578567465614,0.0025295730833776,-0.0143218334556724,0.0005692544647187,0.0909029053548343,0.022189070403072,4.802956755691668,5.341971830985916,0.1529562375378768,0.1408726916162771,Canada,CAD
4689.T,Consumer Cyclical,Internet Retail,2779860697088.0,4403553107968.0,456323006464.0,193691992064.0,-50974248960.0,437.232,6858773712.0,1961998024704.0,1068032000000.0,9158346000000.0,1506271035392.0,662853976064.0,0.017180001,0.079380006,0.10559,0.73969,1.376,0.52834,2036366049280.0,0.107,-0.583,,4403553107968.0,2998170000000.0,893966024704.0,0.1036260935829994,0.0696768698758535,0.0,1.078532461407396,0.164469767291168,-0.2631716903564965,0.0695019389229767,,0.0684146548040652,0.907211474058043,0.0409393190271453,0.0126467704610663,-0.0632292755093884,1.959064110379292,,0.3378464033693421,0.036773095591336,Japan,JPY
PNDORA.CO,Consumer Cyclical,Luxury Goods,47737765888.0,62256951296.0,8463000064.0,5081999872.0,4049250048.0,53.771,74800632.0,16915999744.0,832000000.0,29603000000.0,25540999168.0,7692000256.0,0.17334999,1.2942799,0.20917,0.79046994,0.95,4.20796,32310999040.0,-0.032,-0.1,,62256951296.0,5282000000.0,16083999744.0,0.135936628566387,0.1064565921229564,0.084822780720408,0.1106461498929876,0.8627841491740702,0.7967827922054698,0.0714358931717487,0.1889123851143628,0.0733901100750664,0.143627201701262,0.0280707194231055,0.0664673247352114,-0.0365853658536585,1.9005080494348916,9.171394799054374,0.4547174493028888,0.4228107460083919,Denmark,DKK
SRT3.DE,Healthcare,Medical Instruments & Supplies,16027036672.0,21208256512.0,905500032.0,162600000.0,313200000.0,39.199,34813621.0,4300899840.0,573800000.0,9717200000.0,1620300032.0,886700032.0,0.03652,0.06177,0.17106001,0.45588002,0.91,1.10543,3554200064.0,0.018,,,21208256512.0,2706800000.0,3727099840.0,0.0426956374979552,0.0101453564578204,0.0195419781217057,0.1688896116852911,0.166745567859054,1.92619926199262,-0.0536576468075631,0.2313942522274528,-0.0531375093172846,0.2243915740677619,-0.0591451718620769,-0.0381866772245867,0.0,4.116068148300187,2.9334480780263914,0.2061661663806614,0.0659758961521587,Germany,EUR
TLX.DE,Financial Services,Insurance - Diversified,26106951680.0,,8504000000.0,2649999872.0,,55.426,258228991.0,0.0,,180814000000.0,10307999744.0,,0.02861,0.20076999,0.15022,0.22693,17.0,0.0,45424001024.0,-0.035,0.282,,26106951680.0,13468000000.0,0.0,0.325736995426959,0.1015055263625477,0.0,0.5158779226728932,0.0570088585175926,0.0,0.3726567352206773,,0.3507607852497165,,,0.002189348128523,0.0,0.0,15.45868945868946,,,Germany,EUR
DSG.TO,Technology,Software - Application,8910988288.0,8495610880.0,319684000.0,175999008.0,268274368.0,26.486599,85690827.0,8127000.0,376977984.0,1895665000.0,583110016.0,287787008.0,0.080690004,0.11422,0.32851002,0.77348,2.05,0.499,753873984.0,0.147,0.341,,8495610880.0,1618912000.0,-368850984.0,0.037629312890564,0.0197507843475688,0.0301060173495315,0.1816759205238897,0.307601826272047,1.5242947732978132,0.1446990636795522,0.1182061266474441,0.1323532342163819,0.1081795873641591,0.0040017420544573,0.1507122808039898,0.0048601634308934,-1.1537987012174522,225.4984488107549,35.4112228374554,0.130382476870634,Canada,CAD
AZRG.TA,Real Estate,Real Estate Services,52971905024.0,75968503808.0,2084999936.0,1972000000.0,-455124992.0,216.612,124464060.0,28988999680.0,3991000064.0,63572000000.0,2537999872.0,1310000000.0,0.020450002,0.07802,0.48161,0.62175,0.929,1.0996899999999998,4081999872.0,0.189,0.176,,75968503808.0,25295000000.0,24997999616.0,0.0274455837812674,0.037227281123957,0.0,0.4775172799343272,0.0399232346315988,-0.2307936064908722,0.1322863002584848,0.0225378735644781,0.1242842655433341,0.0489678348535765,-0.0554584009634011,0.097336578461326,0.0,11.989448625095784,3.016849199663016,0.0451895551574962,0.0617339286637819,Israel,ILS
EXO.AS,Industrials,Farm & Heavy Construction Machinery,21709125632.0,15690438656.0,,-3792999936.0,-2074625024.0,164.371,202231958.0,3708000000.0,1408000000.0,37130000000.0,-3518000128.0,2863000064.0,-0.05649,-0.10617,1.01824,0.0,4.275,11.155,-3518000128.0,,,,15690438656.0,33241000000.0,2300000000.0,0.0,0.0,0.0,1.5311993934477774,-0.0947481855103689,,,,-0.6202456679096293,-0.6691338930623066,,-0.1255299105040037,-0.0555927518987186,,148.75,0.7721143646170442,0.412701495436007,Netherlands,EUR
8331.T,Financial Services,Banks - Regional,1652775845888.0,1445054775296.0,,94063001600.0,,1801.691,694735530.0,2450237947904.0,2703388049408.0,21211781000000.0,329513009152.0,-1602780004352.0,0.00439,0.0783,0.44296002,0.0,,1.9488093119414616,329513009152.0,0.18,0.298,,1445054775296.0,1257300000000.0,-253150101504.0,0.0,0.0569121347181002,0.0,0.760720216917546,0.0155344338672928,0.0,0.1150471036051239,,0.1141495484314647,-0.8700317565510035,,-0.0193937098163161,-0.0372429728832164,,,-0.6541323897636396,,Japan,JPY
9107.T,Industrials,Marine Shipping,1691263172608.0,1653701869568.0,136545001472.0,132986003456.0,16952250368.0,2851.951,632247949.0,296046985216.0,322548006912.0,2210049000000.0,168909996032.0,264771993600.0,0.0231,0.07754,0.06162,0.16586,2.324,16.072,1018363969536.0,0.031,0.48,,1653701869568.0,1648433000000.0,-26501021696.0,0.0825692973955879,0.0786311708371973,0.0100234254742618,0.9746756310302944,0.0764281678967298,0.1274739440802043,0.1145100345163236,-0.0855494549097595,0.0958815503126187,-0.1924496971359675,0.0743392756150423,0.0476986221883426,-0.1057129326362385,-0.194082693692997,44.59899168824091,0.8943580134984948,0.1632809436723845,Japan,JPY
8593.T,Financial Services,Credit Services,1888955138048.0,11470014251008.0,299916984320.0,162206007296.0,14917374976.0,1386.087,1435921854.0,9923127672832.0,374890987520.0,13089557000000.0,516238999552.0,-367536996352.0,0.01314,0.085389994,0.10312,0.23302001,1.653,4.93989,2215383924736.0,0.031,,,11470014251008.0,1990314000000.0,9548236685312.0,0.0261479173222163,0.0858707568161834,0.0078971568331767,1.0536586919987638,0.0394389970227411,0.0919656135100975,0.0532203880878592,,0.053854198071239,,0.0373274347016915,0.1128368932283156,0.0,31.83626531508597,25.84334649450432,-0.0370384226092605,0.0266542841023679,Japan,JPY
PME.AX,Healthcare,Health Information Services,17006665728.0,16662721536.0,178906000.0,234695008.0,102712752.0,3.722,104469963.0,2546000.0,221819008.0,338704000.0,240246000.0,127837000.0,0.26948,0.76801,0.72661,0.99867,6.225,0.655,240567008.0,0.284,2.309,,16662721536.0,256963000.0,-219273008.0,0.0107369015087644,0.0138001776335025,0.0060395584674127,0.0151095461103191,0.7093096036657376,0.437643530960829,0.3160673398210862,,0.2667607278717077,,0.0035271818786456,0.3130046790018646,0.0003641565043856,-1.225632499748471,,50.21091908876669,0.5332616065447311,Australia,AUD
4911.T,Consumer Defensive,Household & Personal Products,1025257439232.0,1284177920000.0,80806002688.0,-35995000832.0,62867374080.0,1518.58,399554717.0,346880016384.0,91786002432.0,1267256000000.0,747928027136.0,106566000640.0,0.01193,-0.05583,0.05317,0.76812,1.271,0.5546800000000001,973708984320.0,0.016,1.269,,1284177920000.0,600756000000.0,255094013952.0,0.0629243046695585,0.0,0.0613186226935282,0.5859562457308424,0.5901948991648096,,-0.0313807677444418,,-0.0274474371346355,0.7269087561883754,0.0724210470953019,-0.0484980268018572,0.0,3.1568696070382707,-3.410407383831954,0.3072128563382857,-0.0232373054657707,Japan,JPY
8113.T,Consumer Defensive,Household & Personal Products,1589528231936.0,1429998272512.0,159053004800.0,60061999104.0,34920124416.0,455.329,1720827420.0,10444999680.0,233353003008.0,1223176000000.0,374034006016.0,132831002624.0,0.058569998,0.07699,0.13442001,0.39292,2.566,1.183,951933009920.0,0.029,-0.196,,1429998272512.0,794705000000.0,-222908003328.0,0.1112260118472732,0.0377860536838947,0.0219688607691278,0.4999628091110228,0.3057891963347874,0.5814013009379568,0.0172381981318352,0.2016824172311431,0.0200239476786411,0.108887817966318,0.0250404807797451,-0.0135462627008813,0.0,-1.4014699288975645,27.82942973523421,12.717185896936284,0.1139586111131381,Japan,JPY
7912.T,Industrials,Conglomerates,1110234365952.0,1139376521216.0,155807006720.0,103959003136.0,-5850124800.0,2759.419,429990060.0,263560003584.0,298134994944.0,1917838000000.0,365983989760.0,40367001600.0,0.03196,0.086260006,0.06429,0.24195999,2.261,0.208,1512571011072.0,0.015,,,1139376521216.0,1135846000000.0,-34574991360.0,0.1367476017091478,0.0936369890215545,0.0,1.0230686734562018,0.1908315456049989,-0.0562733830022092,0.0273807514183468,0.5456256594912412,0.0280009936092212,0.5971422153203043,0.014148781617837,-0.0193242174256978,-0.054104679266271,-0.221909091817254,172.40752032520325,0.1531605746360316,0.1144685295717171,Japan,JPY
SDLF.L,Financial Services,Insurance - Life,7825464832.0,11505778688.0,293000000.0,-472000000.0,19254874112.0,0.244,1001980147.0,7590000128.0,4376999936.0,332241000000.0,2067000064.0,-993000000.0,0.00054000004,-0.22272,0.0065200003,0.07138,0.154,5.8746100000000006,28959000576.0,1.279,,,11505778688.0,738000000.0,3213000192.0,0.0254654646108903,0.0,2.460540622872996,0.0943074968508145,0.0062213876794254,,,,0.7376210914889202,,,0.0792056051998168,0.0031306628842715,10.965870962457338,-0.6240601503759399,-0.1308300373193353,,United Kingdom,GBP
CAR.AX,Communication Services,Internet Content & Information,9982925824.0,11498193920.0,571798976.0,295355008.0,312085888.0,7.452,378858647.0,1466845952.0,232440992.0,4889787000.0,1070003968.0,569024000.0,0.061329998,0.104270004,0.37304002,0.86976,1.918,0.50707,1230236032.0,0.08,0.156,,11498193920.0,2978023000.0,1234404960.0,0.0497294601202899,0.0295860164852608,0.0312619660310119,0.2983116425487727,0.2188242489908047,1.0566466778853467,0.3248655308019672,,0.2621768969851602,,0.0507656430257349,0.0473919447124323,0.0018471844072509,2.158809322526664,5.331808654770314,0.3879234893235742,0.099639928682551,Australia,AUD
SGP.AX,Real Estate,REIT - Diversified,9969740800.0,14960232448.0,882000000.0,873000000.0,647374976.0,4.295,2431644122.0,5773000192.0,376000000.0,17743000000.0,878000000.0,200000000.0,0.03013,0.08606,0.21638,0.24964,1.216,0.55805,3516999936.0,0.306,0.176,,14960232448.0,10185000000.0,5397000192.0,0.0589563031901895,0.0875649645776147,0.0649339826367401,1.0215912534055047,0.0494843036690525,0.7415520916380298,0.0367138866749319,,0.0389844948032032,,0.0075549180448982,0.0400351699882766,0.0028918921541721,6.119047836734694,9.39047619047619,0.03464403141319,0.0650267097540064,Australia,AUD
VCX.AX,Real Estate,REIT - Retail,11972067328.0,16588334080.0,854899968.0,1317600000.0,607075008.0,2.553,4640336267.0,4868800000.0,55700000.0,16342500000.0,1006800000.0,661299968.0,0.031889997,0.116569996,0.62759995,0.72536004,0.5,0.41454,1388000000.0,0.012,0.626,,16588334080.0,11127900000.0,4813100000.0,0.0515362159863131,0.1100561802654105,0.0507076172700922,0.9294885916632224,0.0616062413951353,0.4607430236794171,0.0386360766510269,,0.0368234023755767,,-0.009310443939302,0.0392158109603327,0.0023284932891066,5.630015417195571,5.896129348358648,0.1358240157739073,0.0806179323650785,Australia,AUD
SBRY.L,Consumer Defensive,Grocery Stores,6871885312.0,11216182272.0,1548999936.0,414000000.0,821875008.0,4.577,2212454856.0,6600999936.0,729000000.0,18943000000.0,2270000128.0,1056000000.0,0.03023,0.064109996,0.03461,0.06747,0.555,1.07333,33646999552.0,0.026,0.299,,11216182272.0,6150000000.0,5871999936.0,0.138104026703178,0.0602454757615139,0.1195996397909616,0.8949509080514759,0.1198331905189252,1.9852053333333333,0.022319470231733,-0.1329459937972245,0.0215201155607462,-0.2831521739130435,0.0019258219989849,-0.2348426707597851,-0.032373309050069,3.790832910660624,2.8700906344410875,0.1599757627993408,0.075325087218522,United Kingdom,GBP
STERV.HE,Consumer Cyclical,Packaging & Containers,7479271936.0,10992206848.0,621000000.0,614000000.0,-193624992.0,13.227,613084873.0,4613000192.0,1011000000.0,19059000000.0,2294000128.0,566000000.0,0.00606,0.059860002,0.04962,0.24608,1.073,0.44865,9322000384.0,-0.002,-0.714,,10992206848.0,10796000000.0,3602000192.0,0.0564945700701574,0.0820935520534602,0.0,1.443456006464424,0.1203630897738601,-0.3153501498371335,-0.072278710910113,,-0.075121036222149,-0.8386913229018492,-0.1510033446044201,-0.0375214624785375,0.0,5.80032237037037,4.876237623762377,0.1226967215352762,0.0624128754277024,Finland,EUR
7911.T,Industrials,Conglomerates,1301314011136.0,1272201609216.0,154861993984.0,64801001472.0,,4742.826,283634284.0,522238001152.0,441365987328.0,2515087000000.0,424250015744.0,86121996288.0,0.01654,0.05034,0.046240002,0.23504,1.865,0.37036,1805033013248.0,,,,1272201609216.0,1293557000000.0,80872013824.0,0.1217275570649799,0.0497965909207656,0.0,0.994039093508854,0.1686820438990778,0.0,0.0354386604456726,,0.0334639255914288,-0.560333283018868,,0.0339489398998399,-0.0304223004710832,0.5222198923278459,35.25111607142857,0.1649094782417677,0.111990109933619,Japan,JPY
IPN.PA,Healthcare,Drug Manufacturers - Specialty & Generic,12930110464.0,12261344256.0,1340099968.0,443500000.0,651950016.0,52.471,82409885.0,970400000.0,1526499968.0,6937800000.0,3178299904.0,1138400000.0,0.09596,0.10436,0.26098,0.80889,1.961,0.22376,3929200128.0,0.093,-0.039,,12261344256.0,4335900000.0,-556099968.0,0.1092947021158982,0.0342997843084784,0.0504210708651839,0.3353335620814693,0.4581135091815849,1.470011310033822,0.0757205054131457,0.0406366622154739,0.0740681339767731,-0.0462578051492601,-0.0239287672816294,0.0774654449448672,0.0,-0.4149690181919324,14.060948081264108,1.1731244847485574,0.113297804616308,France,EUR
WISE.L,Technology,Information Technology Services,7922095104.0,6851939840.0,520900000.0,386600000.0,429337504.0,1.395,1000264562.0,301300000.0,1583200000.0,19246200000.0,1370400000.0,5329099776.0,0.016649999,0.2967,0.27491,0.79707,1.075,0.21035,1719299968.0,0.092,-0.132,,6851939840.0,1386200000.0,-1281900000.0,0.0760222670022742,0.0488002220277309,0.0541949444387786,0.1749789647564422,0.0712036661782585,1.110547087428867,0.4741678047166993,0.125671149150979,0.3496965362215183,0.090238323117546,0.0693967909752655,0.2714336676047406,0.0002176082651764,-2.4609330005759262,37.675324675324674,17.68702215731829,0.3577285899253961,United Kingdom,GBP
7202.T,Consumer Cyclical,Auto Manufacturers,1431514906624.0,2144220610560.0,356172988416.0,134875996160.0,-32667875328.0,2152.836,687237114.0,857400016896.0,376246009856.0,3303310000000.0,664900993024.0,247418994688.0,0.03663,0.10679,0.03229,0.19111,1.724,0.51527,3479073980416.0,0.135,-0.42,,2144220610560.0,1372860000000.0,481154007040.0,0.1661083690091848,0.0942190650868481,0.0,0.959025989633368,0.2012832561957551,-0.242206739954283,0.0877153136186921,,0.0768630301157665,,0.0224560551971995,0.0128074546425643,-0.0822125564702365,1.350899766935795,20.592417819723263,0.2885689174391644,0.1187915939215201,Japan,JPY
4755.T,Consumer Cyclical,Internet Retail,1608530657280.0,2558016094208.0,448979009536.0,-123063001088.0,-1065982885888.0,414.565,2173690151.0,5654297182208.0,5042265915392.0,28804400000000.0,487968014336.0,674750005248.0,0.00315,-0.05229,0.05495,0.18932,24.049,4.42908,2577454071808.0,0.144,,,2558016094208.0,992402000000.0,612031266816.0,0.175518445936522,0.0,0.0,0.6169618188553124,0.016940745661635,,0.0913073304633018,,0.0882735970972684,0.5940443389826264,,0.0863547233069862,0.0071889616611609,1.3631623167606597,0.7027252698610706,0.1193340186241343,0.0024764305168079,Japan,JPY
7309.T,Consumer Cyclical,Leisure,1440320847872.0,921398870016.0,73687752704.0,37019000832.0,,10072.874,85301799.0,3457999872.0,450509996032.0,938250000000.0,163376005120.0,,0.031040002,0.043670002,0.08841,0.34735,11.002,0.398,470348005376.0,0.036,0.347,,921398870016.0,868256000000.0,-447051996160.0,0.0799737823671526,0.0257019127972032,0.0,0.6028212403387784,0.17412843604583,0.0,-0.0949452786854714,-0.3999992821070874,-0.1012353830004053,-0.4197321604176724,-0.0650314863386208,-0.021589170689283,-0.0290619389587073,-6.066842585847141,518.045871559633,0.0,0.064215718049931,Japan,JPY
G24.DE,Communication Services,Internet Content & Information,5275374592.0,5595451392.0,332671488.0,258543008.0,,20.472,70715482.0,364400000.0,26500000.0,2058823000.0,522864000.0,,0.092889994,0.1766,0.55232,0.75544,0.221,0.25206,692129024.0,0.14,0.406,,5595451392.0,1477478000.0,337900000.0,0.0594539143840354,0.0490094122210914,0.0,0.2800707275347927,0.2539625795903776,0.0,0.1322170350140907,0.2585277543203197,0.1221220738356791,0.2235337092193118,-0.0203567627074149,-0.0065959209512408,0.0,1.015716742157356,72.7432881615955,0.0,0.1622458092530051,Germany,EUR
GET.PA,Industrials,Railroads,9992373248.0,13750930432.0,839000000.0,320000000.0,208250000.0,5.104,542474124.0,5281999872.0,1498000000.0,9006000000.0,859000000.0,816000000.0,0.043169998,0.12177,0.41169998,0.52061003,3.312,1.90824,1650000000.0,0.124,0.461,,13750930432.0,2768000000.0,3783999872.0,0.0610140531325466,0.0320244242341576,0.0208408948336354,0.2770112696254638,0.0953808572063069,0.65078125,-0.0022883375171389,-0.1273508584268258,-0.0149307645996387,-0.142432859399684,-0.0498346717052432,-0.0249025552187093,0.0,4.510130955899881,2.3504273504273505,0.1544869405100962,0.06495807251683,France,EUR
CRBG,Financial Services,Asset Management,12553310208.0,25669005312.0,1880999936.0,245000000.0,1860249984.0,22.578,456733121.0,17123999744.0,5097999872.0,413547000000.0,3441999872.0,1636999936.0,0.00196,0.016900001,0.105670005,0.18412,1.175,1.48375,18694000640.0,0.021,,,25669005312.0,13201000000.0,12025999872.0,0.0732790348958575,0.0195167645776701,0.1481880040544601,1.0515951395503027,0.00832311653089,7.59285707755102,-0.1124816582209113,,-0.1139363705279632,,,0.0620189677886578,0.0,6.393407911312124,0.019927536231884,0.0955968208638627,2.972282118210362e-05,United States,USD
T.TO,Communication Services,Telecom Services,25840322560.0,56721920000.0,5175000064.0,928000000.0,2369625088.0,9.968,1561348884.0,31119998976.0,1302000000.0,59613000000.0,7063000064.0,4839000064.0,0.03304,0.0374,0.14031,0.34764,0.669,1.90139,20316999680.0,-0.006,-0.585,,56721920000.0,15775000000.0,29817998976.0,0.0912345714672564,0.0359128643942128,0.0917026125543844,0.6104799954942978,0.11848086934058,2.553475310344828,0.0361102000226678,0.2640566845397838,0.0319666928993932,0.2384160945233913,0.0097828397500843,0.0273143999448542,0.0300142158535557,5.761932098016685,1.7892317793827972,0.155494865784921,0.0545829661084849,Canada,CAD
9843.T,Consumer Cyclical,"Furnishings, Fixtures & Appliances",1506160017408.0,1544893497344.0,190777999360.0,89270001664.0,,1749.485,565057238.0,160000000000.0,145009999872.0,1529421000000.0,485414010880.0,148910997504.0,,0.0985616009044658,0.089449994,0.53211,1.23,16.185,912248012800.0,,,,1544893497344.0,905728000000.0,14990000128.0,0.1234894183242973,0.0592699319011453,0.0,0.6013491193045324,0.3173841675248345,0.0,,,0.0666914795022972,0.6078599290584218,,0.0837027347990352,0.0,0.0785730020143136,37.29419035846724,0.9306937344,0.1026436585110699,Japan,JPY
6823.HK,Communication Services,Telecom Services,90210369536.0,137026519040.0,10064000000.0,5286000128.0,4338375168.0,4.856,7580703430.0,48336998400.0,2814000128.0,121152000000.0,17412999168.0,11628000256.0,0.04354,0.14736,0.24258,0.47638,0.426,1.25897,36552998912.0,0.063,0.044,,137026519040.0,36821000000.0,45522998272.0,0.0734456371694166,0.058596369299768,0.0480917569711173,0.4081681539427232,0.1437285324881141,0.8207292968117007,0.0231754758332365,0.0230682841304592,0.0220576555691501,0.0285057471264367,-0.0227001550961827,0.0371448383313501,0.0012506092052806,4.523350384737679,4.927981109799291,0.2405610741439832,0.0900558803857688,Hong Kong,HKD
ASX.AX,Financial Services,Financial Data & Stock Exchanges,9539908608.0,4774110208.0,661699968.0,522700000.0,3248662528.0,20.117,195409849.0,481400000.0,5062900224.0,17569400000.0,1093200000.0,711200000.0,0.02559,0.13638,0.55858004,0.92786,1.131,12.328,1178200064.0,0.112,0.08,,4774110208.0,3872800000.0,-4581500224.0,0.1386017371134805,0.0547908812838807,0.3405339255845416,0.4059577674310567,0.0622218174781153,6.215156931318155,0.0268529351984494,,0.0277291288030778,,0.0,0.0404405886358925,0.0021226133809418,-6.923833225876777,2.454692556634304,1.4773577066888242,0.2734996506884817,Australia,AUD
LHA.DE,Industrials,Airlines,9634894848.0,15035886592.0,3553999872.0,1552000000.0,-2176499968.0,10.283,1199264908.0,13020000256.0,7696999936.0,48394000000.0,7596000256.0,4353999872.0,0.02063,0.13717,-0.10998999,0.18857001,0.808,1.05017,40282001408.0,0.076,,,15035886592.0,11649000000.0,5323000320.0,0.2363678290770657,0.1610811559943658,0.0,1.209042774599464,0.1569616121006736,-1.402384,0.0862372570984253,,0.0787234783820506,-1.0197549387346836,-0.0066954049015836,0.0285216356371673,0.0008063160780205,1.4977491591761092,4.510054844606947,0.3344085857443473,0.0867043896952869,Germany,EUR
KESKOB.HE,Consumer Defensive,Grocery Stores,8556391936.0,12286986240.0,853900032.0,407100000.0,364837504.0,6.311,271394260.0,3879300096.0,169300000.0,8823100000.0,1837299968.0,981900032.0,0.04358,0.16302,0.031889997,0.14494,0.868,1.5256,12675999744.0,0.071,0.074,,12286986240.0,2797700000.0,3710000096.0,0.0694962959444154,0.0475784656716314,0.0426391762706649,0.326971931735503,0.2082374639299112,0.8961864505035618,0.01844831942277,-0.1247154371140722,0.0177829272562078,-0.1117673969399684,-0.0025148731500844,0.0415407498347341,0.0,4.344771000078848,4.711272727272728,0.2531126769523323,0.1073814378304904,Finland,EUR
ELISA.HE,Communication Services,Telecom Services,6429403136.0,7873071104.0,715900032.0,343400000.0,352312512.0,8.363,160574503.0,1561900032.0,134200000.0,3515700000.0,1002099968.0,698499968.0,0.08590999,0.25175,0.22611,0.44544,1.497,1.15748,2249700096.0,-0.013,0.017,,7873071104.0,1252400000.0,1427700032.0,0.0909302129427332,0.0534108676553829,0.054797079067465,0.1947925761549259,0.2850356879142134,1.0259537332556783,0.0195872253467834,0.0847510444413799,0.0179846094124631,0.075384398363662,0.0372524366485017,0.0474615659635323,0.0,1.9942728987055,11.04255319148936,0.4472116996537714,0.1699286961583236,Finland,EUR
SPX.L,Industrials,Specialty Industrial Machinery,4929564672.0,5655070720.0,375900000.0,163400000.0,193537504.0,16.572,73795881.0,1023900032.0,369000000.0,2661100000.0,1301900032.0,296200000.0,0.07152,0.13457,0.18507999,0.76452005,1.852,0.83768,1702899968.0,0.051,0.008,,5655070720.0,1222100000.0,654900032.0,0.0664713172676291,0.0331469431627734,0.0392605669825767,0.2479123576451985,0.4892337875314719,1.1844400489596083,0.0187488939614883,0.2267772768608134,0.015582543947878,0.1780915032679738,0.0073810837309349,0.0060869565217391,0.0,1.7422187603085928,5.819148936170213,0.2892860540510267,0.1305177761870675,United Kingdom,GBP
SCA-B.ST,Basic Materials,Paper & Paper Products,69560000512.0,84161069056.0,4022000128.0,2784999936.0,3739000064.0,142.544,641477659.0,16019999744.0,2356000000.0,146457000000.0,16094000128.0,4056999936.0,0.008590001,0.02715,0.01313,0.70081,1.216,15.999,22965000192.0,-0.051,-0.525,,84161069056.0,101504000000.0,13663999744.0,0.0477893184237452,0.040037376588569,0.0537521569361543,1.4592294314674314,0.1098889102466935,1.3425494254661268,-0.0059180616702071,0.4891359947697953,0.0052807604295018,0.3373626373626374,-0.0470576119912956,-0.0187990325800767,0.0,3.39731459700242,9.296680497925312,0.2532459426236555,0.0323274151775086,Sweden,SEK
0012.HK,Real Estate,Real Estate - Diversified,129168203776.0,289998831616.0,4531999744.0,5653000192.0,7917250048.0,66.606,4841387003.0,164753997824.0,23119998976.0,539381000000.0,8120000000.0,12325000192.0,0.00508,0.019129999,0.13522,0.31545,3.1,0.48331,25741000704.0,0.2,-0.161,,289998831616.0,322464000000.0,141633998848.0,0.0156276482865317,0.0437646419687253,0.0612941096690473,2.4964657754257256,0.0150542937181695,1.400539497452046,0.002472584014703,,-0.0067000902821798,,-0.0868314095800261,0.0153245237557412,0.0,31.25198738934439,3.806941431670282,0.0748085045266476,0.017470161362573,Hong Kong,HKD
BEIJ-B.ST,Industrials,Industrial Distribution,66860838912.0,74629169152.0,3788999936.0,2324999936.0,2059500032.0,45.263,478955126.0,13376000000.0,2867000064.0,44519000000.0,11818999808.0,4071000064.0,0.046090003,0.1037,0.07989,0.32189,1.503,0.58051,36717998080.0,-0.039,0.0,,74629169152.0,21795000000.0,10508999936.0,0.0507710320113949,0.0347737176773998,0.030802784791717,0.3259755688780072,0.2654821493744244,0.8858064897598346,0.1786452966049903,,0.1468008187143675,0.6548334380892521,0.0182267052977729,-0.0352785663206709,0.0,2.7735550576689163,7.104330708661418,0.3043510813397129,0.1159108427543679,Sweden,SEK
INDU-A.ST,Financial Services,Asset Management,221348298752.0,227423502336.0,40326000640.0,40070000640.0,24360249344.0,471.048,210635902.0,7276000256.0,337000000.0,198900000000.0,40440999936.0,9246999552.0,0.1302,0.21636999,0.99728996,1.0,1.82,3.576,40440999936.0,0.593,0.602,,227423502336.0,191018000000.0,6939000256.0,0.1773167690488803,0.1810269194112699,0.110053926239087,0.862974782625358,0.2033232777073906,0.6079423248045149,,,0.6016676379611781,,,0.187859821791166,0.0,0.1720726118601777,,1.2708904929428304,,Sweden,SEK
ZAL.DE,Consumer Cyclical,Internet Retail,6500334080.0,6627723264.0,530300000.0,117600000.0,1178249984.0,10.877,258154635.0,1407600000.0,1259699968.0,9257700000.0,5149100032.0,831100032.0,0.02444,0.04276,-0.026600001,0.39845002,1.09,0.52176,12922699776.0,0.238,,,6627723264.0,2825800000.0,147900032.0,0.0800123932271653,0.0180913778511519,0.1812599121059328,0.4347161184675603,0.5561964669410329,10.019132517006804,0.0607272754846279,1.0283736500070455,0.0592868365640248,0.4003355548305914,0.0067782580898262,0.1595460864990794,0.0009257641558072,0.2788987969074109,5.916323731138546,0.5904376470588235,0.1003396612693095,Germany,EUR
IVN.TO,Basic Materials,Other Industrial Metals & Mining,16002824192.0,16129934336.0,16381000.0,131812000.0,-327088992.0,5.74679,1426276651.0,1236732032.0,753897024.0,7625844000.0,107650000.0,-143716000.0,-0.00458,0.01946,-0.072620004,0.20306998,2.328,0.21705,530124000.0,1.149,-1.0,,16129934336.0,5904572000.0,482835008.0,0.0010155652006245,0.0082367961066456,0.0,0.3689706222575241,0.0141164702556202,-2.4814811398051773,,,1.1323130880350225,-0.3893316305018072,,0.3291103963273554,0.0540427523080744,29.475307246199865,202.35040650406503,-0.1162062567164105,0.0349708694347904,Canada,CAD
1308.HK,Industrials,Marine Shipping,90512711680.0,89769336832.0,1267216000.0,1222887040.0,1048640768.0,7.194752,2690627687.0,324246016.0,973179008.0,3477570000.0,1310466048.0,1401037056.0,0.21556,0.49988997,0.31551,0.38412,1.687,12.964,3411646976.0,-0.006,-0.12,,89769336832.0,2478538000.0,-648932992.0,0.0141163569289984,0.0135106662622529,0.0115855634919808,0.0273833139455887,0.3768338374209577,0.857512373342349,-0.0604136252857913,-0.0580417723724264,-0.0453386742004454,-0.0209682744515112,-0.0970671520392207,0.0873954409420923,0.0189397212337769,-0.5120934331637227,81.46745980707395,4.320907542006623,0.4602467304007516,Hong Kong,HKD
7259.T,Consumer Cyclical,Auto Parts,1657097945088.0,2075933671424.0,493432012800.0,171696996352.0,54233624576.0,3037.062,724572804.0,686002012160.0,592397991936.0,4643016000000.0,618932994048.0,376084004864.0,0.032509997,0.085559994,0.05373,0.12094,1.787,0.27483,5117763911680.0,0.042,0.164,,2075933671424.0,2135837000000.0,93604020224.0,0.2376916081627633,0.1036130645511614,0.0327280742437466,1.288902087128336,0.1333040838213781,0.3158682197609001,0.0771668562586149,,0.0759739506710777,0.6880524385735269,0.0006030966101676,0.0836521495588853,-0.0848393350341787,0.1896999339237034,4.510789036881098,0.5482258042944106,0.0643148269685776,Japan,JPY
2801.T,Consumer Defensive,Packaged Foods,1474124578816.0,1438649679872.0,102685999104.0,61615001600.0,19494875136.0,605.397,926539665.0,61428998144.0,111770001408.0,679414000000.0,252613001216.0,90508001280.0,0.06633,0.11459,0.07875,0.33883,3.291,10.799,745538977792.0,0.111,0.23,,1438649679872.0,508539000000.0,-50341003264.0,0.0713766530800856,0.0417976896155469,0.0132247134442721,0.3449769492402417,0.3718101205097334,0.3163981924817478,0.1114019805217345,0.0079298196484194,0.098924576662583,0.0524329611765102,,0.0172741388010067,0.0,-0.490242133331291,42.48291233283804,1.473375832499073,0.1450428924366252,Japan,JPY
HARL.TA,Financial Services,Insurance - Diversified,34042978304.0,-14405614592.0,5616999936.0,3044999936.0,1022625024.0,59.177,205697759.0,23936999424.0,71755997184.0,163631000000.0,7363999744.0,2799000064.0,0.02152,0.26983,0.21208,0.35197,9.769,1.96012,20921999360.0,0.052,0.105,,,12168000000.0,-47818997760.0,,0.0894457561500198,0.0300392349596463,0.3574305365218377,0.0450036957789172,0.3358374533640713,0.3086394878213883,0.4562989825824048,0.2074406175116225,0.1069210225104921,,0.04762057198466,0.009758065900581,-8.51326300602614,5.954696132596685,0.1169319518466309,,Israel,ILS
SHL.AX,Healthcare,Diagnostics & Research,10023146496.0,15574810624.0,1327803008.0,539401024.0,597782848.0,17.327,494237953.0,5950275072.0,557123008.0,16053918000.0,3422190080.0,1358736000.0,0.03816,0.06631,0.089770004,0.32836,1.006,0.68216,10421970944.0,0.166,0.079,,15574810624.0,8323498000.0,5393152064.0,0.0852532361423337,0.0538155382858329,0.0596402385457062,0.8304276509698537,0.2131685287043324,1.1082345442488444,0.0105652690995354,,0.0187109110870775,,0.0097723276786312,-0.2648681227395346,0.0,4.0617109853693,7.334702865049101,0.2283484349141699,0.0628607782963412,Australia,AUD
QAN.AX,Industrials,Airlines,13633925120.0,20491159552.0,4349000192.0,1607000064.0,-603500032.0,0.888,1513199279.0,8240999936.0,1856000000.0,23356000000.0,8272999936.0,3932000000.0,0.06898,1.53633,0.11399,0.33644,0.32,6.10897,24590000128.0,0.063,0.027,,20491159552.0,778000000.0,6384999936.0,0.2122378765810509,0.1178677490052109,0.0,0.0570635376938317,0.35421304743963,-0.3755444978003436,0.3908742589675029,,0.2524206099991808,,0.0251322141056857,0.13577125072943,-0.0351096776660551,1.4681535189962116,9.63358778625954,0.4771265660157869,0.2372180451127819,Australia,AUD
EMSN.SW,Basic Materials,Specialty Chemicals,16231985152.0,15627772928.0,617355008.0,466504992.0,400881632.0,79.306,23389028.0,32496000.0,605241024.0,2226538000.0,954969984.0,534339008.0,0.15938,0.25291002,0.28604,0.48496,5.982,1.748,1969170048.0,-0.054,0.022,,15627772928.0,1854901000.0,-572745024.0,0.0395037098916312,0.0287398606905773,0.0246970181555769,0.11427443917859,0.4289035192752156,0.8593297796907605,-0.0722958379360616,0.229943295888392,-0.0737442002935974,0.1420860842125685,0.0827678293078016,-0.0002833193170343,0.0,-0.9277401439659172,674.0299667036626,16.443224027572626,0.3077813878976685,Switzerland,CHF
CTC-A.TO,Consumer Cyclical,Specialty Retail,9654991872.0,21206927360.0,1763299968.0,655299968.0,1843137536.0,110.779,49189530.0,10820700160.0,31100000.0,21539800000.0,5248600064.0,1291000064.0,0.04018,0.108260006,0.07074,0.31946,1.743,1.59236,16429700096.0,0.033,2.026,,21206927360.0,5855600000.0,10789600160.0,0.0831473573736992,0.0678716229581099,0.1908999572899899,0.6064841977735432,0.2436698606300894,2.812662331764374,-0.0288031186549124,,-0.0339421948578099,0.361726919629519,0.0017948890338733,-0.0315099412785626,-0.0480624748960328,6.118981657010953,3.664543524416136,0.1193083668256823,0.0787444682695378,Canada,CAD
ERIE,Financial Services,Insurance Brokers,12114778112.0,11896762368.0,826961984.0,571392000.0,447472992.0,45.009,46189068.0,49621000.0,283062016.0,3355481000.0,732595008.0,660430976.0,0.14840999,0.2585,0.16876,0.17913,1.29,2.108,4089769984.0,0.023,0.087,,11896762368.0,2283374000.0,-233441016.0,0.0695115156897113,0.0471648753875253,0.0369361277493614,0.1884784004205788,0.2183278665562403,0.7831278561827957,0.1331571544699494,0.2407128442820134,0.1254722754123236,0.246559039440687,,0.1616231867601555,0.0,-0.2822874817906986,,13.30950557223756,,United States,USD
SGH.AX,,,16776465408.0,,,,,12.613,406998167.0,,,12930000000.0,,,,0.0,,,,0.0,,,,,16776465408.0,4777500000.0,0.0,0.0,0.0,0.0,0.2847739308496895,0.3105181747873163,,0.1026634743130119,,0.0941650064485691,,0.0046575090925241,-0.0495512382296513,0.0174352644211946,,3.7561409754360975,,0.1014870532107267,Australia,AUD
P911.DE,Consumer Cyclical,Auto Manufacturers,44638998528.0,47747031040.0,2435000064.0,313000000.0,-430750016.0,25.237,455500000.0,11701999616.0,7566000128.0,52715000000.0,5037000192.0,3823000064.0,0.00649,0.00773,0.07083,0.14064,1.439,0.50398,35813998592.0,-0.052,,,47747031040.0,22991000000.0,4135999488.0,0.0509979366457378,0.0070118060512417,0.0,0.5150429166904091,0.0955515544342217,-1.3761981341853036,-0.0122477402815049,,-0.01176569568397,-0.5593165174938974,-0.1410290504052825,-0.0151699142488837,0.0,1.698562373425876,3.633136094674556,0.3266963074219263,0.0159092086852878,Germany,EUR
REC.MI,Healthcare,Drug Manufacturers - General,10361349120.0,12335924224.0,987038976.0,471644000.0,536777888.0,10.128,203462916.0,2372080896.0,380465984.0,5252275000.0,1884105984.0,534977984.0,0.09477,0.2336,0.32383,0.71049005,1.263,1.15133,2651846912.0,0.049,0.224,,12335924224.0,1919772000.0,1991614912.0,0.0800133786554621,0.0455195548897786,0.0518057910975979,0.1852820494480163,0.358721884135922,1.138099685355904,0.122092351696283,0.1188931804864044,0.1148640560817844,0.0177607041445609,-0.0114607092633055,0.0229469339978634,0.0,2.01776724164538,6.854482459939368,0.2255310874524239,0.1620540371412182,Italy,EUR
8951.T,Real Estate,REIT - Office,1080718983168.0,596852408320.0,61818998784.0,42844000256.0,,383810.2,8815000.0,435499991040.0,13312000000.0,1448831251000.0,62445998080.0,87623000064.0,,0.0587562530032884,0.43432,0.62665004,0.352,0.8035899999999999,99651002368.0,,,,596852408320.0,729181969000.0,422187991040.0,0.1035750177468597,0.039643978613578,0.0,0.674719312195747,0.0431009463917202,0.0,0.0006125146301214,,0.0073290080503593,0.1625823417544577,-0.0216440089640665,0.0476319686786664,0.0170541760655994,6.829421364703026,13.753290077783198,0.2012009227709765,0.0338635311459816,Japan,JPY
WTC.AX,Technology,Software - Application,12432671744.0,14747070464.0,427500000.0,162400000.0,333049984.0,7.888842,336109003.0,2419599872.0,358400000.0,1889633783.612168,867699968.0,389900000.0,0.06689,0.09616999,0.29448998,0.81115997,1.384,1.32945,1069699968.0,0.764,-0.362,,14747070464.0,1479436672.437187,2061199872.0,0.0289888083903577,0.013062357258678,0.0267882874138239,0.1189958765822931,0.4591894871509602,2.05080039408867,0.2222762276287087,,0.2046825161525023,,,0.0718756602397065,0.0047912203147741,4.821520168421053,24.208860759493124,0.1611423461010994,0.1528532608695649,Australia,AUD
HAG.DE,Industrials,Aerospace & Defense,9173009408.0,10093625344.0,335000000.0,100000000.0,265500000.0,8.244,115500000.0,1652999936.0,820000000.0,5427000000.0,541000000.0,498000000.0,0.02922,0.10305,-0.00806,0.21166,1.193,1.6713900000000002,2556000000.0,0.256,,,10093625344.0,991000000.0,832999936.0,0.0331892643706193,0.0109015477420951,0.0289436092552626,0.1080343381241629,0.0996867514280449,2.655,0.1283977998046557,0.1786943071271449,0.1276760819493272,0.1491628614916286,-0.0171502245533268,0.1556643952299829,0.0,2.4865669731343285,2.19811320754717,0.3012704290873003,0.0753313934691238,Germany,EUR
4612.T,Basic Materials,Specialty Chemicals,2249874735104.0,3282971656192.0,358796001280.0,195625992192.0,,820.223,2319458588.0,1421313048576.0,396552994816.0,4017738000000.0,792691015680.0,230108004352.0,0.043899998,0.11474,0.14907,0.42646,1.894,0.73934,1858784985088.0,,,,3282971656192.0,1803859000000.0,1024760053760.0,0.1092900088257771,0.0869497261957373,0.0,0.8017597477117396,0.1972978366633165,0.0,0.0777533466980475,0.2667865780813285,0.0857000012652999,0.1544387700556748,0.0287519195517848,0.3093142044110276,0.0,2.8561077885600232,10.101435358334175,0.1618981860347676,0.0583542891644849,Japan,JPY
BARN.SW,Consumer Defensive,Confectioners,6272209920.0,9870061568.0,875553984.0,243194000.0,2828961280.0,458.444,5482701.0,5229186048.0,1624920960.0,12643918000.0,1447778944.0,2881965056.0,0.030480001,0.09427,0.04618,0.101569995,1.712,2.0770500000000003,14253750272.0,-0.073,1.787,,9870061568.0,2622250000.0,3604265088.0,0.0887080569830139,0.0387732558542938,0.4510310267166568,0.4180743363895576,0.1145039808072149,11.632529092000626,0.2226236831589072,,0.2108997517900319,-0.5544132665724602,-0.0544549467234244,-0.1659288017589754,0.0,4.116553809205213,1.6668931100928333,0.5511307170075277,0.0885199659654131,Switzerland,CHF
AMUN.PA,Financial Services,Asset Management,16297799680.0,13894147072.0,1698062976.0,1638242048.0,,61.807,203214468.0,21915871232.0,24498319360.0,38743678000.0,3538864128.0,,,0.129450910388244,0.49612,0.51444,,1.72547,6879090176.0,-0.01,0.135,,13894147072.0,12655315000.0,-2582448128.0,0.1222142652730371,0.1005192161007098,0.0,0.7765045127858634,0.091340427927364,0.0,0.0291208226683499,,0.0358589073012452,0.4758542340014228,-0.0290049293467735,0.0115212137687081,0.0047077571527834,-1.5208199957832425,14.068884933541629,0.0,0.0655815532368362,France,EUR
RNO.PA,Consumer Cyclical,Auto Manufacturers,7779315200.0,58806120448.0,6012000256.0,-10931000320.0,770875008.0,75.9,289840337.0,70344998912.0,20355000320.0,121010000000.0,11032999936.0,2339000064.0,0.01784,-0.40432,0.06416,0.19048001,1.025,3.15505,57921998848.0,0.034,,,58806120448.0,20791000000.0,49989998592.0,0.1022342608252177,0.0,0.0990929134739263,2.67260028234876,0.0911742825882158,,0.0772917461865356,,0.072608029766323,-0.1225815483690326,-0.0082289529280861,-0.064591932965385,0.0,8.3150360052147,-25.00759493670886,0.0332504101240521,-0.3035928327749946,France,EUR
CEN.NZ,Utilities,Utilities - Renewable,10138839040.0,12438471680.0,1037000000.0,393000000.0,363249984.0,4.466,1070627153.0,3164999936.0,273000000.0,6813000000.0,1072000000.0,649000000.0,0.06106,0.11121,0.22448999,0.32009998,0.927,0.71268,3348999936.0,-0.053,0.168,,12438471680.0,2760000000.0,2891999936.0,0.0833703711097728,0.0387618344121577,0.0358275718321296,0.2722205164823289,0.1573462498165272,0.924300213740458,0.1285204567364779,,0.1436987322893363,,0.0536438616469351,0.0974548969072165,0.0173544637744105,2.788813824493732,5.77319587628866,0.2050552964055415,0.0947867298578199,New Zealand,NZD
JMT.LS,Consumer Defensive,Food Distribution,11173561344.0,15165789184.0,1964499968.0,638000000.0,,5.416,628434220.0,5686000128.0,1826000000.0,17058000000.0,7566000128.0,,0.05784,0.18574,0.030550001,0.20718999,0.453,1.5741999999999998,36517998592.0,0.063,-0.06,,15165789184.0,3291000000.0,3860000128.0,0.1295349647925054,0.0570990734608169,0.0,0.2945345623190414,0.443545557978661,0.0,0.1234116292921427,0.0423327601422136,0.1105605509852687,0.0176498800959232,-0.0034936644344265,0.1152664269369074,0.0,1.9648766560835087,3.425824175824176,0.0,0.1549260777736364,Portugal,EUR
REA.AX,Communication Services,Internet Content & Information,19291824128.0,19380492288.0,862800000.0,572899968.0,479575008.0,15.574,131120942.0,90100000.0,478400000.0,2832500000.0,1227500032.0,723200000.0,0.18672001,0.28366,0.47527,0.6273,2.833,4.301,1956800000.0,0.061,-0.238,,19380492288.0,1912000000.0,-388300000.0,0.0445189929738899,0.0296965162132334,0.0248589767778335,0.0991093422433256,0.4333627650485437,0.8371007763784689,0.1054980569620924,,0.1123245607233138,,-0.0345864661654135,0.0668549905838041,0.0,-0.4500463606861382,86.17757009345794,8.026637069922309,0.3858804820890525,Australia,AUD
1038.HK,Utilities,Utilities - Regulated Electric,144373694464.0,157298835456.0,863000000.0,8264999936.0,236624992.0,50.766,2519610945.0,21099999232.0,7350000128.0,166262000000.0,900000000.0,2212999936.0,0.00195,0.061240003,-0.02473,0.1884,0.89,15.306,4776999936.0,-0.121,0.03,,157298835456.0,137795000000.0,13749999104.0,0.0054863724674007,0.0572472704718441,0.001638975804273,0.95443287304918,0.0054131431114746,0.0286297633190931,-0.1258916122074316,0.1488091235785575,-0.1378633720930232,0.000146216644328,0.0025054516550344,0.0533778518344874,0.0,15.932791545770568,11.42806603773585,0.1048815173719907,0.0616895724188856,Hong Kong,HKD
9697.T,Communication Services,Electronic Gaming & Multimedia,1187160522752.0,1057237041152.0,80497000448.0,54586998784.0,,639.955,418308843.0,5096999936.0,148001996800.0,312982000000.0,110218002432.0,31380000768.0,,0.2412119980026778,0.26227,0.56416,4.585,1.904,195364995072.0,,,,1057237041152.0,226303000000.0,-142904996864.0,0.0761390277815917,0.0459811438620447,0.0,0.1906254425268444,0.3521544447667917,0.0,0.1550747392483782,0.1267615667492849,0.1470471220326954,0.1936281844115945,0.0251261381779623,0.2854737222559924,0.0,-1.7752835021016062,821.6375,6.156562911912896,0.269938070832512,Japan,JPY
SYENS.BR,Basic Materials,Chemicals,6676424704.0,8582001664.0,1151000064.0,-51000000.0,467875008.0,59.383,101966526.0,2599000064.0,648000000.0,11504000000.0,1795000064.0,685000000.0,0.02414,-0.008,0.065019995,0.30631,1.759,0.41677,5859999744.0,-0.069,,,8582001664.0,6055000000.0,1951000064.0,0.1341179026832684,0.0,0.0700786766485489,0.9069225324105444,0.1560326898470097,,-0.09760840436318,-0.3116383499492491,-0.1026302441852039,-0.4206134969325153,-0.0113066841077851,-0.0702335731027236,-0.010583880794184,1.6950477458878752,1.2727272727272727,0.2635629023208827,0.0197381671701913,Belgium,EUR
BOL.PA,Communication Services,Entertainment,15061713920.0,9796497408.0,-110200000.0,329600000.0,-328362496.0,8.666,2794380964.0,185200000.0,5805199872.0,25767400000.0,191200000.0,317200000.0,-0.00445,0.013250001,-0.080740005,0.065349996,6.933,0.758,2925900032.0,-0.133,,,9796497408.0,24211100000.0,-5619999872.0,0.0,0.0218832997194518,0.0,1.6074598235364703,0.0074202286610212,-0.996245436893204,-0.4013136972026649,-0.2825588004301798,-0.5628011126078057,-0.4648152398439293,-0.246699641925729,-0.0687570247814412,-0.0151119818316213,,22.472049689440997,1.712742980561555,0.0145845930584109,France,EUR
LAND.L,Real Estate,REIT - Diversified,4831614976.0,9215451136.0,434000000.0,343000000.0,292500000.0,8.825,745044653.0,4517000192.0,106000000.0,11540000000.0,519000000.0,214000000.0,0.02332,0.05264,0.47072,0.58184,0.574,0.6908799999999999,892000000.0,0.004,0.619,,9215451136.0,6537000000.0,4411000192.0,0.0470948186469772,0.0709907560316329,0.0605387642543808,1.3529637672850858,0.0449740034662045,0.8527696793002916,0.0322405675245434,-0.3464364039924227,0.0295447693699125,-0.4169934640522876,-0.0814188354621677,-0.0069701402633164,0.0001320058099849,10.163594912442395,3.7903225806451615,0.0473765753605706,0.045314307751639,United Kingdom,GBP
LOTB.BR,Consumer Defensive,Packaged Foods,9574077440.0,9577697280.0,264567008.0,172258000.0,29974124.0,1058.554,812740.0,312249984.0,121885000.0,1536521000.0,536712992.0,205878000.0,0.09919,0.20872,0.17583,0.39608002,1.485,0.36325,1355060992.0,0.103,0.154,,9577697280.0,859602000.0,190364984.0,0.0276232376390162,0.0179921252026137,0.0031307584660606,0.0897843165972971,0.3493040394501605,0.1740071520626037,0.1558779816522384,,0.1415193042875936,0.4503743116995607,0.0002061192711227,0.1036774619428624,0.0,0.7195341000341207,69.26220066686875,0.6593371034408123,0.1908896028925502,Belgium,EUR
TUB.BR,Healthcare,Biotechnology,10442655744.0,10272239616.0,-2967720.0,93228016.0,-4433304.0,42.36,44512598.0,0.0,1268071.0,1934138762.0,-2966721.0,-3370000.0,-0.00096000003,0.050040003,0.0,0.0,3.173,0.0,,,,,10272239616.0,1885559936.0,-1268071.0,0.0,0.0089276155688236,0.0,0.1805632573000771,-0.0015338718494697,-0.0475533449086806,,,,,,0.0023097784330096,0.0,,130.66344367176634,,0.0498244655109176,Belgium,EUR
NIBE-B.ST,Industrials,Building Products & Equipment,72356626432.0,89143934976.0,5289999872.0,2390000128.0,2879875072.0,15.006,1782936128.0,22758000640.0,5506999808.0,65055000000.0,12974000128.0,5184000000.0,0.03727,0.07775,0.09016,0.31785,1.595,0.7198699999999999,40817999872.0,-0.002,0.288,,89143934976.0,30253000000.0,17251000832.0,0.0593422297705863,0.0330308396874486,0.0398011241542124,0.4181095981365501,0.1994312524479286,1.2049685848385026,0.0063647018903874,1.0554206026798996,-0.0090860413369664,0.7263622974963181,0.0003356142208515,-0.0760020452802318,0.0,3.261058837318626,4.007626310772164,0.2277880241768022,0.0822636192861615,Sweden,SEK
FSV.TO,Real Estate,Real Estate Services,9194513408.0,10817121280.0,535967008.0,162232992.0,345576864.0,43.340073,45981761.0,1366308992.0,191419008.0,4283713000.0,1867481984.0,492911008.0,0.05085,0.112349994,0.03657,0.33565,1.742,0.71663,5563761152.0,0.053,6.264,,10817121280.0,1375999000.0,1174889984.0,0.0495480261454552,0.0176445435229713,0.0375851171960137,0.1496543578698536,0.4359493700908534,2.1301269226422206,0.1364199911127757,1.2407986086602052,0.1306180115890707,0.4837790054623477,0.0207755827507585,0.0211833456818023,0.0100249019896143,2.1920938536575,4.616075547474967,0.3607610071265636,0.1000169627903408,Canada,CAD
0083.HK,Real Estate,Real Estate - Development,106597892096.0,60819771392.0,3273999872.0,3732000000.0,6148499968.0,17.976,9586141247.0,5155999744.0,53209001984.0,183613000000.0,4498999808.0,2673999872.0,0.0108,0.021949999,0.3107,0.47287998,6.979,3.016,9514000384.0,0.345,-0.203,,60819771392.0,169397000000.0,-48053002240.0,0.0538311768865124,0.0350100731507808,0.057679376647174,1.5891214795077218,0.0245026213176626,1.647508030010718,-0.1927243355303813,-0.1655728843588374,-0.2273791719896795,-0.211681996932794,-0.054565969110888,0.0181264694140087,0.0578484194201095,-14.677154587255892,75.53333333333333,0.5186190854861299,0.0260668004900466,Hong Kong,HKD
DIM.PA,Healthcare,Medical Instruments & Supplies,17188986880.0,19418834944.0,789800000.0,268100000.0,256062496.0,42.436,97277797.0,2614599936.0,521200000.0,7984000000.0,1334400000.0,765699968.0,0.041389998,0.065910004,0.19606,0.44713002,1.026,0.63109,2984399872.0,0.023,0.034,,19418834944.0,4090500000.0,2093399936.0,0.0406718529859089,0.0155971961507483,0.0148968928644618,0.237972140449967,0.1671342685370741,0.955100693770981,-0.0528695168833307,0.1806071806337872,-0.0523015721098229,0.18046875,-0.0669978623606067,-0.0329925875684317,0.0,2.65054436059762,3.675268817204301,0.2928554986394676,0.0780139685631248,France,EUR
BEPC.TO,Utilities,Utilities - Renewable,9600566272.0,41796231168.0,2028999936.0,-4535000064.0,2221250048.0,-10.735567,147661906.0,15024000000.0,705000000.0,46267000000.0,2161999872.0,449000000.0,0.0109,-0.47772998,0.14496,0.58369,0.333,2.15151,3704000000.0,-0.026,,,41796231168.0,,14319000000.0,0.0485450453138808,0.0,0.2313665657908392,,0.0467287671990835,,-0.0044311109485712,,0.0006404098623118,-0.819140625,-0.0902728866239376,0.0484488658251943,-0.0002007227186871,7.057171242808753,-0.4090909090909091,0.0298855165069222,-0.0221977023430908,Canada,CAD
7201.T,Consumer Cyclical,Auto Manufacturers,1149610491904.0,8239216328704.0,321655013376.0,-533094989824.0,-1249823555584.0,1372.556,3496382520.0,8920121737216.0,2264811962368.0,19024060000000.0,1539956015104.0,794674003968.0,0.00187,-0.09856,0.01985,0.12825,1.56,1.70177,12007887601664.0,-0.017,,,8239216328704.0,4958543000000.0,6655309774848.0,0.0390395154761757,0.0,0.0,4.313237426867596,0.0809478110931105,,0.144603612219007,,0.1327454966947608,-0.7865760265359311,,-0.0418577023161395,-0.0737500026161459,20.69083178588063,-4.346042988793961,0.0890877980568929,-0.0306968222189965,Japan,JPY
AVOL.SW,Consumer Cyclical,Specialty Retail,6792417280.0,17627469824.0,1640999936.0,199000000.0,1665750016.0,13.469,141508681.0,11450999808.0,727000000.0,16295000000.0,8764000256.0,2990000128.0,0.04058,0.14833,0.08456001,0.62676,0.682,5.58313,13982999552.0,-0.002,0.84,,17627469824.0,1906000000.0,10723999808.0,0.0930933340056415,0.0292973755581753,0.2452367025366262,0.280607024190363,0.5378337070266953,8.370603095477387,0.266789076959282,0.210459995622996,0.1878471137528389,0.1742343684881856,0.0306432496862529,-0.0635057471264367,0.0,6.53503974786261,1.7,0.2611125821442333,0.0928129074315515,Switzerland,CHF
5411.T,Basic Materials,Steel,1000642445312.0,2858917822464.0,337500012544.0,70164996096.0,-107125000.0,4117.883,636136318.0,1959384973312.0,167806992384.0,5647637000000.0,508263006208.0,379080998912.0,0.00684,0.028110001,0.00279,0.11196999,1.547,0.7310599999999999,4539269775360.0,-0.021,,,2858917822464.0,2529578000000.0,1791577980928.0,0.1180516662256212,0.0701199478642169,0.0,2.527953927850101,0.0899956931027968,-0.0015267584402546,0.0364189610722367,,0.0282556152265548,0.4163102428368272,-0.0438972140520094,-0.0186494650531263,0.0,5.308379005450944,6.45263913552726,0.1934693815025178,0.040916413427748,Japan,JPY
ICL.TA,Basic Materials,Agricultural Inputs,21374296064.0,24105449472.0,1275000064.0,261000000.0,55375000.0,4.684,1290718361.0,3150000128.0,581000000.0,12413000000.0,2252000000.0,1086000000.0,0.03816,0.05045,0.116160005,0.30395,1.376,0.49802,7408999936.0,0.145,0.395,,24105449472.0,5983000000.0,2569000128.0,0.0528926069385676,0.0122109284543687,0.0025907285944853,0.279915651120645,0.1814227020059615,0.2121647509578544,-0.1061202672622375,-0.448620479228473,-0.117685845617372,-0.4399878824598606,-0.1968402910802257,0.0964579100786149,0.0002258804439848,2.0149019600362936,3.97972972972973,0.3447618907525327,0.0634561516914458,Israel,ILS
INDT.ST,Industrials,Industrial Distribution,68638453760.0,77498556416.0,4930999808.0,2536000000.0,2934374912.0,49.382,364323000.0,9850999808.0,2016999936.0,33229000000.0,11463000064.0,3984000000.0,0.06908,0.1472,0.11125,0.35537997,1.905,0.54737,32256000000.0,0.003,-0.041,,77498556416.0,17114000000.0,7833999872.0,0.0636269891471419,0.0369472192492466,0.0427511802969845,0.2493354535613594,0.3449697572602245,1.1570878990536275,0.0605763234675542,0.2359971464767858,0.0528958778230764,0.1418650019508388,0.0073074259362823,-0.0346300223700647,0.0,1.588724432576575,8.291028446389497,0.4044259544868321,0.1438441972590258,Sweden,SEK
ABVX.PA,Healthcare,Biotechnology,6796420096.0,6211047936.0,-254004000.0,-332200000.0,-114471872.0,5.418,79770191.0,34211000.0,491552000.0,584341000.0,4920000.0,-178370000.0,-0.44652,-1.5706799,-41.83705,1.0,8.247,7.964,4920000.0,0.352,,,6211047936.0,455205000.0,-457341000.0,0.0,0.0,0.0,0.0669771723304609,0.0084197412127507,,,,,-0.3236301428449234,,1.847277174654531,0.2397646978854226,,-10.595182922547574,-5.2138201163368505,-0.5788613519527354,France,EUR
GJF.OL,Financial Services,Insurance - Property & Casualty,126890893312.0,50387132416.0,9571874816.0,6518400000.0,10941875200.0,38.331,499964129.0,5348700160.0,81469399040.0,191899400000.0,17568399360.0,5376099840.0,0.03136,0.30256,0.17875999,0.37488997,9.996,0.2441499999999999,46862999552.0,0.059,0.292,,50387132416.0,28307200000.0,-76120698880.0,0.1899666513460991,0.0513701167188769,0.0862305789990465,0.2230829909156531,0.0915500484107819,1.678613647520864,0.1482209065513673,,0.1296204128289689,,,0.119036331182141,0.0,-7.952538070468639,33.65083487940631,1.0051226801242117,,Norway,NOK
9CI.SI,Real Estate,Real Estate Services,12683569152.0,20195176448.0,630000000.0,145000000.0,298500000.0,2.522,4993531347.0,8492000256.0,2022000000.0,24211000000.0,1001000000.0,491000000.0,0.01482,0.01217,0.27447,0.46929002,1.425,0.62792,2132999936.0,-0.246,,,20195176448.0,12579000000.0,6470000256.0,0.031195567992296,0.011432113332006,0.0235343850317504,0.9917555420917532,0.0413448432530667,2.0586206896551724,-0.0948219975112576,-0.0769198606954346,-0.0828808446455505,-0.1528423133959466,0.0207524385003654,-0.0201942533387292,0.0,10.269841676190476,1.869969040247678,0.0578191221382836,0.0275233538391433,Singapore,SGD
SDR.L,Financial Services,Asset Management,9090841600.0,3951388928.0,913600000.0,539800000.0,1214824960.0,2.805,1559320966.0,573600000.0,5883400192.0,24612700000.0,2668800000.0,914400000.0,0.022920001,0.12297,0.34697,0.78145,1.153,12.871,3415200000.0,0.155,0.849,,3951388928.0,4456000000.0,-5309800192.0,0.2312098395392375,0.0593784408255446,0.1336317376820205,0.4901636389748557,0.1084318258460063,2.250509373842164,0.0397794233888506,0.0101819104443996,0.0397592642905953,0.1799117502859944,-0.0462251485303131,0.1748361567358316,0.0,-5.81195292469352,29.7948717948718,1.594142259414226,0.0382961193046057,United Kingdom,GBP
BMED.MI,Financial Services,Banks - Regional,14793696256.0,14885085184.0,,1270808064.0,,6.458,739315135.0,1851000064.0,1658000000.0,89938260000.0,2435472896.0,,0.014090001,0.27824,0.65928,0.0,,0.4118494406657587,2441262080.0,0.06,0.146,,14885085184.0,4494361000.0,193000064.0,0.0,0.0859019978515908,0.0,0.3038024387027133,0.0270793864146359,0.0,0.2004157678314413,-0.463167148359376,0.175343888285244,-0.2023120466586346,,0.0439210721901288,0.0001636972190167,,,0.0,,Italy,EUR
IDR.MC,Technology,Information Technology Services,9657493504.0,8905708544.0,631846976.0,452728992.0,-345672256.0,10.474,175018002.0,1495200000.0,2330299904.0,9134785000.0,1442045952.0,1928838016.0,0.040760003,0.26506,0.08489,0.2502,1.759,0.71136,5763621888.0,0.163,0.277,,8905708544.0,1734179000.0,-835099904.0,0.0709485351870953,0.0468785189254837,0.0,0.1795682284727116,0.1578631518968426,-0.7635301960074163,0.12314609888704,0.0851893237300485,0.1149687322425238,0.081131038046793,0.0032442886154506,0.8432944877034129,0.0,-1.32168062160671,10.240617857987234,1.290020074906367,0.117905068885751,Spain,EUR
PAH3.DE,Consumer Cyclical,Auto Manufacturers,9300811776.0,14479312896.0,-51000000.0,2808999936.0,-489750016.0,123.484,153125000.0,6833999872.0,1680000000.0,45019000000.0,,707000000.0,-0.00075,0.07837,0.0,0.0,15.305,18.342,,,,,14479312896.0,37817000000.0,5153999872.0,0.0,0.3020166415203025,0.0,4.065989175007685,0.0,-0.1743503122671484,-0.2040686041505679,,-0.3989005079175381,-0.6280767029192902,,0.0508391494129455,0.0,,9.508038585209004,0.1034533235648266,0.0660206747192391,Germany,EUR
4091.T,Basic Materials,Chemicals,2291093471232.0,3043327213568.0,320233013248.0,123890999296.0,136747622400.0,2812.4,432853497.0,882059968512.0,165347999744.0,2418197000000.0,582419021824.0,272593993728.0,0.0466,0.1121,0.14,0.42837003,1.238,0.6996800000000001,1359611035648.0,0.075,0.444,,3043327213568.0,980451000000.0,716711968768.0,0.1052246409194226,0.0540750523065213,0.0596866186897499,0.4279402007430005,0.2408484593372665,1.1037736653756662,0.1097087982972269,0.0594043914145392,0.0952601011651476,0.0489600754268012,0.0423797052320397,0.0037831822315794,0.0,2.238095196677778,6.92463295269168,0.3090424726879457,0.0839344469754492,Japan,JPY
1997.HK,Real Estate,Real Estate Services,67039899648.0,105164144640.0,9569000448.0,-4256999936.0,5311374848.0,59.846,3036227327.0,35191001088.0,2031000064.0,229693000000.0,10033999872.0,6768000000.0,0.02498,-0.023020001,0.72800004,0.78299004,0.227,18.914,12814999552.0,-0.0,,,105164144640.0,181705000000.0,33160001024.0,0.090991092836411,0.0,0.0792270703847698,2.710400835234854,0.0436843955714801,,0.0094352696333235,0.0036939385973417,0.0052357647789947,0.0110466028557978,-0.0178781581112384,-0.0351952350549413,0.0,3.465356826368496,-1.271858927259368,0.1923218945399044,-0.0081048811892777,Hong Kong,HKD
LUG.TO,Basic Materials,Gold,18122946560.0,16970268672.0,1420788992.0,911982016.0,1132658688.0,7.8021154,241832730.0,0.0,703601024.0,1787158000.0,1551816960.0,1198696960.0,0.46546,0.68451,0.68918,0.77825,2.257,0.0,1993975040.0,0.592,0.794,,16970268672.0,1364129000.0,-703601024.0,0.0837222450310538,0.0503219502954821,0.0624985944890409,0.075270817330049,0.8683154818991942,1.2419748066610998,0.2978010551488157,,0.2720268997271937,0.3757318260747137,0.2345018627809152,0.1700034239378427,0.0051526989553291,-0.4952185215128694,,,0.8033057638519484,Canada,CAD
COH.AX,Healthcare,Medical Devices,6728894464.0,6919396864.0,562000000.0,345300000.0,104075000.0,29.626,65398917.0,242200000.0,187100000.0,2825000000.0,1701600000.0,264500000.0,0.112770006,0.18146,0.21616,0.72765,2.456,12.497,2338500096.0,-0.004,-0.211,,6919396864.0,1950300000.0,55100000.0,0.0812209519190833,0.0513160076811096,0.0154668795233463,0.2898395881276226,0.6023362831858408,0.3014045757312482,0.1243931430674103,,0.1168134654726758,,-0.0132103365619794,0.0291064077811372,-0.0014834452188798,0.0980427046263345,48.13636363636363,1.092072667217176,0.2382237818868943,Australia,AUD
IGM.TO,Financial Services,Asset Management,18521991168.0,19848691712.0,1852993024.0,1151008000.0,-2156194048.0,38.459,232454705.0,2565262080.0,1278224000.0,22401750000.0,1841885056.0,1106376960.0,0.054530002,0.1359,0.36832002,0.41494998,6.43,0.28286,4438760960.0,0.129,0.224,,19848691712.0,8944327000.0,1287038080.0,0.0933559274780679,0.0621427787952177,0.0,0.4829031025267358,0.0822205879451382,-1.8733093497178128,0.0665482253101255,0.1556205438910303,0.0679936355667367,0.1587961646515542,0.0044841849902335,0.0831011133216251,-0.0115225255976742,0.6945725447048418,12.155128899899358,0.4312919793364739,0.0808466624576998,Canada,CAD
OPCE.TA,Utilities,Utilities - Independent Power Producers,31816392704.0,32715999232.0,138658368.0,103587200.0,-121331688.0,7.627,310101315.0,2441999872.0,1158000000.0,4715933227.395019,262060512.0,238676176.0,0.00818,0.05834,0.01893,0.24157,3.917,0.8659600000000001,1084811392.0,0.732,-0.429,,32715999232.0,2035903648.578486,1283999872.0,0.0042382434055193,0.0032557807845694,0.0,0.0639891413058441,0.0555691735577767,-1.1713000061783696,0.1998840242630293,,0.1753457888883041,0.6893104925345722,-0.0034011230015484,0.4275712580612699,0.1800425871910787,9.260168647015952,2.9999999999999885,0.0977379969330317,0.0589637979622804,Israel,ILS
1928.HK,Consumer Cyclical,Resorts & Casinos,117515878400.0,126102421504.0,2048999936.0,896000000.0,849625024.0,1.3557357,8093379566.0,7096999936.0,1504999936.0,10571000000.0,5906999808.0,2104999936.0,0.07469,0.73684,0.18070999,0.79363,0.851,5.06567,7442999808.0,0.12,-0.041,,126102421504.0,1401000000.0,5592000000.0,0.0162486961912543,0.0076245015754398,0.00722987425672,0.0119217931999902,0.5587929058745624,0.9482422142857144,0.6675965734870117,,0.3187715117818374,0.4259646592138478,-0.0664403987438488,-0.0535410511236458,0.0,2.729136249226315,3.780864197530864,0.2966041926141564,0.1484488608822103,Hong Kong,HKD
F34.SI,Consumer Defensive,Packaged Foods,22162290688.0,45070573568.0,3729867008.0,1410872064.0,1307077888.0,4.5150886,6242898806.0,31112243200.0,11086810112.0,65641775000.0,5795678208.0,2361797888.0,0.02493,0.065630004,0.03618,0.08231,1.123,1.24147,70415695872.0,0.03,0.395,,45070573568.0,21865270000.0,20025433088.0,0.0827561469208414,0.0636609312576127,0.0589775626717021,0.9865979247280235,0.0882925272511293,0.9264326095551636,-0.0137360421104661,,-0.0125396712822616,0.3646479413702514,-0.0068800221094364,0.1018865856321836,0.0,5.368940245067312,2.8741390752233023,0.0759121697788734,0.0956298672870567,Singapore,SGD
INPST.AS,Industrials,Integrated Freight & Logistics,7649122304.0,,2125699968.0,,949462528.0,6.154,499942609.0,,,16911100000.0,,,0.056900002,0.15086001,0.0,0.2281,0.621,3.22425,,0.308,-0.378,,7649122304.0,3180700000.0,0.0,0.2779011608806928,0.0,0.1241269900343327,0.4158254860608907,0.2205119714270508,,0.2772532957530513,0.649504565948009,0.2411387790752232,0.3005670687699763,-0.7111314269957683,0.3116700794241747,0.0,0.0,2.9616488925348645,,0.1283507536973833,Netherlands,EUR
CU.TO,Utilities,Utilities - Diversified,14119562240.0,27301699584.0,1783000064.0,30000000.0,-557374976.0,18.379,205716737.0,12144000000.0,609000000.0,24536000000.0,2587000064.0,2028000000.0,0.02846,0.01691,0.36255002,0.70127,1.324,1.80151,3688999936.0,-0.001,-0.061,,27301699584.0,6383000000.0,11535000000.0,0.0653072918963959,0.0021247117644349,0.0,0.4520678397462838,0.1054369116400391,-18.579165866666667,-0.0303940152649803,-0.1379002411226215,-0.0295365278868813,-0.1873767258382643,0.0289407864434375,0.0314877874469247,0.001921095231526,6.469433306761788,1.398422090729783,0.16699604743083,0.0302126390250138,Canada,CAD
SW.PA,Industrials,Specialty Business Services,7178040320.0,11379642368.0,1134000000.0,449000000.0,596000000.0,24.678,145835844.0,5406000128.0,1203000064.0,15024000000.0,2601999872.0,968000000.0,0.03467,0.11902001,0.03179,0.11018,1.019,1.49792,23616000000.0,-0.037,-0.565,,11379642368.0,3781000000.0,4203000064.0,0.0996516378395908,0.0625518916004082,0.0830310186945285,0.5267454390671352,0.1731895548455804,1.3273942093541202,0.10942420343763,0.1193098324223174,0.1021515346028576,0.1235638921453692,,-0.2774838895835337,0.0,3.706349262786596,6.832258064516129,0.1790602991269481,0.1163480553724456,France,EUR
EVK.DE,Basic Materials,Specialty Chemicals,7339500032.0,10455629824.0,1643000064.0,157000000.0,1113149952.0,17.777,466000000.0,3847000064.0,589000000.0,17981000000.0,3316000000.0,1464999936.0,0.027,0.01936,0.06653,0.24170999,1.509,0.4636099999999999,13719000064.0,-0.093,-0.46,,10455629824.0,8110000000.0,3258000064.0,0.1571402289155871,0.0213911028429027,0.1516656375974793,1.1049798984454855,0.184416884489183,7.090127082802548,-0.0870273538053434,-0.0397778586727141,-0.0848954446579127,-0.0251109701965757,0.0017267195409753,-0.0895696202531645,0.0,1.9829579653625624,2.9357798165137616,0.3808161974597773,0.0436770627175322,Germany,EUR
EMP-A.TO,Consumer Defensive,Grocery Stores,11266644992.0,18931523584.0,2372999936.0,159000000.0,1148199936.0,21.585,128509382.0,7909000192.0,329000000.0,17019000000.0,8698999808.0,2126000000.0,0.04823,0.03845,0.03803,0.27306,0.801,1.56707,31857999872.0,0.023,,,18931523584.0,5410000000.0,7580000192.0,0.1253464849498718,0.0141124531848566,0.101911432978965,0.4801784385539286,0.5111346029731476,7.221383245283019,0.0121690771500238,0.0057949140485027,0.0117364380903461,0.041347115705235,0.0140438297414262,0.0136390708755211,-0.0390136991281246,3.194269025045604,4.099688473520249,0.2688076809190701,0.101833939487735,Canada,CAD
3659.T,Communication Services,Electronic Gaming & Multimedia,1736117846016.0,929965735936.0,157089005568.0,123005001728.0,165241257984.0,1341.088,790581908.0,51029000192.0,874605969408.0,1410188000000.0,309425995776.0,175602008064.0,0.06959,0.11564,0.38206002,0.6027,5.13,4.776,513402011648.0,0.336,1.246,,929965735936.0,1057544000000.0,-823576969216.0,0.1689191327139506,0.070850606144202,0.0951785953719625,0.6091429809484568,0.2194218045934301,1.3433702342397158,0.1033455210659923,0.0053963726034123,0.0911499938470886,0.0029969165716347,-0.107364266040165,0.1220723584487547,-0.0181406142705516,-5.24274099411428,14.359745077523067,3.4412198436827253,0.1271925944461716,Japan,JPY
EDPR.LS,Utilities,Utilities - Renewable,14740412416.0,25415313408.0,1172407040.0,233800992.0,,9.938,1059698965.0,10250999808.0,827000000.0,30390070000.0,1757155968.0,1087931008.0,0.00604,0.02773,0.1286,0.79794,,0.8277599999999999,2202127872.0,-0.1,,,25415313408.0,10274378000.0,9423999808.0,0.0461299461934221,0.0158612245981815,0.0,0.6970210676634572,0.057820069779372,0.0,0.0420987302414097,,0.0418104730402826,,-0.0450273706440738,-0.0401480297417612,0.0107488405958136,8.038163783117508,2.2160364252954574,0.1061292584505723,0.0333019357574513,Portugal,EUR
BCVN.SW,Financial Services,Banks - Regional,10117447680.0,19709448192.0,,429700000.0,,46.282,85886651.0,19086999552.0,9495000064.0,61620000000.0,1149900032.0,-1936999936.0,0.00703,0.10876001,0.44164002,0.0,,4.8005532072434605,1149900032.0,-0.007,-0.019,,19709448192.0,3976000000.0,9591999488.0,0.0,0.0424711857763716,0.0,0.3929844883566524,0.0186611494969165,0.0,0.0333283476404062,1.7034533174541069,0.0277469627899665,0.7675945753033547,,0.0163453132989163,0.0,,,-0.101482683578574,,Switzerland,CHF
4768.T,Technology,Information Technology Services,1120349847552.0,861696622592.0,101954002944.0,66500001792.0,86313246720.0,1034.633,379201199.0,6000000000.0,260069998592.0,729200000000.0,257643003904.0,115478003712.0,0.08035,0.17781,0.068179995,0.19056,1.814,1.509,1352002961408.0,0.093,0.147,,861696622592.0,394322000000.0,-254069998592.0,0.1183177469552107,0.0593564607852668,0.0770413339267169,0.351963273669922,0.3533228248820625,1.2979435247230855,0.1538756121558329,0.4833416628814537,0.1420152635920063,0.2527954800015449,-0.0232579865582011,0.082054835784972,0.0,-2.4920061131052638,1351.044776119403,19.246333952,0.2227417013213908,Japan,JPY
RAA.DE,Industrials,Specialty Industrial Machinery,7282485248.0,6869551104.0,361391008.0,256224992.0,193990880.0,82.743,11370000.0,17644000.0,567017984.0,1183080000.0,751817024.0,279222016.0,0.17968,0.26775,0.23909001,0.58649,4.965,1.765,1281901056.0,0.076,0.042,,6869551104.0,940794000.0,-549373984.0,0.0526076598789067,0.0351837296299868,0.0266380052130247,0.1291858435632769,0.6354743753592318,0.7571114686579832,0.0720298983619716,0.2112973774718003,0.0677491214382116,0.1543121491305283,0.0375248153376629,0.069536893815638,0.0,-1.5201650617715423,179.29796131730268,15.825323962820224,0.3487301232258327,Germany,EUR
BKW.SW,Utilities,Utilities - Renewable,7382585856.0,8679063552.0,757800000.0,356800000.0,196337504.0,103.594,52770453.0,1891500032.0,1051400000.0,11501500000.0,2039500032.0,685900032.0,0.02813,0.066989996,0.10817,0.47466,1.582,0.31963,4296800256.0,-0.106,-0.377,,8679063552.0,5466700000.0,840100032.0,0.0873135673520184,0.048329949283288,0.0265946794022628,0.7404858008602887,0.1773246995609268,0.5502732735426009,-0.0603944058511515,-0.1484355115081329,-0.051190305067504,-0.1726375982844889,-0.0008776223073865,-0.0080980388774859,0.0,1.108603895486936,8.019283746556473,0.362622268250641,0.0600051533110023,Switzerland,CHF
BMW3.DE,Consumer Cyclical,Auto Manufacturers,40374030336.0,139426807808.0,14666999808.0,6818999808.0,2344892928.0,157.622,52902192.0,112183001088.0,15994999808.0,265967000000.0,17169000448.0,5855000064.0,0.020539999,0.0709,0.06553,0.13136,1.173,1.12684,130702000128.0,-0.081,,,139426807808.0,95697000000.0,96188001280.0,0.105194976766573,0.1688956923857006,0.0580792382748359,2.3702612596164467,0.0645531229363041,0.3438763739586836,-0.0218785408257359,,-0.0282879250654684,-0.8828960291847903,-0.0179500398637647,-0.0065924133088312,-0.0358620127104206,6.558123852127891,19.2135231316726,0.0521915085816535,0.0586073826414029,Germany,EUR
7181.T,Financial Services,Insurance - Life,1663345098752.0,4539533492224.0,235690000384.0,168797995008.0,-1306018316288.0,3833.131,1083612396.0,5095894810624.0,2255466004480.0,59555692000000.0,680755986432.0,-1884930048000.0,0.00209,0.04565,0.02925,0.23305,1.706,1.22685,2921062989824.0,0.713,0.359,,4539533492224.0,3241426000000.0,2840428806144.0,0.0519194319829836,0.1014810427100475,0.0,1.9487393220036096,0.0114305780618248,-7.737167234872088,0.0054052670985043,,-0.0066925304880066,0.1188940044483262,,-0.0213653404413596,0.0,12.05154568083587,9.57268528700242,-0.3698918674832668,,Japan,JPY
VER.VI,Utilities,Utilities - Renewable,20254332928.0,23020347392.0,2524701952.0,1362502016.0,830865280.0,30.179,170233686.0,2081600000.0,393000000.0,18609701000.0,3643748096.0,1833645056.0,0.0637,0.1347,0.19700001,0.47465,1.05,18.085,7676664832.0,-0.155,-0.32,,23020347392.0,10340910000.0,1688600000.0,0.1096726260906636,0.0672696563665372,0.0410216067324239,0.5105529783064106,0.1957983148681432,0.60980847752375,-0.0816324341019388,-0.1600905110364844,-0.0993417258530461,-0.1489409365947647,0.1761119011264343,-0.0058023397517008,0.0,0.6688314233140815,19.67664607237423,0.8808825211375865,0.1323161746464013,Austria,EUR
CPR.MI,Consumer Defensive,Beverages - Wineries & Distilleries,6518997504.0,8564833792.0,750200000.0,346300000.0,316924992.0,3.222,1198785728.0,2698400000.0,714000000.0,8111400000.0,1840099968.0,687600000.0,0.048260003,0.0863,0.17391,0.60307,2.217,0.69829,3051200000.0,-0.028,,,8564833792.0,3862800000.0,1984400000.0,0.0875907248428715,0.0531216647632574,0.0486156025992551,0.592545095719061,0.2268535601745691,0.9151746809125036,0.0419006196538775,1.4917122635655748,0.0412946980088778,0.7456171735241502,0.0142372045447467,-0.0438390720592222,0.0,2.6451612903225805,5.371320037986704,0.2548176697302104,0.0834895564248284,Italy,EUR
9435.T,Industrials,Conglomerates,1589641084928.0,2179243442176.0,133138997248.0,150977003520.0,-49204375552.0,27056.17,43791764.0,1088472023040.0,539854012416.0,2371026000000.0,363956011008.0,57073000448.0,0.02791,0.14457,0.14644,0.49532002,2.113,0.8939100000000001,734791008256.0,0.024,1.603,,2179243442176.0,914768000000.0,548618010624.0,0.0610941369244452,0.0949755293515443,0.0,0.5754556853577,0.1535014845927459,-0.3259064255138821,0.0621010118781286,0.2419128005904938,0.0476606396930929,0.2716769856351785,-0.0234116512464158,0.140488783793404,-0.017314233040964,4.120640998986052,10.50182826881856,0.0524340536457707,0.0892786799318056,Japan,JPY
MEL.NZ,Utilities,Utilities - Renewable,15568762880.0,17142878208.0,446000000.0,-104000000.0,426000000.0,3.381,2638773336.0,1866000000.0,183000000.0,14974000000.0,1340999936.0,604000000.0,-0.00075999997,-0.01243,0.18375999,0.29228002,1.066,0.2098999999999999,4588000256.0,-0.11,,,17142878208.0,8920000000.0,1683000000.0,0.0260166346974259,0.0,0.0273624823811305,0.5729421193419834,0.0895552247896353,,0.091559883421403,,0.1199467118808284,,0.0,0.1056634423687513,0.0103820449983164,3.773542600896861,-6.369047619047619,0.3236870310825295,-0.0383815194777243,New Zealand,NZD
FUTU,Financial Services,Capital Markets,13053509632.0,-95972368384.0,,10042947584.0,,37.494095,95750481.0,22506811392.0,131802947584.0,228436876000.0,21065568256.0,,0.0468,0.27836,0.64877,0.94443,1.146,0.54246,22305044480.0,0.288,-0.607,,,40001188000.0,-109296136192.0,,0.7693676158464109,0.0,3.064401002312755,0.0922161457679888,0.0,0.442350945015505,1.2916899396955213,0.36463784660256,0.7339610507258735,0.0020427806459524,0.4389096065492774,0.0065364595781003,,,0.0,0.3456477302834574,Hong Kong,USD
MAP.MC,Financial Services,Insurance - Diversified,12371872768.0,15178823680.0,3757349888.0,1167600000.0,,2.913,3063861435.0,3609100032.0,1760300032.0,58512700000.0,8041699840.0,,,0.18323,0.10165,0.26867,,0.3591899999999999,29931599872.0,-0.015,,,15178823680.0,9409900000.0,1848800000.0,0.2475389376154872,0.0943753643361101,0.0,0.760588164496714,0.1374351181880173,0.0,0.0674000924305178,,0.0572687446042333,,,0.0318462688778065,0.0,0.4920489321222352,904.4,0.0,,Spain,EUR
4151.T,Healthcare,Drug Manufacturers - Specialty & Generic,1271287775232.0,997424627712.0,137662005248.0,72906997760.0,36545249280.0,1705.374,523486836.0,0.0,249520996352.0,1107860000000.0,377002000384.0,148942995456.0,0.06589,0.08457,0.14547,0.7384,3.179,0.0,510568005632.0,0.131,0.951,,997424627712.0,893332000000.0,-249520996352.0,0.1380174515680287,0.0573489332473877,0.0287466378517883,0.7026984899913585,0.3402975108623833,0.5012584580742445,0.0763963089178008,-0.3537342131075431,0.0760921511761124,-0.4506206612138291,-0.0393240946022647,0.0379411690305922,0.0,-1.8125625578567195,24.935510428100987,,0.0980435528527744,Japan,JPY
LUND-B.ST,Industrials,Conglomerates,132555997184.0,205906132992.0,16355999744.0,13678999552.0,7670750208.0,539.707,152000000.0,26322999296.0,2847000064.0,241553000000.0,25695000576.0,8638999552.0,0.03897,0.0908,0.50394,0.65866,1.001,14.27,39011000320.0,0.104,0.507,,205906132992.0,127786000000.0,23475999232.0,0.0794342524252809,0.1031941205422209,0.0578679982117466,0.9640152291459224,0.1063741728564745,0.5607683645898258,-0.0079361634159524,-0.0599711395717158,-0.0048253354285023,-0.0942359200146762,-0.0996825145724958,0.0764537850327767,0.0,1.4353142332746665,24.15119760479042,0.3281920671294007,0.0709008846679528,Sweden,SEK
3003.T,Real Estate,Real Estate Services,1307168997376.0,3254948462592.0,206600994816.0,115299999744.0,,1197.131,759319729.0,2291124928512.0,380099002368.0,3506068000000.0,288965001216.0,,0.03421,0.1299,0.13741,0.36227,1.7,2.43374,797644029952.0,0.448,0.058,,3254948462592.0,913354000000.0,1911025926144.0,0.0634728927939701,0.0882058861367216,0.0,0.6987267918941308,0.082418538720869,0.0,0.1159615764855976,,0.1323450140658989,-0.8235596983335781,0.0508190070979165,0.1499320254449504,0.0,9.249838936380584,8.874580633301163,0.0,0.0640395150557628,Japan,JPY
DIE.BR,Consumer Cyclical,Auto & Truck Dealerships,8671543296.0,10632802304.0,544200000.0,419500000.0,325275008.0,0.272,52586680.0,2246700032.0,304800000.0,6202900000.0,2015500032.0,551699968.0,0.041539997,29.335664335664337,0.054,0.25089002,1.273,79.10915,8033500160.0,0.034,-0.118,,10632802304.0,14300000.0,1941900032.0,0.0511812393798834,0.0483766252073614,0.0375106249137962,0.0016490720869255,0.3249286675587225,0.7753873849821216,0.194409682608873,,0.1402431594106569,,0.0450157873166708,-0.0715194515544778,-0.0003522128572904,3.5683572804116133,5.3141891891891895,0.2455601371531916,0.1441928682739023,Belgium,EUR
AAF.L,Communication Services,Telecom Services,13027035136.0,18563035136.0,2702000128.0,679000000.0,1216625024.0,0.6387745,3644945545.0,6412000256.0,855000000.0,13963000000.0,4306999808.0,3195000064.0,0.101739995,0.25962,0.33619,0.66858,0.582,1.8383,6441999872.0,0.325,2.581,,18563035136.0,3148000000.0,5557000256.0,0.1455581001815758,0.052122374194232,0.093392319226796,0.2416513018607398,0.3084580539998567,1.7917894315169367,0.0687463555445553,0.3475965253322242,0.0639881503425291,0.2908044030482641,0.0485433091595949,0.1613573983198868,-0.0042633757328392,2.056624719745387,2.8053435114503817,0.4982844567122862,0.2457919964329506,United Kingdom,GBP
SAGA-B.ST,Real Estate,Real Estate Services,73935192064.0,115804372992.0,4255000064.0,4545999872.0,1972499968.0,95.115,312323692.0,40412000256.0,20000000.0,88506000000.0,4416999936.0,3494000128.0,0.03056,0.105900005,0.75744003,0.8157,0.112,0.91065,5415000064.0,0.028,0.568,,115804372992.0,42622000000.0,40392000256.0,0.0367429998890797,0.0614862793358929,0.0266787697838474,0.5764778424205,0.0499062203240458,0.4338979374260748,0.1317010765882407,0.0405157513913887,0.1246893571042679,0.0359112709832134,-0.0101634340877039,0.0530912379229927,4.957939709104662e-05,9.492831879778793,5.41871921182266,0.0864594701045822,0.0691006859813553,Sweden,SEK
DEMANT.CO,Healthcare,Medical Devices,53104271360.0,73261064192.0,4686000128.0,2368000000.0,3279375104.0,46.667,210898609.0,20988000256.0,1330000000.0,39074000000.0,17371000832.0,3972999936.0,0.06935,0.24199,0.18049,0.75621,1.357,2.11594,22971000832.0,0.034,-0.634,,73261064192.0,9842000000.0,19658000256.0,0.0639630365690443,0.0445915166399149,0.0617535090872208,0.1853334910346466,0.4445667408506935,1.3848712432432433,0.0524492287750912,0.2082395480580776,0.0489803451139614,0.1228888697598347,0.0117840096055272,0.2041294298921417,-0.0329962271618582,4.195049022414367,6.6075949367088604,0.1892986414874951,0.1154465893652649,Denmark,DKK
BZU.MI,Basic Materials,Building Materials,7772943872.0,6945544704.0,1188961024.0,921313024.0,265068992.0,39.149,177464472.0,441038016.0,1401990016.0,8924813000.0,1957869952.0,914060032.0,0.062989995,0.13445,0.22764999,0.43249,4.583,6.178,4526964224.0,0.029,0.032,,6945544704.0,7087020000.0,-960952000.0,0.1711832656285787,0.1185281971890713,0.0341014931234537,0.9117549433914142,0.219373778699901,0.2877078529175335,0.0418758397060059,0.5634718240713101,0.03652012992376,0.2604545328000445,0.0539160487105907,0.0272060503416322,0.0,-0.8082283444137526,29.114955703608185,2.0725198255925403,0.1482543275961169,Italy,EUR
NEM.DE,Technology,Software - Application,6780266496.0,7166913536.0,344169984.0,232727008.0,322554752.0,8.773,115408795.0,344289984.0,294894016.0,2118214000.0,705744000.0,403768000.0,0.09024,0.23862,0.23056,0.57776,0.73,0.32754,1221511936.0,0.107,0.338,,7166913536.0,929047000.0,49395968.0,0.0480220644872029,0.0343241682516899,0.0475725773006548,0.1370221952998586,0.3331788006310977,1.3859790265511427,0.1410580853915966,0.2595619053520621,0.1366874877772433,0.2277609949741097,0.0338188142680607,-0.0084706807532614,0.0,0.1435220103331265,15.938976065937547,1.172755580365649,0.2020934376591012,Germany,EUR
9602.T,Communication Services,Entertainment,1109689630720.0,1003628920832.0,82813001728.0,51768000512.0,44624125952.0,614.006,831851262.0,1620000000.0,112409001984.0,702934000000.0,159594004480.0,65334001664.0,0.06258,0.10328,0.098290004,0.4425,2.457,0.304,360662990848.0,0.004,-0.432,,1003628920832.0,515366000000.0,-110789001984.0,0.0825135665275057,0.0466508824439599,0.0402131593525358,0.4644235520752006,0.2270398138089778,0.8620021154121256,0.1386642113770049,0.205494082821517,0.1261541637119676,0.2070445235377073,-0.0021478875930251,0.0763565203011018,-0.0562528682070589,-1.3378213525925242,649.7435897435897,40.32963065679012,0.1250983244525919,Japan,JPY
VAR.OL,Energy,Oil & Gas E&P,124146286592.0,126544830464.0,7200099840.0,699100032.0,3104432128.0,-0.93017846,2496406246.0,6115299840.0,696099968.0,26145300000.0,7622300160.0,4341799936.0,0.111090004,0.97445,0.48946,0.86717004,0.634,10.81588,8789900288.0,0.45,-0.185,,126544830464.0,560000000.0,5419199872.0,0.0568976212904114,0.0056312601141067,0.0250062423389476,0.0045108074947131,0.2915361521956145,4.440612195537705,-0.0661326844608022,-0.1788938397729045,-0.0612316952538561,-0.2927570554836626,-0.2379000911753788,0.1955853705380415,0.0,0.7526562120560817,29.980484522207263,0.7099897060811985,0.1917466848581623,Norway,NOK
EVD.DE,Communication Services,Entertainment,4823562752.0,3682745088.0,522984000.0,294864000.0,104070752.0,11.966,95991300.0,125602000.0,1406989952.0,4248078000.0,848158976.0,332588992.0,0.07375,0.25445998,0.1535,0.26553,0.875,9.565,3194199040.0,0.23,0.382,,3682745088.0,1081352000.0,-1281387952.0,0.142009285873223,0.0611299189334149,0.0215754945774985,0.2241811821669859,0.1996571098741595,0.3529449237614629,0.1693552755094998,-0.3358698531627957,0.1537717249582171,-0.257161522884799,0.0368141303911098,0.0444518203811884,0.0,-2.450147522677558,39.9310666440563,2.6479593637044,0.2967500012602267,Germany,EUR
SALM.OL,Consumer Defensive,Farm Products,71089766400.0,95361998848.0,5831000064.0,2028999936.0,2504624896.0,131.125,135538162.0,22695999488.0,569000000.0,57946000000.0,13409000448.0,6886000128.0,0.048070002,0.097559996,0.090950005,0.46842,1.522,1.08969,28625999872.0,0.249,,,95361998848.0,17745000000.0,22126999488.0,0.0611459505299819,0.0285413785801946,0.0352318627959368,0.2496139866342281,0.2314051090325475,1.2344134918691294,0.1085759022033923,-0.1112085651015593,0.0787101340305861,-0.1738648665696076,-0.0763896583949385,0.0645380559587015,0.0253606663853354,3.794717757698176,2.1598079561042525,0.3034014929212885,0.0645472061657032,Norway,NOK
7550.T,Consumer Cyclical,Restaurants,1264371761152.0,1493478539264.0,135936999424.0,43194998784.0,14233124864.0,2179.196,156462287.0,395781013504.0,143065006080.0,813109000000.0,686435991552.0,101176999936.0,0.0574,0.15738,0.0627,0.54304004,1.589,1.15913,1264052994048.0,0.129,1.158,,1493478539264.0,240061000000.0,252716007424.0,0.0910203902166488,0.0341632106245745,0.0112570727228452,0.1898658348564148,0.8442115282846457,0.3295086298109155,0.1995747887116947,-0.0308869373157957,0.1830431505404372,0.0782052347320315,0.0194883157699031,0.0869627407573764,0.0,1.8590671303237725,12.070781032078104,0.2556388418945151,0.1113160073634032,Japan,JPY
8136.T,Consumer Cyclical,Specialty Retail,1063079641088.0,983973036032.0,75805999104.0,51619999744.0,,113.594,1212453995.0,15329999872.0,107202002944.0,202406000000.0,141482000384.0,,,0.4822991875473003,0.41814998,0.0,3.194,11.12,183312007168.0,0.323,0.116,,983973036032.0,107029000000.0,-91872003072.0,0.0770407280769578,0.0485570391425894,0.0,0.1006782519985634,0.6990010196535675,0.0,0.4003941820056556,1.0416645212049986,0.3281695618356235,0.5984968277208395,0.1164991604146965,0.2969589009496226,0.0,-1.211935785530096,327.09411764705885,0.0,0.3631317385994815,Japan,JPY
OCTV-SDB.ST,Technology,Software - Application,,,,,,,,,,8428967000.0,,,,0.0,0.0,0.0,,0.0,,,,,,7537626000.0,0.0,,,,,0.1389246155549072,,,,0.0783908200824434,0.0940145659631398,,-0.0055084828252211,0.0,,,,0.0495878473708205,Sweden,SEK
GFC.PA,Real Estate,REIT - Office,5440349184.0,12355676160.0,663928000.0,448201984.0,813475968.0,142.588,74119200.0,6984269824.0,77938000.0,18015228000.0,668649024.0,479020992.0,0.02269,0.04261,0.75206,0.77345,0.259,0.6602800000000001,864500992.0,-0.0,-0.28,,12355676160.0,10561488000.0,6906331824.0,0.0537346553440261,0.0823847824544344,0.1495264256920167,1.9413253897491003,0.037115768060221,1.8149762764102355,0.0391099310318601,,0.0348297263304248,-0.8115222329687217,0.0091756063002373,0.0054280708616066,0.0006990736915228,10.40223009723946,5.808798754611563,0.0685856938622192,0.0351487993409793,France,EUR
CSG.AS,Industrials,Aerospace & Defense,14661999616.0,,1796984064.0,822291008.0,-350533760.0,,1000000000.0,4515999744.0,2287000064.0,8029287000.0,3028399104.0,465476992.0,0.10503,0.41759998,0.24158001,0.43703997,2.186,1.45256,6929314816.0,0.127,,,16890999296.0,1180578000.0,2228999680.0,0.1063870782604051,0.0560831421044827,0.0,0.0805195765188594,0.3771691190014755,-0.4262891805816755,-0.2894306804351949,-0.306009908054614,-0.4405311302538501,-0.4561616035727268,0.0356950079352829,1.3951383620989242,0.0,1.2404114898149703,2.770345048226177,0.1030728561529342,0.32405882112421,Netherlands,EUR
0019.HK,Industrials,Conglomerates,297489465344.0,241889476608.0,14536999936.0,2937999872.0,7759875072.0,192.473,778988000.0,98287001600.0,23171999744.0,476413000000.0,33738999808.0,14551000064.0,0.01485,0.01101,0.11319,0.37293997,0.979,0.3107999999999999,90467000320.0,0.054,17.93,,241889476608.0,259577000000.0,75115001856.0,0.0600976947813165,0.0098759795362927,0.0260845373567326,0.8725586289243548,0.0708188059687708,2.64121014638356,-0.0025732779933439,0.232270882126711,-0.0166951242648453,0.1850926859536182,-0.0020532667988841,-0.0003105583545443,-0.0110459699240167,5.167159811976214,3.07097232079489,0.148046026708785,0.0208446741785213,Hong Kong,HKD
SOF.BR,Financial Services,Asset Management,7845696512.0,7299346432.0,,113001000.0,-60057000.0,305.768,35461125.0,1293437952.0,1604049024.0,12167042000.0,194368992.0,-740910016.0,0.0068699997,0.01069,0.93182,1.0,67.928,11.929,194368992.0,-0.345,-0.413,,7299346432.0,10842872000.0,-310611072.0,0.0,0.0144029277486281,0.0,1.3820152211363028,0.0159750407699751,-0.5314731728037805,,,0.8599004817493159,,,0.0903524173173928,0.0714285547445255,,,-0.5728222330683552,,Belgium,EUR
VSURE.ST,Industrials,Security & Protection Services,11223659520.0,16579705856.0,1334400000.0,-150800000.0,,8.477,1033962264.0,5259200000.0,32400000.0,16278100000.0,1877200000.0,1387399936.0,,-0.02044,0.119490005,0.48824,0.734,0.59206,3844800000.0,0.108,,,16579705856.0,8764500000.0,5226800000.0,0.0804839369039286,0.0,0.0,0.7808950355614493,0.1153205840976526,,,,,,,0.0139338748255929,,3.916966426858514,0.4924987066735644,0.2638043687252814,0.0127437134806267,Sweden,SEK
BALD-B.ST,Real Estate,Real Estate - Diversified,60274401280.0,220923396096.0,9240999936.0,7032000000.0,-2237874944.0,81.769,1112623408.0,152072994816.0,4212999936.0,276292000000.0,9164000256.0,3808999936.0,0.02081,0.069910005,0.6422,0.66574997,0.331,1.3916399999999998,13765000192.0,0.013,-0.271,,220923396096.0,93852000000.0,147859994880.0,0.0418289782761822,0.1166664429785606,0.0,1.5570789258281954,0.0331678088978327,-0.3182416018202503,0.0925540080345548,-0.0672620536674318,0.0858668623374505,-0.0605741836511067,0.0107002808373626,0.0312250397497816,0.0,16.000432410348196,3.052259584493468,0.0250471817209142,0.0559890308487734,Sweden,SEK
ADP.PA,Industrials,Airports & Air Services,10119033856.0,19813404672.0,2187000064.0,382000000.0,351000000.0,43.924,98915277.0,10615000064.0,2023000064.0,20267000000.0,4116000000.0,1638000000.0,0.04005,0.07804,0.21490999,0.61396,0.894,1.96356,6704000000.0,0.083,,,19813404672.0,4346000000.0,8592000000.0,0.1103798211465712,0.0377506395804275,0.0346871060019111,0.4294876429752307,0.2030887649874179,0.918848167539267,0.1266321342709102,-0.242457188689969,0.1164851377739206,-0.2848484848484848,0.0244385706256566,0.0043609693245453,0.0,3.9286692951829743,3.680781758957655,0.1543099378355312,0.0701427684667908,France,EUR
AYV.PA,Industrials,Rental & Leasing Services,9002488832.0,42345304064.0,3308950016.0,969299968.0,,13.567,783506416.0,35363999744.0,1964000000.0,70912600000.0,5296999936.0,,,0.09259,0.12498,0.21155001,2.177,3.09966,25039099904.0,-0.015,0.292,,42345304064.0,11010600000.0,33399999744.0,0.0781420771238035,0.1076702216563216,0.0,1.2230617783009097,0.0746975845759427,0.0,0.2998262110370391,,0.2354987268378591,0.7028674988567267,-0.0752106305458613,-0.0559562701855002,-0.0405140027173996,10.093836287190385,3.6200743494423793,0.0,0.0438132560070007,France,EUR
BIM.PA,Healthcare,Diagnostics & Research,8127038464.0,8169980928.0,1129699968.0,397500000.0,615774976.0,34.767,117954114.0,461400000.0,569800000.0,5574700000.0,2308800000.0,788400000.0,0.07656,0.09544,0.16811001,0.5673,2.386,11.237,4069799936.0,-0.025,0.094,,8169980928.0,4102100000.0,-108400000.0,0.1382744926770042,0.0489108057948524,0.0757686799106061,0.504747211197646,0.4141568156133962,1.5491194364779874,0.04279723199565,0.3397930519289827,0.0456518190070069,0.3769741145687319,0.0076461045916218,-0.0338474870017331,0.0,-0.0959546809511815,34.27215189873418,1.7087126137841353,0.1200665188470066,France,EUR
1878.T,Real Estate,Real Estate - Diversified,1008022847488.0,963259990016.0,155926003712.0,99029999616.0,-8653375488.0,1524.339,324540501.0,234172006400.0,276335001600.0,1222783000000.0,347054014464.0,40490000384.0,0.06527,0.20537001,0.05298,0.17486,2.19,0.47155,1984742948864.0,0.127,0.354,,963259990016.0,466444000000.0,-42162995200.0,0.1618732277143681,0.0982418204733984,0.0,0.4627315751447318,0.2838230613804738,-0.0873813543527662,0.0518747493505673,-0.136322092723169,0.0500056350859233,-0.1198309841166223,,0.1321341506885208,0.0,-0.2704038723257239,213.85597381342063,0.1729070908451677,0.1609286286101361,Japan,JPY
9024.T,Industrials,Conglomerates,745503457280.0,1317027708928.0,102865002496.0,38856998912.0,-202003120128.0,2238.331,254177788.0,651744968704.0,66252001280.0,1834120000000.0,94743003136.0,1528000000.0,0.01596,0.06855,0.005,0.18458,0.423,1.13438,513286012928.0,-0.76,-0.957,,1317027708928.0,561750000000.0,585492967424.0,0.0781039015342565,0.0521218225516637,0.0,0.7535176322985382,0.0516558366606328,-5.198628967344579,0.3143720839030917,,0.2834636981006065,1.1162846040679772,0.3142483029667783,0.1217728968287218,0.0,5.691857806028512,46.58418034923117,0.0023444753291129,0.2546129350923513,Japan,JPY
2587.T,Consumer Defensive,Beverages - Non-Alcoholic,1337659490304.0,1395239550976.0,227180003328.0,88224997376.0,62323625984.0,4256.005,308999660.0,75292000256.0,135775002624.0,2218015000000.0,652060983296.0,168438005760.0,0.04792,0.08101,0.06664,0.37122002,1.296,5.265,1756523003904.0,0.112,-0.032,,1395239550976.0,1315948000000.0,-60483002368.0,0.1628250884725011,0.0659547500806425,0.0465915477262723,0.9837690455146656,0.2939840277437258,0.7064168641273771,0.0575381530746048,-0.1023483702975022,0.0557868665368725,-0.0856999134539978,-0.0067023156050383,0.0777359146990911,0.0,-0.2662338299232935,33.461351590106005,2.2371301756799484,0.0921718446779129,Japan,JPY
COV.PA,Real Estate,REIT - Diversified,6004067840.0,19843782656.0,970000000.0,738700032.0,-406524992.0,77.796,110776162.0,11040700416.0,1207500032.0,25338100000.0,951299968.0,819600000.0,0.02052,0.09404001,0.72438,0.83002996,0.914,0.87271,1146099968.0,-0.049,4.284,,19843782656.0,8614200000.0,9833200384.0,0.0488818093211028,0.1230332587314669,0.0,1.4347272931546355,0.0375442502792237,-0.5503248604164133,0.154990483253772,0.2260365064313427,0.1264608344794552,0.0535089188477856,-0.2077452038578694,0.0180727490427228,0.0,10.137319983505154,4.689101338432122,0.0742344207449238,0.054344164938219,France,EUR
LATO-B.ST,Industrials,Conglomerates,121694240768.0,139276550144.0,4482999808.0,4496999936.0,2542125056.0,66.971,591731890.0,19608000512.0,2811000064.0,68495000000.0,11128999936.0,3486000128.0,0.03609,0.10306,0.12309,0.39751998,1.644,0.4564,27996000256.0,-0.022,-0.528,,139276550144.0,42623000000.0,16797000448.0,0.032187757403274,0.0369532683520591,0.0208894442329966,0.3502466487404052,0.1624790121322724,0.5652935495171864,0.0757065861795369,0.3811880772041314,0.0662987317989666,0.1600279769190418,0.0224197667142878,0.020196904928581,0.0,3.746821585409267,11.315978456014363,0.1777845796090522,0.1097166132850577,Sweden,SEK
CVC.AS,Financial Services,Asset Management,13444772864.0,15321057280.0,1076760960.0,1183106048.0,652889984.0,1.522,1051194109.0,1783960960.0,721164992.0,5209736000.0,1303048960.0,655705024.0,0.1103,0.6032,0.52158,0.70381,2.104,0.7932299999999999,1851412992.0,0.089,1.705,,15321057280.0,1618173000.0,1062795968.0,0.0702798077392215,0.0879974738113954,0.0485608786852912,0.1203570351368934,0.2501180405302687,0.5518440084924661,,,0.2942692529566758,0.258947482341662,,-0.0108260230115171,0.0,0.9870305550453836,24.3006995680263,0.3675557025642534,0.2683882506201667,Netherlands,EUR
ROCK-B.CO,Industrials,Building Products & Equipment,41470513152.0,42802999296.0,813000000.0,4000000.0,299750016.0,99.25176,109086256.0,0.0,207000000.0,3642000000.0,2616000000.0,605000000.0,0.087349996,0.00133,0.13245,0.67475,1.274,0.0,3876999936.0,0.0,,,42802999296.0,2741000000.0,-207000000.0,0.0189939960603643,9.645407534117026e-05,0.0072280276566952,0.0660951551275369,0.7182866556836903,74.937504,-0.0025660877482887,0.3168099685578645,0.0038010354544858,0.1111111111111111,0.1044840649300519,-0.0632716049382716,-0.0212819107828517,-0.2546125461254612,11.72222222222222,,0.0710198586334567,Denmark,DKK
RED.MC,Utilities,Utilities - Regulated Electric,8161690624.0,13748206592.0,1097840000.0,490798016.0,56348124.0,9.702,540509337.0,6477700096.0,908300032.0,15345312000.0,1728344960.0,930937984.0,0.02538,0.09794,0.42962003,0.98293,1.141,1.17492,1758356992.0,0.069,,,13748206592.0,5248068000.0,5569400064.0,0.0798533243338681,0.0601343567908314,0.0069039769572133,0.6430123661594943,0.1126301609247176,0.114809192708717,-0.0626546440116985,,-0.0728683036785077,0.0945191802455008,0.0126816317961462,0.0169045260376936,0.0,5.073052597828463,6.358694821180104,0.1437142767036802,0.0637869132258548,Spain,EUR
9202.T,Industrials,Airlines,1255384023040.0,1206405300224.0,388449992704.0,166966001664.0,17076249600.0,3287.972,447632027.0,1171730989056.0,1256966062080.0,3620297000000.0,464474996736.0,443459010560.0,0.03588,0.1294,0.05549,0.18292,1.535,0.77979,2539232952320.0,0.184,0.503,,1206405300224.0,1130317000000.0,-85235073024.0,0.3219896270613817,0.1329999415315802,0.0136024111240866,0.9003754861105039,0.1282974840837644,0.1022738128110895,0.3038939894400774,,0.2312390498910524,0.3942388007105066,,0.0142223205856233,0.0,-0.2194235413178379,9.415000642150776,0.3784648649749127,0.0938344664864715,Japan,JPY
LUNR.TO,,,1479493120.0,,,,,,70385015.0,,,3104110.0,,,,0.0,,,,0.0,,,,,1479493120.0,2863641.0,0.0,0.0,0.0,0.0,0.0019355554691595,0.0,,,,,,,,,,,,,Canada,CAD
AOS,Industrials,Specialty Industrial Machinery,7965805056.0,8339553792.0,795299968.0,527600000.0,495612512.0,13.625,111965465.0,656899968.0,203900000.0,3142800000.0,1477699968.0,707500032.0,0.12775,0.28267,0.17111,0.38764998,1.558,0.34981,3811899904.0,-0.019,-0.105,,8339553792.0,1858000000.0,452999968.0,0.0953648106164766,0.0662331046631126,0.0622175045103187,0.2332469834421215,0.4701858113783887,0.939371705837756,0.0067297844431803,0.1935779278534315,0.005092100950508,0.1136490250696378,0.0341431721098303,-0.03,-1.0494434030292837e-08,0.5695963614071213,53.97037037037037,1.077028568221821,0.3195193614875236,United States,USD
AES,Utilities,Utilities - Diversified,10458457088.0,48417497088.0,3755000064.0,1380000000.0,-2964999936.0,6.198,713157713.0,31804000256.0,1651000064.0,51768000000.0,2409999872.0,4961999872.0,0.027139999,0.052600004,0.18742001,0.19299999,0.73,2.5960300000000003,12487000064.0,0.087,9.511,,48417497088.0,4063000000.0,30153000192.0,0.0775546091772401,0.1319506298480114,0.0,0.3884894268641091,0.0465538531911605,-2.148550678260869,-0.010249740650209,,-0.0123865370712507,0.0215497693330205,-0.0212091307014347,0.092013669155803,0.0001472031288616,8.030093123321981,1.0533049040511726,0.156018105648955,0.0342453091782974,United States,USD
AKAM,Technology,Software - Infrastructure,18837594112.0,23833006080.0,1146972032.0,435179008.0,700723392.0,33.726,145385451.0,5867704832.0,930444992.0,11479643000.0,2486778880.0,1580072960.0,0.03393,0.091680005,0.10611,0.58284,2.057,1.19534,4266646016.0,0.058,-0.134,,23833006080.0,4977371000.0,4937259840.0,0.0481253614483196,0.0231016235625748,0.037198136228746,0.2642254085318302,0.2166251058504171,1.610195756501196,0.0517897718191411,-0.050304874698784,0.0500082256643671,-0.0183052094683791,-0.0278894786364374,0.1071348282368667,-0.0381430821964752,4.3046035145170825,20.584674404239408,0.2692829658681781,0.0602317799683698,United States,USD
ALB,Basic Materials,Specialty Chemicals,18474461184.0,20771567616.0,1067513984.0,-399635008.0,716711744.0,64.597,117934651.0,2005991040.0,1089809024.0,16374211000.0,1018185984.0,1081304064.0,0.01605,-0.0182,0.24786,0.18531,2.068,19.845,5494582784.0,0.327,,,20771567616.0,9533365000.0,916182016.0,0.0513930389720663,0.0,0.0387947305667954,0.5160293934989817,0.0621822928750582,,-0.1110194851543607,0.0233161498979677,-0.1569227221378617,-0.0032798601960382,-0.289987745688382,-0.0141747727480574,0.0013278436550924,0.8582388893558512,-1.6586580368021344,0.5390373348826124,-0.0236291200560476,United States,USD
ARE,Real Estate,REIT - Office,9170059264.0,25205569536.0,1860583936.0,-1067513984.0,1408723072.0,92.167,174269480.0,12878605312.0,418720000.0,34081835000.0,2009796992.0,1402721024.0,0.01001,-0.04144,0.15890999,0.6859,0.797,0.66509,2930149120.0,-0.115,,,25205569536.0,15470070000.0,12459885312.0,0.0738163814684929,0.0,0.1536220248358037,1.6870196314578585,0.0589697412712666,,0.0456495807507288,,0.0460741811998324,,-0.0092455222500935,-0.091815833258477,0.0028264069029096,6.696760662562229,-4.367166891635568,0.108918705870501,-0.031036104784331,United States,USD
ALGN,Healthcare,Medical Instruments & Supplies,12152163328.0,11267100672.0,890456000.0,429892000.0,538981504.0,57.939,71618127.0,116044000.0,1059833984.0,6233693000.0,2873092096.0,691588992.0,0.073309995,0.10824,0.16594,0.70147,1.393,2.797,4095789056.0,0.062,0.239,,11267100672.0,4049147000.0,-943789984.0,0.0790315118256538,0.0353757588996091,0.0443527205364434,0.3332038000732177,0.4608972716494059,1.2537602560643135,0.0261176718214066,0.2102904284896254,0.0265561400896981,0.1313961070318532,-0.0333492166723928,0.0030722814018601,-0.0336497447494211,-1.0598951368736915,,5.959713487987315,0.1356872256111837,United States,USD
APA,Energy,Oil & Gas E&P,13460147200.0,18616868864.0,5210999808.0,1532999936.0,1691250048.0,18.266,353470227.0,4536000000.0,293000000.0,17761000000.0,6049999872.0,4003000064.0,0.09611,0.26217,0.38487998,0.72273004,0.919,0.61314,8370999808.0,-0.119,0.322,,18616868864.0,6093000000.0,4243000000.0,0.2799074240715455,0.1138917660573578,0.1256487037526603,0.4526696409382507,0.340633966105512,1.103229040186992,-0.0695914204338425,-0.1125115280830335,-0.0526900107863513,-0.162687338501292,-0.1591801718814848,-0.0840123775141825,0.0009326688029715,0.8142391395766484,11.03956834532374,0.8824956049382716,0.2020408163265306,United States,USD
AIZ,Financial Services,Insurance - Property & Casualty,12875943936.0,13036589056.0,1638899968.0,991600000.0,2029737472.0,118.165,49547637.0,2207500032.0,1921500032.0,36289600000.0,1677299968.0,1681799936.0,0.024360001,0.18016,0.106400006,0.12745,0.386,0.3761,13160399872.0,0.113,0.912,,13036589056.0,5871600000.0,286000000.0,0.1257153969462363,0.0770118295737195,0.1576379550958616,0.4560131691458772,0.046219852740179,2.0469316982654298,0.0792721098460802,0.5730970209554398,0.0748411435922844,0.3687573964497041,,0.0362358154914536,-0.0195903100626807,0.1745072948832957,10.912488605287146,0.7618572646072787,,United States,USD
BAX,Healthcare,Medical Instruments & Supplies,10440420352.0,18132486144.0,1908999936.0,-981000000.0,900875008.0,11.701,516469008.0,9687000064.0,2016999936.0,20055000000.0,3921999872.0,1251000064.0,0.02849,-0.15010999,0.060349997,0.34647,1.854,1.61021,11320000512.0,0.029,,,18132486144.0,6129000000.0,7670000128.0,0.1052806504766961,0.0,0.0862872353436828,0.5870453289580346,0.195562197556719,,0.0378887286798415,-0.1753683241267132,0.0362862614369813,-0.2168850072780203,-0.0523727046832698,-0.2221317198045147,0.0,4.017810573672015,-0.7413793103448276,0.1291421550257976,-0.012584138132865,United States,USD
TECH,Healthcare,Biotechnology,8251173376.0,8296067584.0,366044992.0,109499000.0,299849376.0,12.901,156568751.0,290321984.0,214114000.0,2557868000.0,803971968.0,294857984.0,0.07452,0.053400002,0.25191,0.66399,4.489,13.922,1210811008.0,-0.015,1.286,,8296067584.0,1918808000.0,76207984.0,0.0441227109463239,0.0132707186008837,0.0363402103356796,0.2325497129391552,0.3143133140568629,2.7383754737486186,0.0332626886910698,-0.0291549428720976,0.0315486964282159,-0.0208203468170693,-0.036283059784441,-0.0539963689042397,-0.0205039737445945,0.2081929425768513,12.571630038782466,1.015624032109122,0.0449081220594797,United States,USD
BF-B,Consumer Defensive,Beverages - Wineries & Distilleries,12203809792.0,14363364352.0,1207666688.0,715000000.0,679500032.0,8.764,290262390.0,2502000128.0,308000000.0,8086000000.0,2377999872.0,1000000000.0,0.088,0.17846,0.24781,0.6054,3.239,0.62239,3928000000.0,0.02,-0.619,,14363364352.0,3993000000.0,2194000128.0,0.0840796528169837,0.0585882615499879,0.0556793365007569,0.3271929068099327,0.2940885322780114,0.9503496951048952,0.0035470274178923,-0.1856243251643418,0.0018634301826651,-0.2164370546318289,,-0.0097967180994366,0.0,1.8167265436736133,9.86065573770492,0.3996802353480935,0.1717099628889523,United States,USD
BLDR,Industrials,Building Products & Equipment,7997076480.0,13219694592.0,1207911936.0,291480992.0,640900096.0,37.242,107559876.0,5291918848.0,98342000.0,11237530000.0,4429501952.0,1171011968.0,0.033970002,0.06958,0.0050199996,0.29888,1.759,1.3215899999999998,14820218880.0,-0.101,,,13219694592.0,4352251000.0,5193576848.0,0.0913721514210303,0.0364484437192727,0.0801417990190335,0.5442302585056683,0.3941704228598277,2.198771493133933,-0.1256573275605932,-0.3602657957970396,-0.1305284201423686,-0.4064976799668273,-0.0369088003018232,0.061838673521126,-0.0263519343534839,4.299632028803795,2.870731012727552,0.2212830547170174,0.0813732220215513,United States,USD
BXP,Real Estate,REIT - Office,11749830656.0,28858378240.0,1597104000.0,317199008.0,941118656.0,32.469,159477391.0,16362374144.0,512783008.0,26166164000.0,1772950016.0,1191586944.0,0.01675,0.05525,0.25675,0.56131,0.979,2.11994,3158577920.0,0.006,0.655,,28858378240.0,5154728000.0,15849591136.0,0.0553428188762973,0.0269960493292746,0.0800963591351354,0.4387065780703623,0.0677573531985811,2.966965949653916,0.0385652612265068,,0.0378309223194316,,-0.0283176967994528,0.0031122891411072,0.0023588866485719,9.923956821847543,1.5879232260257403,0.0728248195227187,0.0420112181087338,United States,USD
CPT,Real Estate,REIT - Residential,11500453888.0,16299713536.0,840089984.0,387255008.0,688079616.0,38.749,99090596.0,4275068928.0,40684000.0,9042989000.0,976636032.0,826510016.0,0.015829999,0.09064999,0.037249997,0.61622,0.104,1.04147,1584873984.0,-0.005,0.121,,16299713536.0,4362523000.0,4234384928.0,0.0515401686136725,0.033673019497437,0.0598306486596992,0.3793348543010131,0.1079992502478992,1.776812699088452,0.0341482987570991,0.0936189928898081,0.0298695416059632,0.0746382351599341,-0.0139506676975407,0.0215591838542165,2.2932323993988678e-07,5.0403944918357695,3.885705191733158,0.193332559058098,0.0625505601190747,United States,USD
CPB,Consumer Defensive,Packaged Foods,6861725696.0,13758958592.0,1704999936.0,608000000.0,603249984.0,13.517,298206243.0,7336000000.0,402000000.0,14896000000.0,2899000064.0,1098000000.0,0.05393,0.15389,0.13102001,0.292,0.866,1.82035,9927999488.0,-0.044,0.864,,13758958592.0,3902000000.0,6934000000.0,0.1239192577402881,0.0886074475921457,0.0879151995760572,0.5686616126719619,0.1946160085929108,0.9921874736842106,0.0619202713980322,-0.0911172903927742,0.056622936944562,-0.1046353322528363,-0.0026171885403473,-0.0222513948145717,-0.0013101774376778,4.0668623227443925,3.307246376811594,0.1496728462377317,0.095162635529608,United States,USD
CRL,Healthcare,Diagnostics & Research,8865510400.0,11893586944.0,889624000.0,-184650000.0,510023744.0,61.05,48167730.0,3064531968.0,191830000.0,7135422000.0,1387579008.0,607025984.0,0.04264,-0.0587,0.15923999,0.34457,1.361,1.02551,4027044096.0,0.012,,,11893586944.0,3164630000.0,2872701968.0,0.0747986292267188,0.0,0.0575289770118593,0.3569597075877323,0.1944634820477331,,0.0032857552523495,0.2069414929038093,0.0009534693312159,0.1920995298090135,-0.0383129586838876,-0.0521924805518344,-0.0376214778748949,3.229119232394809,0.0703173906137588,0.1980811394165884,0.0012511830629114,United States,USD
CAG,Consumer Defensive,Packaged Foods,6432587264.0,13659652096.0,1729400064.0,-43300000.0,654675008.0,17.064,478437156.0,7332400128.0,55100000.0,20933900000.0,2714299904.0,1241299968.0,0.04202,-0.00511,0.105670005,0.24274999,0.901,0.89813,11181299712.0,-0.019,0.39,,13659652096.0,8932700000.0,7277300128.0,0.1266064502848082,0.0,0.1017747573614572,1.3886636330597315,0.1296604982349204,,0.0022171295540533,0.2225336440248242,3.875593450247069e-05,0.2584911837612834,0.0125530572446309,0.0034320281081184,0.0,4.207991129113315,3.7581106870229006,0.169289720464093,0.0948070939826321,United States,USD
DVA,Healthcare,Medical Care Facilities,12917872640.0,27104225280.0,2792761088.0,756416000.0,999662976.0,-11.415,64185000.0,13220841472.0,666545984.0,17480103000.0,4490015232.0,2027321984.0,0.07496,0.80981004,0.13864,0.32454,1.417,12.613309999999998,13835087872.0,0.06,0.435,,27104225280.0,,12554295488.0,0.1030378496027612,0.0585557716103942,0.0773860374582544,,0.2568643463942975,1.3215783061172688,0.0552643671356829,0.1089151828892491,0.0539741789563792,0.0783287165034426,0.0295952130487411,0.0112717372967546,-0.241454481072049,4.495298771507375,3.322404927525236,0.1533428857984267,0.1343762015316977,United States,USD
FDS,Financial Services,Financial Data & Stock Exchanges,8805221376.0,10342654976.0,910152000.0,587793984.0,590249344.0,58.108,36431127.0,1553656960.0,285267008.0,4304272000.0,1247004032.0,798905024.0,0.109139994,0.28084,0.29799,0.51936,1.431,0.7297199999999999,2401061120.0,0.071,-0.045,,10342654976.0,2186413000.0,1268389952.0,0.0879998416375675,0.0667551625223329,0.0670340152501805,0.24830869169961,0.2897131110673303,1.0041772458834828,0.07984113351802,0.0822375172561455,0.0733890973059084,0.0730669321737364,-0.000397760651348,0.061462279040404,0.0097267970322718,1.3936023345551072,13.800191747745188,0.514209406946563,0.2054689362790995,United States,USD
FRT,Real Estate,REIT - Retail,10916951040.0,15905730560.0,836086016.0,496808000.0,448925248.0,36.479,86389197.0,4934187008.0,120918000.0,9130460000.0,892563008.0,627928000.0,0.033210002,0.14783,0.34120998,0.67989,0.659,1.3843199999999998,1312808960.0,0.103,1.525,,15905730560.0,3248731000.0,4813269008.0,0.0525650810471166,0.0455079443133602,0.0411218522786376,0.2975859274349187,0.0977566308816861,0.9036192009790502,0.0598270087053274,0.4900302469257009,0.0583698790881063,0.3092836837810289,0.0045677656561833,0.0710522305797103,0.0070014645212547,5.756906485564279,3.3072750443865937,0.1272606812392628,0.0691686328128826,United States,USD
BEN,Financial Services,Asset Management,16191893504.0,19531900928.0,1786899968.0,677600000.0,-242137504.0,23.332,519637162.0,3430400000.0,2571500032.0,32368300000.0,3373100032.0,978700032.0,0.02604,0.06704,0.17238002,0.37355998,6.344,0.23471,9029699584.0,0.087,0.872,,19531900928.0,12077800000.0,858899968.0,0.091486229353047,0.0418481013250616,0.0,0.7459164672134444,0.1042099842129491,-0.3573457851239669,0.0195695027983868,-0.2124710453209816,0.0253471327464387,-0.2668616761955413,-0.0241951848588376,-0.0029632367663139,-0.0050511257381322,0.4806648292468938,9.290832455216016,0.2853020149253731,0.0289248878041099,United States,USD
IT,Technology,Information Technology Services,9972818944.0,12059746304.0,1336962944.0,740636032.0,1064192896.0,0.934,66951889.0,3355174912.0,1666946048.0,8085400000.0,4466285056.0,1367891968.0,0.09377,0.94878,0.20499,0.68987,0.939,52.9341,6474137088.0,-0.015,0.173,,12059746304.0,319908000.0,1688228864.0,0.1108616143572235,0.0742654645751483,0.1067093368460535,0.032077991367974,0.5523888806985431,1.436863520029228,0.0586658790595906,0.0576357507313864,0.056728086154395,0.0761120955574383,-0.0067527337105671,-0.0526406934725427,0.0,1.2627342227968288,8.727819152757489,0.407696171996174,0.2724423343536055,United States,USD
GNRC,Industrials,Specialty Industrial Machinery,14844620800.0,15204634624.0,527512000.0,188967008.0,115297624.0,45.523,58868681.0,1393465984.0,265530000.0,5573679000.0,1649986944.0,499111008.0,0.03788,0.07388,0.11071999,0.38138,2.028,0.52086,4326390784.0,0.124,0.699,,15204634624.0,2632422000.0,1127935984.0,0.0346941582645689,0.0127296621817379,0.0077669632355984,0.1773317106220726,0.2960319286417463,0.6101468463743681,-0.0266714906950039,,-0.0185720834160943,0.340101069005041,0.0494865366354607,0.0908823483935568,0.0035931386152948,2.138218626306132,3.815678175877336,0.3581795420418386,0.0618945362825649,United States,USD
GL,Financial Services,Insurance - Life,12761693184.0,15440411648.0,1638151936.0,1177201024.0,1317225088.0,78.121,77644761.0,3260583936.0,438999008.0,30813692000.0,2048711936.0,1385442048.0,0.03312,0.20455,0.23746,0.33731997,0.663,0.53588,6073515008.0,0.054,0.126,,15440411648.0,5974579000.0,2821584928.0,0.1060950946999,0.0922448931365877,0.1032171099091673,0.4681650713473225,0.0664870647762689,1.1189466039744118,0.0467339101878025,-0.0347495773515081,0.0469249322616371,-0.0386185229985963,,0.0597571943853286,-0.0514307081834681,1.7224195546169412,11.16828233761268,0.4249061135042039,,United States,USD
GDDY,Technology,Software - Infrastructure,10090954752.0,13166162944.0,1311699968.0,870099968.0,1347612544.0,1.789,132409847.0,3848100096.0,1311800064.0,8034900000.0,3203599872.0,1666200064.0,0.09392,3.98215,0.24681999,0.6377,0.671,16.216179999999998,5023699968.0,0.061,0.06,,13166162944.0,215100000.0,2536300032.0,0.0996265938359634,0.0862257327858445,0.1335465847503584,0.0213161197613504,0.3987106089683754,1.5488019693847408,0.0656472226630486,0.196574697118256,0.0648807758384304,0.19114759647935,-0.0010154303836467,-0.0243461155499429,-0.0458260155231998,1.9335976929748615,7.754966887417218,0.4329929114193188,0.2323689328094614,United States,USD
HAS,Consumer Cyclical,Leisure,11732407296.0,14187069440.0,1270200064.0,-222600000.0,547924992.0,4.579,141490692.0,3873200128.0,1355299968.0,5552000000.0,3064600064.0,1092800000.0,0.11936,-0.23316,0.27583998,0.63655,1.654,5.74488,4814400000.0,0.127,0.986,,14187069440.0,538500000.0,2517900160.0,0.0895322370396461,0.0,0.0467018386062004,0.0458985088408577,0.5519812795389049,,-0.0706306857489308,0.5178941301961593,-0.0880142967385565,0.3150208758131857,0.0564280241828143,-0.1243316562307777,0.0,1.9822862802186096,0.3757649938800489,0.2821439543234467,0.0166807030889184,United States,USD
DOC,Real Estate,REIT - Healthcare Facilities,14239964160.0,24881932288.0,1543782016.0,221632992.0,1109761536.0,11.257,689419702.0,10712860672.0,1177075968.0,20336018000.0,1675554944.0,1233410944.0,0.01498,0.027999999,0.12307999,0.58329,2.039,1.18243,2872574976.0,0.071,3.639,,24881932288.0,7500094000.0,9535784704.0,0.0620442977712197,0.0155641537794432,0.0779328882805278,0.5266933199921762,0.0823934628696729,5.007203692850927,0.1104698360850378,,0.1148349097227669,,0.0186548707396172,0.0199497398343034,-0.0063595461175337,6.176898425535228,1.9315678063294208,0.1151336680055722,0.0318173297337111,United States,USD
HSIC,Healthcare,Medical Distribution,9058660352.0,14149336064.0,1048000000.0,395000000.0,290124992.0,28.543,113916757.0,3748999936.0,138000000.0,11215000000.0,4175000064.0,578000000.0,0.04355,0.08762,0.05849,0.31194,1.364,0.7774800000000001,13383999488.0,0.063,0.045,,14149336064.0,3245000000.0,3610999936.0,0.0740670795618753,0.043604681558989,0.0320273617429474,0.3582207383770116,0.372269287917967,0.7344936506329114,0.0139578268466917,0.0320160714199204,0.0153020081427138,0.0993397663788725,0.0084445692923069,0.0975729105500097,-0.0675339317788595,3.4456106259541985,4.553333333333334,0.1541744491510175,0.0855139601853011,United States,USD
HRL,Consumer Defensive,Packaged Foods,13470957568.0,13042887680.0,1251180032.0,466879008.0,471169760.0,14.445,550284207.0,250000000.0,574262976.0,13393119000.0,1928423040.0,1007758016.0,0.045819998,0.05831,0.11057,0.15783,1.938,4.244,12218454016.0,-0.029,-0.051,,13042887680.0,7901171000.0,-324262976.0,0.0959281458751318,0.0346581900836108,0.0349767087916047,0.5865337308142874,0.143986105103673,1.0091902868333715,-0.0095254322872891,-0.1453785914739782,-0.0102655101298625,-0.0921825568747972,-0.0174785935680006,-0.0030971968247368,0.0027377697341078,-0.25916572172405,9.501614598016353,4.031032064,0.0617271946483623,United States,USD
HST,Real Estate,REIT - Hotel & Motel,16955648000.0,20531859456.0,1668999936.0,1011000000.0,1190875008.0,9.968,684879281.0,5645000192.0,1703000064.0,13049000000.0,1790000000.0,1547000064.0,0.042140003,0.1487,0.19163,0.28978002,2.471,0.80482,6176999936.0,0.028,1.053,,20531859456.0,6558000000.0,3942000128.0,0.081288299268592,0.0596261493515317,0.0702347092838917,0.3867737759123095,0.1371752624722201,1.1779179109792284,0.0760599281050931,-0.0171037354333327,0.0725654069767441,0.0019301731478853,-0.0262663759868789,7.664009809932556e-05,-0.0161636389643827,2.361893516573508,4.480851063829787,0.2740478319544404,0.0906040268456375,United States,USD
HII,Industrials,Aerospace & Defense,11744764928.0,14107886592.0,1134000000.0,605000000.0,634124992.0,130.708,39404029.0,2931000064.0,216000000.0,12749000000.0,1599000064.0,1200999936.0,0.040999997,0.12198,0.065510005,0.12445,1.191,0.56946,12849000448.0,0.134,0.0,,14107886592.0,5073000000.0,2715000064.0,0.0803805724269887,0.0515123123969603,0.0539921399778909,0.4319371252723637,0.1254216067142521,1.048140482644628,0.0535336177494394,0.1810215477584258,0.0477150100760579,0.0573737373737373,-0.0079194662536349,0.0500782472613458,0.0020871231494254,2.394179950617284,8.4,0.4097577310731849,0.0908903544929925,United States,USD
IVZ,Financial Services,Asset Management,12203957248.0,16850525184.0,1327600000.0,-667000000.0,861862528.0,21.982,443296629.0,1966700032.0,806899968.0,27094000000.0,1906200064.0,1822499968.0,0.02683,-0.01535,0.191,0.28915,0.822,14.829,6592399872.0,0.141,0.35,,16850525184.0,12231000000.0,1159800064.0,0.0787868618635453,0.0,0.0706215623740605,1.0022159002568147,0.0703550625230678,,0.0177683488518249,0.4134468126330339,0.0220608523961766,0.2638819587996293,-0.0505964796996837,0.003150813250447,-5.1452040275569685e-05,0.873606556191624,-3.598787878787878,0.9266791774781442,-0.0113333587815398,United States,USD
JKHY,Technology,Information Technology Services,9050093568.0,9181382656.0,715414016.0,519152992.0,373407744.0,29.979,71050780.0,136587008.0,20573000.0,3043970000.0,1108333056.0,786398016.0,0.13664,0.24892001,0.24369,0.44057,1.744,6.398,2515687936.0,0.087,0.125,,9181382656.0,2130832000.0,116014008.0,0.0779200740024139,0.0573643784010874,0.0412600976105178,0.2354486154192212,0.3641077461341603,0.7192633958661651,0.0692759552173467,0.0941761640731626,0.066658158581799,0.1466496673212981,0.0080195982365572,0.0408581898805292,0.0016394057661555,0.1621634541753233,57.144472121096,5.757487681405247,0.2378109119499112,United States,USD
MGM,Consumer Cyclical,Resorts & Casinos,11955902464.0,42089189376.0,2273850880.0,187731008.0,528360256.0,9.511,255851235.0,31693570048.0,2504945920.0,41373786000.0,7823121920.0,2550087936.0,0.01844,0.13488,0.06856,0.4416,1.335,9.51186,17715318784.0,0.042,-0.059,,42089189376.0,2429917000.0,29188624128.0,0.0540245824096719,0.0157019521165608,0.0441924194004532,0.2032399484118106,0.1890840233958768,2.814453838121404,0.101362355792971,0.137837096262827,0.0893204213231779,0.0634449600532279,-0.0490081570095171,-0.0203127622812164,-0.1224667356960429,12.836648341688967,1.670049780212962,0.0804607348474117,0.018483622979319,United States,USD
MRNA,Healthcare,Biotechnology,18764023808.0,14341199872.0,-2299000064.0,-3193999872.0,-20000000.0,18.66,396786259.0,1298000000.0,5205000192.0,12338000000.0,-1555000064.0,-1466000000.0,-0.13093,-0.36556998,-1.3110499,-0.69888,2.409,17.522,2224999936.0,2.602,,,14341199872.0,8650000000.0,-3907000192.0,0.0,0.0,0.0,0.4609885432095909,-0.1260333979575295,,-0.5330301860051326,,-0.7078243902439024,-0.5558062740781508,-0.164672505874813,-0.1275632866638382,0.0207253886010362,,-275.8,-1.1294298921417565,-0.2664476862138923,United States,USD
TAP,Consumer Defensive,Beverages - Brewers,7682103296.0,13996150784.0,2444699904.0,-2109299968.0,774062528.0,53.618,175215417.0,6485300224.0,469500000.0,22738400000.0,4320900096.0,1877600000.0,0.04492,-0.18080999,0.124239996,0.38622,0.535,0.62567,11187800064.0,0.02,0.356,,13996150784.0,10230300000.0,6015800224.0,0.1746694460304551,0.0,0.1007617963693676,1.3317056027256002,0.1900265672166907,,0.0135161449915441,0.0830126023806252,0.0110185982568423,0.0448408426879901,0.0421132298837288,-0.1276036571095329,0.0021408396740829,2.460752018747574,-9.157321500605082,0.2895162806883803,-0.1302588996763754,United States,USD
MOS,Basic Materials,Agricultural Inputs,6380771840.0,11934220288.0,1993100032.0,45000000.0,-289787488.0,37.137,317846644.0,5762500096.0,281800000.0,24480100000.0,1654099968.0,886099968.0,0.02,0.0059399996,0.00791,0.13307999,1.246,0.4819,12429500416.0,0.144,,,11934220288.0,12084900000.0,5480700096.0,0.1670071428130152,0.007052438345766,0.0,1.893955825883284,0.0675691671194153,-6.439721955555555,-0.1426545439066701,,-0.1699513362442295,-0.9942413397890206,-0.143151120182991,0.0678808235909963,0.0012076564690373,2.7498369414506136,6.022360248447205,0.1537700569610541,0.0709556868465602,United States,USD
NWS,Communication Services,Entertainment,16577607680.0,18365104128.0,1252000000.0,447000000.0,1744000000.0,15.601,181725453.0,2928999936.0,2176999936.0,15504000000.0,5031000064.0,997000000.0,0.04113,0.06524,0.10114,0.5717,1.702,0.31559,8800000000.0,0.088,-0.104,,18365104128.0,8774000000.0,752000000.0,0.068172768924907,0.0269640836379112,0.1052021518221862,0.5292681651879941,0.3244969081527348,3.901565995525727,-0.0663495106499807,-0.12590896795592,-0.0633486225463662,-0.1238731218697829,,-0.0707264444977223,-0.0054945544400107,0.6006389776357828,11.24705882352941,0.3403892187725879,0.0741315136476426,United States,USD
NCLH,Consumer Cyclical,Travel Services,8353508864.0,24124860416.0,2619822080.0,568206976.0,-1500744960.0,5.296,459110140.0,16082653184.0,185047008.0,22541401000.0,4318154240.0,2221976064.0,0.044439998,0.29533002,0.10515001,0.43047002,0.21,6.614439999999999,10031259648.0,0.096,,,24124860416.0,2209888000.0,15897606176.0,0.1085942896590809,0.0680201559908226,0.0,0.2645460771010441,0.1915654772300976,-2.6411941834378325,0.2659644216614605,,0.1942602177607992,0.2584063286880063,0.3071357381960665,0.1287738777297391,0.0350024170461141,6.068200698575684,1.44962590691616,0.1381597948161038,0.0808848519944965,United States,USD
PSKY,Communication Services,Entertainment,11460332544.0,27236673536.0,3089999872.0,-605000000.0,16400374784.0,10.47,1087672971.0,16595000320.0,1940999936.0,43342000000.0,9457000448.0,654000000.0,0.02812,-0.0076800003,0.095410004,0.32558998,1.1,1.30167,29045999616.0,0.022,-0.318,,27236673536.0,11693000000.0,14654000384.0,0.113449972806547,0.0,1.4310557499997096,1.0203019812127363,0.218194832910341,,0.0072584585598332,-0.0653966237492656,0.0046902767739466,-0.0128093158660844,-0.0829016673649247,-0.0612925582604175,-0.0564223544542884,4.742395142727048,-6.182558139534883,0.0394094599209986,-0.1623858534648627,United States,USD
PNW,Utilities,Utilities - Regulated Electric,12604677120.0,27674085376.0,2133831040.0,654094976.0,-831102848.0,58.325,121187166.0,15143285760.0,6409000.0,30031599000.0,2347365120.0,1638496000.0,0.024920002,0.09559,0.11757,0.43014,0.599,2.12957,5457255936.0,0.114,,,27674085376.0,7046458000.0,15136876760.0,0.0771057475254643,0.05189303698721,0.0,0.5590351845521926,0.0781631747280589,-1.2706149389534525,0.0728458227657591,,0.0713481134171883,-0.1655662292768381,0.0210448531848732,0.1505143134289247,0.0151670273485191,7.09375600797334,2.7498222614037084,0.1081995034609978,0.0431824434856673,United States,USD
POOL,Industrials,Industrial Distribution,6884265472.0,8439029760.0,637798976.0,404067008.0,224066624.0,31.096,36443003.0,1591336960.0,72469000.0,3626126000.0,1589959040.0,364366016.0,0.09491,0.34241,0.07259,0.29686,1.872,1.40423,5355884032.0,0.062,0.021,,8439029760.0,1185229000.0,1518867960.0,0.0755772872164868,0.058694280405577,0.0325476443218719,0.1721649179306953,0.4384731914996886,0.5545283815896199,-0.0505350637195891,-0.1114721397869282,-0.0519967344738662,-0.1144921908350064,-0.0155786758526019,0.0765819207026694,-0.0295621806910347,2.381421132918219,12.405473594184306,0.2289684869758822,0.2113028394579292,United States,USD
RL,Consumer Cyclical,Apparel Manufacturing,23021516800.0,23348137984.0,1520300032.0,941100032.0,656187520.0,47.663,37635070.0,3009400064.0,2064999936.0,7739500000.0,5669199872.0,1154200064.0,0.10882,0.34664002,0.13372,0.69865,2.128,1.05913,8114500096.0,0.166,0.2,,23348137984.0,2841400000.0,944400128.0,0.0651144015442186,0.0408791497178847,0.0285032270332422,0.1234236659853793,0.7325020830803023,0.6972558683326024,0.0798855517050549,0.5386819070800346,0.0772633850398853,0.2336049890156615,0.0521486083768908,0.0982220141046925,0.0071076643147814,0.6211932566742194,22.72878228782288,0.3835316140938316,0.2083375613055978,United States,USD
RVTY,Healthcare,Diagnostics & Research,11161555968.0,13789748224.0,855235008.0,239107008.0,508969248.0,64.345,111559773.0,3350179072.0,860320000.0,12168411000.0,1576473984.0,570008000.0,0.0227,0.03227,0.12355,0.54316,1.718,0.46642,2902406912.0,0.07,0.035,,13789748224.0,7250360000.0,2489859072.0,0.0620196245868745,0.0214223723543129,0.045600205693472,0.6495832678514236,0.129554629934837,2.1286253893486884,-0.0481548007276472,-0.0500139010155997,-0.0466993276206646,0.0670506010353177,-0.05308930519454,-0.0180808874544703,-0.0693350794887522,2.9113156602682007,3.910202310571134,0.1701425469354731,0.0332616509945174,United States,USD
SNDK,Technology,Computer Hardware,258489188352.0,239817539584.0,5632000000.0,4506999808.0,2259500032.0,93.088,148089758.0,207000000.0,3735000064.0,12985000000.0,7388000256.0,4639000064.0,0.22823,0.39297,0.69983,0.56038,4.782,1.503,13184000000.0,2.51,,,239817539584.0,9216000000.0,-3528000064.0,0.0234845208143222,0.0174359316021471,0.0087411780988035,0.0356533287088589,0.5689642091644205,0.5013312909375656,,,0.0946826502188619,0.7976424361493124,,-0.0385754479490596,,-0.626420465909091,-22.476190476190474,22.410628328502412,-0.1225125454230835,United States,USD
SWKS,Technology,Semiconductors,10737481728.0,10339834880.0,909100032.0,361200000.0,687837504.0,38.336,150405963.0,1189600000.0,1421799936.0,7917000000.0,1661200000.0,960000000.0,0.03537,0.06171,0.07704,0.41075,2.376,0.20632,4044300032.0,-0.01,-0.449,,10339834880.0,5757100000.0,-232199936.0,0.0879221034523909,0.0336391724940591,0.0640594807445711,0.5361685491847945,0.2098269546545408,1.904312026578073,-0.093448256849675,0.0555190924069803,-0.1034444036538752,0.0384031069735564,-0.0631773811564757,-0.044221505921553,-0.0700437773608505,-0.2554173664356443,20.435424354243544,0.8069939475453934,0.0839879887166732,United States,USD
SJM,Consumer Defensive,Packaged Foods,12412264448.0,19556001792.0,1926000000.0,-138700000.0,1005774976.0,49.074,106648319.0,7129800192.0,58600000.0,17563300000.0,3100600064.0,1473600000.0,0.05065,-0.02386,0.18456,0.34257,0.777,1.2860900000000002,9050900480.0,0.058,,,19556001792.0,6082600000.0,7071200192.0,0.0984863890116788,0.0,0.0810307402177578,0.490047567507321,0.1765385812461211,,0.0294295708678782,0.04343908968122,0.0219077615163506,0.0302973785099989,0.0502484053567885,-0.1336904462431623,0.0,3.671443505711319,-1.693079495755081,0.2066818087908626,-0.0441343142449015,United States,USD
SOLV,Healthcare,Medical Instruments & Supplies,13651363840.0,18745761792.0,1124000000.0,1432000000.0,378500000.0,29.102,173174712.0,5289999872.0,561000000.0,14294000000.0,4432999936.0,151000000.0,0.02747,0.34794998,0.0558,0.53655,1.071,1.0646,8262000128.0,-0.03,-0.91,,18745761792.0,5050000000.0,4728999872.0,0.0599602199404711,0.1048979440284261,0.0277261674684073,0.3699264087594635,0.3101301200503707,0.2643156424581006,0.0079319970226654,,0.007804047894001,-0.5309203722854188,-0.0428361202530943,-0.0112748149685273,0.0040816941661216,4.207295259786477,5.936599423631124,0.0285444241311316,0.184620899802832,United States,USD
LUV,Industrials,Airlines,20359868416.0,23303231488.0,2212999936.0,817000000.0,-372375008.0,14.066,488773713.0,6396000256.0,3328000000.0,29061000000.0,6645000192.0,2400000000.0,0.01936,0.10062,0.04552,0.23006001,0.478,0.93033,28884000768.0,0.128,,,23303231488.0,7981000000.0,3068000256.0,0.0949653672341359,0.0401279607169736,0.0,0.3919966395130557,0.2286569695468153,-0.4557833635250918,0.0562512818020366,,0.0536324928165688,-0.4444293015332197,-0.0251175218570008,-0.1389333333333333,0.0,1.3863535222442953,5.982300884955753,0.375234506557218,0.0372657111356119,United States,USD
SWK,Industrials,Tools & Accessories,12327626752.0,18675943424.0,1671500032.0,371100000.0,842187520.0,57.75,155455564.0,6966499840.0,333700000.0,21243700000.0,4664500224.0,1002400000.0,0.03329,0.04165,0.06437,0.30622998,1.138,0.77606,15232199680.0,0.027,-0.348,,18675943424.0,9054600000.0,6632799840.0,0.0895001657507698,0.0301031177748623,0.0683170846216094,0.7344966052392045,0.2195709892344554,2.2694355160334143,-0.0370972141755649,,-0.0371146673921226,0.740888079562964,0.0504623714878984,-0.0276993349779622,0.0,3.9681721286380447,1.809413131900058,0.1438886130800514,0.0583947993499187,United States,USD
TKO,Communication Services,Entertainment,40077271040.0,24802125824.0,1440404992.0,226346000.0,830904512.0,45.035,74967673.0,4964895232.0,788891008.0,15495821000.0,2993332992.0,1817442048.0,0.03852,0.06736,0.21215001,0.59119,1.339,0.58229,5063226880.0,0.259,0.63,,24802125824.0,3737381000.0,4176004224.0,0.0580758682631219,0.0056477398317388,0.0207325621340509,0.0932543784298542,0.1931703387642384,3.670948512454384,0.6074013472470561,0.3329135135722456,0.355954201612018,0.4027023778249757,-0.1163553028943882,0.0254132173161312,-0.0423136976157861,2.899187552940666,3.992364002288826,0.3660584892680369,0.0592987237280031,United States,USD
TTD,Communication Services,Advertising Agencies,8713458688.0,8086050304.0,709745984.0,432623008.0,569112640.0,5.209,426999732.0,423575008.0,1405915008.0,6153220000.0,2310921984.0,1093092992.0,0.06573,0.16735001,0.09675,0.77832,1.682,17.264,2969120000.0,0.118,-0.2,,8086050304.0,2484391000.0,-982340000.0,0.087774124240719,0.049649975226921,0.0653142064911342,0.2851211085009737,0.3755630359389068,1.3154932342387116,0.2244193656887754,0.196709106272805,0.2009774586211214,0.1767613619192358,-0.0355706636424049,0.0067521810956926,-0.0406731693747845,-1.3840726430936734,,2.5806361833321385,0.2041134335657481,United States,USD
UDR,Real Estate,REIT - Residential,14596463616.0,19481905152.0,1045686976.0,485961984.0,1007130496.0,9.95,324915653.0,5845310976.0,2371000.0,10605674000.0,1176950016.0,875414016.0,0.02214,0.123500004,0.21954,0.66619,0.223,1.42368,1766688000.0,0.042,1.516,,19481905152.0,3288462000.0,5842939976.0,0.0536747801532464,0.0332931315957455,0.0689982534465422,0.2252916930094857,0.1109736180840557,2.0724470826096555,0.0411085950320722,0.0167747025856224,0.0385437014841065,0.0300424965633475,0.0528913253513298,-0.026786849858308,-0.0078150426496694,5.587656832401822,3.0575325884070206,0.149763463328867,0.0620932409282075,United States,USD
UHS,Healthcare,Medical Care Facilities,8792300544.0,13913285632.0,2667874048.0,1520797952.0,650819008.0,123.312,53287606.0,5125816832.0,119028000.0,15527593000.0,7855912960.0,1905976960.0,0.08354,0.21369,0.111870006,0.44233,1.079,0.67405,17760290816.0,0.096,0.177,,13913285632.0,7275792000.0,5006788832.0,0.1917501098276884,0.1729692865239707,0.0740214696646293,0.8275185730502709,0.5059324365341106,0.4279457419995263,0.0902565649982611,0.4654120090227676,0.088328755853679,0.3344004710003821,0.0144920127810403,0.0731072805754958,-0.0602260166599017,1.8766961040583576,13.952711533788266,0.371838679076701,0.172884064377646,United States,USD
VTRS,Healthcare,Drug Manufacturers - Specialty & Generic,18656135168.0,30574794752.0,4125199872.0,-296500000.0,2238337536.0,12.779,1164552654.0,14609999872.0,2400199936.0,37193100000.0,5798199808.0,2168699904.0,0.02306,-0.01957,0.06784,0.39816,1.603,0.99675,14562599936.0,0.081,,,30574794752.0,14711300000.0,12209799936.0,0.1349215883691306,0.0,0.1199786298632375,0.7885502472791689,0.1558945021522809,,-0.0419677770408767,-0.0965204468753443,-0.0433138807287481,-0.1092881230227249,-0.0489063002115865,-0.1038001585507784,0.0091241801073205,2.9598080856335294,-6.7763632505834925,0.1484394197809887,-0.1061072202214041,United States,USD
WYNN,Consumer Cyclical,Resorts & Casinos,10961954816.0,20399484928.0,1760022016.0,375040992.0,356894624.0,-2.688,103786729.0,12159864832.0,1795227008.0,13108117000.0,4967958016.0,1372333952.0,0.05599,-1.3613498468195084,0.15323,0.68108004,1.242,-44.13872211171287,7294288896.0,0.092,0.509,,20399484928.0,,10364637824.0,0.0862777674148146,0.0342129664184158,0.0325575711623148,,0.3789986018586804,0.951614974397252,0.2385598136212001,,0.1749465751986989,0.4782428599916961,0.050501535711993,0.0100288465917185,0.0055570824335819,5.888925098536949,1.8218928441258655,0.1128576650283607,0.0994070705478677,United States,USD
ZBRA,Technology,Communication Equipment,10212598784.0,13061442560.0,1026000000.0,418000000.0,559000000.0,72.349,47633392.0,2848999936.0,114000000.0,8502000000.0,2689999872.0,915000000.0,0.06361,0.11781,0.14983,0.48182,0.961,0.82104,5583000064.0,0.143,0.038,,13061442560.0,3588000000.0,2734999936.0,0.0785518134989218,0.0409298366498914,0.0547363126490175,0.3513307509564844,0.3163961270289344,1.3373205741626797,-0.0227110450052058,0.2624581510878638,-0.014617683926333,0.4017474879860201,0.026640432366502,0.0670180722891566,0.0,2.6656919454191037,6.185185185185185,0.3211653283799863,0.1004511278195488,United States,USD
