ticker,sector,industry,marketCap,enterpriseValue,ebitda,netIncomeToCommon,freeCashflow,bookValue,sharesOutstanding,totalDebt,totalCash,totalAssets,grossProfits,operatingCashflow,returnOnAssets,returnOnEquity,operatingMargins,grossMargins,currentRatio,debtToEquity,totalRevenue,revenueGrowth,earningsGrowth,interestExpense,enterprise_value,book_value_total,net_debt,ebitda_yield,earnings_yield,fcf_yield,book_yield,gp_a,fcf_ni,revenue_cagr_3y,fcf_cagr_3y,revenue_trend_ols,fcf_trend_ols,delta_gross_margin,asset_growth,share_dilution,dn_ebitda,interest_coverage,cfo_debt,roce
MMM,Industrials,Conglomerates,83680256000,91037253632.0,6240000000.0,2787000064.0,2322374912.0,6.256,521567261,13127999488.0,5818999808.0,37733000000.0,9937999872.0,2959000064.0,0.08118,0.71458,0.23316999,0.39714,1.594,3.96497,25024000000.0,0.013,-0.397,,91037253632.0,4702000000.0,7308999680.0,0.0685433682481675,0.0333053482054357,0.027752961367613408,0.05619007666515743,0.26337688156255795,0.8332884315283604,-0.01570080136859997,-0.286419972636918,-0.01465292041398289,-0.4301252170733937,0.0050885138515581185,-0.053551720678238185,0.0,1.1713140512820512,5.453488372093023,0.2253961136047235,0.1833463643471462
AOS,Industrials,Specialty Industrial Machinery,8644611072,9097611264.0,795299968.0,527600000.0,495612512.0,13.625,111965465,656899968.0,203900000.0,3142800000.0,1477699968.0,707500032.0,0.12775,0.28267,0.17111,0.38764998,1.558,0.34981,3811899904.0,-0.019,-0.105,,9097611264.0,1858000000.0,452999968.0,0.0874185481135106,0.061032242585083184,0.05733196182825332,0.21493158969500484,0.4701858113783887,0.9393717058377559,0.006729784443180398,0.19357792785343153,0.00509210095050803,0.11364902506963788,0.034143172109830366,-0.03,-1.0494434030292835e-08,0.5695963614071213,53.97037037037037,1.077028568221821,0.3195193614875236
ABT,Healthcare,Medical Devices,166168969216,193649901568.0,11744000000.0,6252000256.0,6341125120.0,29.889,1741813154,34136000512.0,7295000064.0,86713000000.0,25501999104.0,9464000512.0,0.0559,0.123339996,0.13472,0.56503,1.388,0.6477299999999999,45134000128.0,0.078,-0.197,,193649901568.0,52130000000.0,26841000448.0,0.060645525274775854,0.03762435480882799,0.038160705635462464,0.31371681635839704,0.29409660724458847,1.0142554159230028,0.005127944169646348,-0.017784072013788288,0.009094330745706893,0.0009771130068773723,0.0026843071269927465,0.06508708575920603,0.0026728436634351335,2.28550753133515,18.17241379310345,0.2772439761557032,0.12759018471310365
ABBV,Healthcare,Drug Manufacturers - General,461256622080,524821594112.0,29915000832.0,3595000064.0,20811624448.0,-3.767,1766792821,72912003072.0,9390999552.0,133960000000.0,45246001152.0,21223999488.0,0.10032,-1.0993883987767583,0.32156,0.72026,0.796,-22.29724864587156,62819000320.0,0.124,-0.462,,524821594112.0,,63521003520.0,0.05700032385789363,0.00779392618319198,0.04511940523293007,,0.33775754816363096,5.789047031293738,0.017525049181538188,-0.09764361948343492,0.019722795019707133,-0.11481978574391762,0.0023165843000911845,-0.008885699277158352,0.0038677414805550294,2.123382976879337,3.2803318354649154,0.291090610513628,0.10466411531801789
ACN,Technology,Information Technology Services,84050247680,83884597248.0,12943767552.0,7789751808.0,12089380864.0,52.121,611942109,8388769792.0,10171567104.0,65394897000.0,23401748480.0,13182094336.0,0.10903,0.24406,0.16964,0.32013,1.339,0.25035,73100591104.0,0.056,0.09,,83884597248.0,31195446000.0,-1782797312.0,0.1543044608503334,0.0926797008101333,0.14383516048670375,0.37115233876250725,0.3578528226751393,1.5519596980720647,0.04193654176414818,0.07216179167121783,0.03845269472568203,0.06188584491225164,-0.0007202219365392004,0.16917815540888198,-0.021591695272862442,-0.13773403337458204,47.43273172759292,1.5713977928648348,0.2406819291873507
ADBE,Technology,Software - Application,87338696704,88789696512.0,9729000448.0,7229000192.0,9218374656.0,28.867,397500000,7077000192.0,5625999872.0,29496000000.0,22528000000.0,10481000448.0,0.19926001,0.62953997,0.35327998,0.89404,0.751,0.61443,25198000128.0,0.127,0.079,,88789696512.0,11623000000.0,1451000320.0,0.10957352970212166,0.08276972825115354,0.1055474263285842,0.1330796134889849,0.763764578247898,1.2751935829523906,0.10522339932516123,0.10029506958590018,0.10006197669190292,0.10353366809094595,0.01564477565307798,-0.024280516043665233,0.0,0.14914176720983538,34.20912547528517,1.4809947949200226,0.4662624378109453
AMD,Technology,Semiconductors,844357632000,835881598976.0,7430000128.0,4931999744.0,7173374976.0,39.547,1630600639,3871000064.0,12346999808.0,76926000000.0,19872999424.0,9724999680.0,0.03647,0.08063,0.14396,0.5306,2.725,6.005,37454000128.0,0.378,0.912,,835881598976.0,62999000000.0,-8475999744.0,0.00888881886753118,0.005841126505030513,0.008495659545361935,0.07461174934935627,0.2583391756233263,1.4544556667357362,0.13643599335368428,0.29308334009308634,0.13577245677334707,0.3631578947368421,0.045903785508219885,0.11122988472539219,0.008928571428571428,-1.1407805650040495,32.603053435114504,2.512270606875402,0.06330127017533459
AES,Utilities,Utilities - Diversified,10397839360,48381841408.0,3755000064.0,1380000000.0,-2964999936.0,6.198,713157713,31804000256.0,1651000064.0,51768000000.0,2409999872.0,4961999872.0,0.027139999,0.052600004,0.18742001,0.19299999,0.73,2.5960300000000003,12487000064.0,0.087,9.511,,48381841408.0,4063000000.0,30153000192.0,0.07761176413965727,0.13271988075799623,0.0,0.3907542576229991,0.046553853191160566,-2.1485506782608694,-0.010249740650209005,,-0.012386537071250703,0.021549769333020566,-0.02120913070143471,0.09201366915580306,0.00014720312886164018,8.030093123321981,1.0533049040511726,0.156018105648955,0.03424530917829744
AFL,Financial Services,Insurance - Life,61526093824,67720093696.0,5880000000.0,4636000256.0,4923125248.0,58.686,508984904,14464000000.0,8270000128.0,116470000000.0,9064999936.0,2934000128.0,0.03088,0.16469,0.29567,0.50049996,0.935,0.48276,18112000000.0,0.279,38.6,,67720093696.0,29490000000.0,6193999872.0,0.08682799563739103,0.07535014768305666,0.08001686669859082,0.4793088292645126,0.07783120061818494,1.0619337739743213,-0.03229187547440737,,-0.0273971131252098,,,-0.00932242314955004,0.0008446574678112537,1.0534013387755101,21.604545454545455,0.20284846017699115,
A,Healthcare,Diagnostics & Research,36911030272,38646030336.0,2015000064.0,1414000000.0,930625024.0,25.236,282431944,3542000128.0,1807000064.0,12727000000.0,3807000064.0,1452000000.0,0.08613,0.21330999,0.23706,0.52641,2.099,0.49733,7232000000.0,0.1,0.6,,38646030336.0,6741000000.0,1735000064.0,0.052139897590541495,0.038308331942515116,0.025212653701133732,0.18262833495367356,0.2991278434823603,0.6581506534653465,0.004844098070605929,0.04105956570895941,-0.00033899554147168284,0.023266932270916335,-0.019192808795915228,0.07437109572851595,-0.0074989004551727955,0.8610421880363771,13.8125,0.40993787338451504,0.14903660886319847
APD,Basic Materials,Specialty Chemicals,69964046336,89951944704.0,3877600000.0,2115299968.0,-3519237376.0,70.28,222680686,18442199040.0,954200000.0,41059500000.0,3986400000.0,4121400064.0,0.03599,0.12353,0.23595,0.31983998,1.427,1.01611,12463899648.0,0.088,,,89951944704.0,15024900000.0,17487999040.0,0.043107461575842616,0.03023409992385721,0.0,0.21475173016499674,0.09708837175318745,-1.663706060246109,-0.01766923192508929,,-0.02009284637868781,-0.6453261725079865,0.049527934565396725,0.03752154159486135,0.0,4.510005941819682,-1.0593457943925233,0.2234766068331079,-0.006153487021218266
ABNB,Consumer Cyclical,Travel Services,88390680576,78919688192.0,2619000064.0,2516999936.0,3191000064.0,12.834,417930233,2534000128.0,12005000192.0,22208000000.0,10485999616.0,4565000192.0,0.06245,0.32325,0.03211,0.82913,1.442,0.33185000000000003,12647000064.0,0.179,0.06,,78919688192.0,8199000000.0,-9471000064.0,0.03318563623348787,0.02847585197441528,0.03610109168982263,0.09275864770551623,0.4721721729106628,1.2677791597687191,0.13378255972989694,,0.12204805684245901,,0.00806271367183331,0.059592537811918506,-0.03321733628598545,-3.6162656863531866,30.650602409638555,1.801499590137353,0.2972309849281458
AKAM,Technology,Software - Infrastructure,16453271552,21390530560.0,1146972032.0,435179008.0,700723392.0,33.726,145385451,5867704832.0,930444992.0,11479643000.0,2486778880.0,1580072960.0,0.03393,0.091680005,0.10611,0.58284,2.057,1.19534,4266646016.0,0.058,-0.134,,21390530560.0,4977371000.0,4937259840.0,0.05362055086865503,0.02644939072601043,0.042588696709064074,0.302515580823497,0.21662510585041714,1.610195756501196,0.05178977181914113,-0.050304874698784086,0.05000822566436717,-0.0183052094683791,-0.027889478636437426,0.10713482823686671,-0.038143082196475296,4.3046035145170825,20.584674404239408,0.2692829658681781,0.060231779968369856
ALB,Basic Materials,Specialty Chemicals,15987220480,19396450304.0,1067513984.0,-399635008.0,716711744.0,64.597,117934651,2005991040.0,1089809024.0,16374211000.0,1018185984.0,1081304064.0,0.01605,-0.0182,0.24786,0.18531,2.068,19.845,5494582784.0,0.327,,,19396450304.0,9533365000.0,916182016.0,0.055036564282066276,0.0,0.04483029084990764,0.5963115984999539,0.06218229287505823,,-0.11101948515436078,0.02331614989796771,-0.15692272213786174,-0.003279860196038276,-0.289987745688382,-0.014174772748057469,0.0013278436550924297,0.8582388893558512,-1.6586580368021344,0.5390373348826124,-0.023629120056047656
ARE,Real Estate,REIT - Office,9163088896,25252622336.0,1860583936.0,-1067513984.0,1408723072.0,92.167,174269480,12878605312.0,418720000.0,34081835000.0,2009796992.0,1402721024.0,0.01001,-0.04144,0.15890999,0.6859,0.797,0.66509,2930149120.0,-0.115,,,25252622336.0,15470070000.0,12459885312.0,0.07367884060688469,0.0,0.15373888521532902,1.6883029484471346,0.05896974127126665,,0.04564958075072889,,0.04607418119983244,,-0.009245522250093563,-0.09181583325847702,0.002826406902909601,6.696760662562229,-4.367166891635568,0.10891870587050102,-0.031036104784331036
ALGN,Healthcare,Medical Instruments & Supplies,13214977024,12271186944.0,880812992.0,429892000.0,532954624.0,57.939,71618127,116044000.0,1059833984.0,6233693000.0,2863449088.0,691588992.0,0.072340004,0.10824,0.15469,0.69912004,1.393,2.797,4095789056.0,0.062,0.239,,12271186944.0,4049147000.0,-943789984.0,0.07177895634869076,0.032530665715064355,0.040329591419802684,0.3064059054091625,0.4593503542763495,1.2397407348822496,0.026117671821406674,0.21029042848962543,0.026556140089698137,0.13139610703185325,-0.03334921667239288,0.003072281401860136,-0.03364974474942112,-1.0714987092288484,,5.959713487987315,0.13568722561118376
ALLE,Industrials,Security & Protection Services,12080864256,13996363776.0,1010600000.0,633699968.0,494362496.0,24.451,85935861,2224399872.0,308900000.0,5223700000.0,1870300032.0,780600000.0,0.11034001,0.34179002,0.18876,0.4497,1.908,1.05863,4159000064.0,0.097,-0.07,,13996363776.0,2067600000.0,1915499872.0,0.07220446797281072,0.05245485377300477,0.040921120006333425,0.171146695814674,0.35804124126576947,0.7801207526650845,0.07523170466176188,0.20133063988641808,0.06794651203750118,0.171905526255446,0.0478017631776847,0.16397789562814744,-0.002176657089145149,1.8954085414605184,8.607920792079208,0.3509261126229736,0.19457064207864289
LNT,Utilities,Utilities - Regulated Electric,20153356288,31878356992.0,1856000000.0,821000000.0,-1202625024.0,28.737,258277037,11840000000.0,115000000.0,24991000000.0,1998000000.0,1288000000.0,0.02617,0.113120005,0.21030001,0.45224,0.688,1.5952600000000001,4417999872.0,0.05,0.049,,31878356992.0,7334000000.0,11725000000.0,0.058221319262651165,0.04073763140330385,0.0,0.3639096086624001,0.07994878156136209,-1.4648295054811207,0.012293745856755134,,0.010256410256410256,-0.8208955223880597,0.050250324252093914,0.10024654398168531,0.0017204426110836975,6.317349137931035,2.360082304526749,0.10878378378378378,0.05015742522301907
ALL,Financial Services,Insurance - Property & Casualty,64440180736,68511182848.0,14840000512.0,12026999808.0,12428999680.0,114.752,257420930,7491999744.0,5401999872.0,119758000000.0,23470999552.0,11708000256.0,0.07521,0.45221,0.18954,0.34428,0.364,0.23719,68174000128.0,0.03,3.384,,68511182848.0,30610000000.0,2089999872.0,0.21660698144599635,0.18663820725879846,0.19287654904196203,0.47501418603097567,0.195986903188096,1.0334247841038962,0.09835266933147047,0.2810070880649389,0.09467097295115058,0.29786172748945533,,0.07293691821138357,0.00018470066577853676,0.14083556603047104,33.97243107769424,1.5627336700560357,
GOOGL,Communication Services,Internet Content & Information,4391827931136,4329705570304.0,161315995648.0,160207994880.0,27921750016.0,39.514,5867155790,95875997696.0,126839996416.0,595281000000.0,255053004800.0,174353006592.0,0.14641,0.38884997,0.36121,0.60368,1.922,0.20026,422498009088.0,0.218,0.82,,4329705570304.0,415265000000.0,-30963998720.0,0.03725795969924892,0.036478659317274356,0.006357660284923253,0.09455402317927028,0.42845816479948123,0.17428437349156092,0.12511745609215974,0.06879140249222915,0.11991029600531314,0.06247772515288439,0.04272872582256859,0.32209454177179203,-0.010072885103595119,-0.19194623940185743,216.7961956521739,1.81852612522304,0.32396007601474813
GOOG,Communication Services,Internet Content & Information,4346312392704,4284512993280.0,161315995648.0,160207994880.0,27921750016.0,39.514,5499638298,95875997696.0,126839996416.0,595281000000.0,255053004800.0,174353006592.0,0.14641,0.38884997,0.36121,0.60368,1.922,0.20026,422498009088.0,0.218,0.82,,4284512993280.0,415265000000.0,-30963998720.0,0.037650952605585375,0.03686067185343959,0.006424239100454732,0.09554421368723762,0.42845816479948123,0.17428437349156092,0.12511745609215974,0.06879140249222915,0.11991029600531314,0.06247772515288439,0.04272872582256859,0.32209454177179203,-0.010072885103595119,-0.19194623940185743,216.7961956521739,1.81852612522304,0.32396007601474813
MO,Consumer Defensive,Tobacco,121417785344,142538784768.0,15788000256.0,8032999936.0,8542875136.0,-1.922,1669891235,24601999360.0,3531000064.0,35017000000.0,17806000128.0,8894000128.0,0.27609,-2.293832077669903,0.62294996,0.87378997,0.619,-7.02512831524843,20377999360.0,0.053,1.063,,142538784768.0,,21070999296.0,0.11076283750908203,0.06615999388591187,0.07035933913467773,,0.5084958770882714,1.0634725761312394,-0.008925128591255382,0.04067786209696744,-0.008340161177894904,0.029735550004307002,0.03346977773614912,-0.004548426528697728,0.0,1.3346211650834165,8.977060322854715,0.3615153385647434,0.40853729265746436
AMZN,Consumer Cyclical,Internet Retail,2610427854848,2702878703616.0,155860992000.0,90797998080.0,9806624768.0,41.093,10757109436,235540004864.0,143088992256.0,818042000000.0,375875010560.0,148531003392.0,0.06845,0.24285,0.1314,0.50604,1.177,0.5329999999999999,742775980032.0,0.166,0.748,,2702878703616.0,411065000000.0,92451012608.0,0.05766481188796376,0.034782803099259366,0.003756711663104369,0.1574703546150811,0.45948131093513533,0.10800485666390587,0.11731283601806397,,0.1099988500812923,0.3319469687677709,0.06480325002916376,0.3090892215319718,0.01242347857400072,0.5931632502890781,43.79287598944591,0.6305977767036275,0.16596476550612713
AMCR,Consumer Cyclical,Packaging & Containers,20805556224,35983556608.0,3200999936.0,678000000.0,149500000.0,25.211,462345690,16762999808.0,1587000064.0,37066000000.0,4248000000.0,1670000000.0,0.04079,0.08737001,0.0859,0.19143999,1.443,1.4374,22190000128.0,0.774,-0.117,,35983556608.0,11728000000.0,15175999744.0,0.0889572971029868,0.0325874488862692,0.007185580543506261,0.5636955760149929,0.11460637781255059,0.2205014749262537,0.010545712737626056,-0.0675193176531631,0.0023563148893533956,-0.05609249925882004,-0.005074348130395673,1.2431614621157105,0.5939231601882378,4.74101844655582,2.6414141414141414,0.0996241734252724,0.03477509225705642
AEE,Utilities,Utilities - Regulated Electric,31831969792,53251969024.0,3827000064.0,1524000000.0,-1869374976.0,48.992,276751616,21304000512.0,13000000.0,48476000000.0,4311000064.0,3343000064.0,0.03086,0.117469996,0.27786,0.50451,0.622,1.55674,8544999936.0,0.037,0.196,,53251969024.0,13401000000.0,21291000512.0,0.0718658884195478,0.047876396275765856,0.0,0.4209918546532403,0.0889306061556234,-1.226624,0.03409709923004489,,0.03323818187521566,0.03739565943238731,0.05389792386606712,0.08695457195389927,0.02408299370137088,5.56336560123977,3.0579896907216493,0.15691888770454043,0.053243285691848594
AEP,Utilities,Utilities - Regulated Electric,75363983360,127825977344.0,9141000192.0,3654000128.0,-6953449984.0,58.473,544105032,51808002048.0,516000000.0,114460000000.0,10597999616.0,7013000192.0,0.031689998,0.12585,0.23738001,0.47243,0.526,1.5709899999999999,22432999424.0,0.102,0.067,,127825977344.0,31138000000.0,51292002048.0,0.0715112873136899,0.04848470005288213,0.0,0.4131681820911649,0.09259129491525424,-1.9029692776190292,0.036603082441915236,,0.037141058484015534,0.06458902861308548,0.03510106337048946,0.11042123440501368,0.014892041676592345,5.611202381648522,2.8381046396841065,0.13536519291947355,0.056848516006564764
AXP,Financial Services,Credit Services,240151609344,246743613440.0,,11086999552.0,,49.846,682326443,60458999808.0,53866999808.0,300052000000.0,43185999872.0,17468000256.0,0.03796,0.34419,0.21245001,0.62759,1.574,1.77847,68811997184.0,0.116,0.176,,246743613440.0,33474000000.0,6592000000.0,0.0,0.04616666772413199,0.0,0.1393869484840757,0.1439283853198779,0.0,0.10966360326420155,-0.05929695644100763,0.10103197697530569,-0.09023958236226345,,0.10532267986929983,-0.022792022792022793,,,0.2889230769856139,
AIG,Financial Services,Insurance - Diversified,42093072384,41680072704.0,8316000256.0,3160999936.0,9517249536.0,75.82,530206221,9155999744.0,9592999936.0,161254000000.0,9488000000.0,3524999936.0,0.01885,0.07723,0.18620001,0.35534,0.611,0.22646999999999998,26701000704.0,0.014,0.216,,41680072704.0,41139000000.0,-437000192.0,0.19951981166294658,0.07509549094357693,0.22610013945234375,0.977334218436318,0.058838850509134656,3.0108350929115617,-0.036944411466962035,,-0.0366962315889136,,,-0.00042151721401916664,0.0,-0.05254932401964563,10.795454545454545,0.38499345069444335,
AMT,Real Estate,REIT - Specialty,77352222720,127504130048.0,6989599744.0,2900300032.0,4614362624.0,7.559,465893069,45131198464.0,1608800000.0,63190400000.0,8002400256.0,5569600000.0,0.04911,0.29952,0.45907003,0.73964,0.304,4.4455,10819300352.0,0.068,0.769,,127504130048.0,3652500000.0,43522398464.0,0.054818614435224226,0.037494721289374214,0.059653911183691455,0.047219069750863395,0.12663949359396365,1.59099492227982,0.03340295998443743,0.2756688484627583,0.030795411260122585,0.2177810481563241,0.008196853032004792,0.03459544774335515,0.002026490809614904,6.226736874505643,3.2393703104310725,0.12340908705189221,0.07824921903597587
AWK,Utilities,Utilities - Regulated Water,26726092800,42252091392.0,2836000000.0,1102000000.0,-1896625024.0,56.519,195280521,15708999680.0,183000000.0,35442000000.0,3166000128.0,2032999936.0,0.035099998,0.10217,0.33223,0.60826,0.37,1.4233000000000002,5205000192.0,0.057,-0.048,,42252091392.0,10837000000.0,15525999680.0,0.06712093784159918,0.04123311283271455,0.0,0.40548388726690343,0.08932904824784155,-1.72107533938294,0.10670429850805996,,0.10070588235294117,0.009778387023075166,0.02623852796795212,0.07956137678952178,0.0011651795080583759,5.474612016925247,3.3121951219512193,0.12941625675811333,0.06636259977194983
AMP,Financial Services,Asset Management,43974057984,38972059648.0,,3895000064.0,3355624960.0,68.961,89897084,3494000128.0,8496000000.0,190904000000.0,10933000192.0,7096000000.0,0.024260001,0.66936,0.37188,0.56601,2.483,0.5624600000000001,19316000768.0,0.09,0.66,,38972059648.0,6549000000.0,-5001999872.0,0.0,0.08857495174580429,0.07630919487168883,0.1489287161622168,0.057269623433767756,0.8615211565757757,0.09030445218644934,0.2453905181040399,0.08785876680348506,0.23557882090448812,,0.052375098537510406,0.000974855435148383,,14.815950920245399,2.030910057253438,
AME,Industrials,Specialty Industrial Machinery,53775609856,55749992448.0,2420284928.0,1527741056.0,1385356544.0,47.64,229203002,2455633920.0,481249984.0,16067543000.0,2786897920.0,1835734016.0,0.0801,0.14626999,0.26299,0.36681,1.138,0.22489,7597581824.0,0.113,0.145,,55749992448.0,10628786000.0,1974383936.0,0.04341318844585469,0.028409553328934356,0.025761800706857612,0.1976506826879639,0.17344891624064737,0.9068006247257651,0.06364055992660522,0.1827062679565401,0.06048020478279333,0.13947989729725846,0.011616206990911149,0.0981721966303581,0.0015089855182668366,0.8157650833414603,23.1323134861053,0.7475601314384841,0.14212648048653473
AMGN,Healthcare,Drug Manufacturers - General,201931849728,247216848896.0,16917999616.0,7800000000.0,7436624896.0,17.028,539708274,57322999808.0,12037999616.0,90586000000.0,26591000576.0,10755999744.0,0.08347999,1.01318,0.33800998,0.71443003,1.261,6.23754,37219999744.0,0.058,0.044,,247216848896.0,8658000000.0,45285000192.0,0.06843384539343077,0.03862689323406147,0.03682739947173788,0.04287585148980823,0.2935442626454419,0.9534134482051282,0.11766399097603264,-0.02669769694613533,0.11715000641601438,0.0113170506380276,-0.08416718362718456,-0.013643441239560536,0.0033519553072625698,2.6767349107380425,4.258076225045372,0.18763846588675726,0.18020799729634238
APH,Technology,Electronic Components,202484285440,216764792832.0,8171299840.0,4465500160.0,3563725056.0,11.37,1230234445,18748899328.0,4583099904.0,36236900000.0,9822799872.0,5731299840.0,0.13453001,0.36825,0.27305,0.37919998,1.714,1.3305099999999999,25903800320.0,0.584,0.241,,216764792832.0,13413100000.0,14165799424.0,0.03769661914761698,0.022053564059533962,0.017600008061149024,0.06624267147869389,0.2710717492942277,0.798057312352666,0.2230660589034148,0.34714040990969597,0.2147132613382765,0.2961705540332821,0.04970032235528349,0.6901381516963461,0.013273971473328386,1.7336041635206965,16.22756933115824,0.3056872694089704,0.2027750126553895
ADI,Technology,Semiconductors,183709745152,188979167232.0,6149394944.0,3313432064.0,3868954624.0,69.273,487087040,8708730880.0,3439308032.0,47992712000.0,8216337920.0,5106470912.0,0.054899998,0.09639,0.38076,0.64491,1.752,0.2581,12740193280.0,0.372,1.105,,188979167232.0,33815755000.0,5269422848.0,0.032540067956012865,0.01803623461160698,0.021060149099868693,0.18407164503995752,0.1711997004878574,1.167657748603232,-0.028383891841526898,0.04252862506739885,-0.0523707580755512,0.02914720381435366,-0.012307630096570432,-0.0048843751975630395,-0.013384644586121031,0.8569010278224862,9.536277681954953,0.5863622360552264,0.06771032753523477
AON,Financial Services,Insurance Brokers,76345212928,90722213888.0,5843999744.0,3942000128.0,3341625088.0,46.039,213576949,15473999872.0,1243000064.0,50784000000.0,8278000128.0,3771000064.0,0.060510002,0.46447,0.35836,0.47341,1.066,1.5505000000000002,17486000128.0,0.065,0.271,,90722213888.0,9352000000.0,14230999808.0,0.0644164146083851,0.051633887401920535,0.0437699360554726,0.12249622001604381,0.16300409829867674,0.8476978639002216,0.11247318365137482,0.021055378916823964,0.11188068239861068,0.007156278081856058,-0.0039294371449919985,0.03714898396814051,-0.006944444444444444,2.435147233298715,6.839263803680981,0.24369911433330016,0.20226431526235575
APA,Energy,Oil & Gas E&P,11438297088,16623296512.0,5210999808.0,1532999936.0,1691250048.0,18.266,353470227,4536000000.0,293000000.0,17761000000.0,6049999872.0,4003000064.0,0.09611,0.26217,0.38487998,0.72273004,0.919,0.61314,8370999808.0,-0.119,0.322,,16623296512.0,6093000000.0,4243000000.0,0.3134757179021797,0.13402344109494072,0.1478585522817293,0.5326841883126301,0.34063396610551205,1.103229040186992,-0.06959142043384259,-0.11251152808303355,-0.05269001078635132,-0.162687338501292,-0.1591801718814848,-0.08401237751418257,0.0009326688029715535,0.8142391395766484,11.03956834532374,0.8824956049382716,0.20204081632653062
APO,Financial Services,Asset Management,68380741632,87448739840.0,,1155000064.0,,32.182,576517513,40034000896.0,41946001408.0,460949000000.0,11020000256.0,7854000128.0,0.00708,0.08492,0.13489,0.35222,2.024,1.01267,31286999040.0,-0.092,,,87448739840.0,23341000000.0,-1912000512.0,0.0,0.016890721516531447,0.0,0.34133879573305415,0.023907200701162167,0.0,0.42964764687572576,,0.22289560304593467,,0.03949379379619267,0.21978062689371386,0.023407377904465343,,19.045945945945945,0.19618324304890378,0.0546058952980194
AAPL,Technology,Consumer Electronics,4532958920704,4549162565632.0,159975997440.0,122575003648.0,101090746368.0,7.26,14687356000,84710998016.0,68507000832.0,359241000000.0,216070995968.0,140222005248.0,0.26229,1.4147099,0.32275,0.47862,1.07,0.79548,451442016256.0,0.166,0.218,,4549162565632.0,73733000000.0,16203997184.0,0.03516603223823791,0.027040837076229944,0.022301271230646826,0.016265975776490988,0.6014653003638226,0.8247256239804277,0.01812535743479393,-0.039450634871626145,0.018487779915434606,-0.0275250178571002,0.03595533545800367,-0.015724149268453065,-0.022724804068801396,0.10129017754727493,33.82913806254767,1.655298704207395,0.6872062393471412
AMAT,Technology,Semiconductor Equipment & Materials,478789271552,477816291328.0,9274999808.0,8508000256.0,3040375040.0,30.114,793959430,7267999744.0,8240999936.0,36299000000.0,14209000448.0,7992999936.0,0.14858,0.39692003,0.31896,0.48956,2.508,0.30399,29024000000.0,0.114,0.335,,477816291328.0,20415000000.0,-973000192.0,0.01941122556165235,0.017769822261098783,0.006350131927861698,0.04263880001701914,0.3914433027907105,0.35735483645006605,0.032334704568867556,0.07302798517894282,0.031185208538100626,0.049639636091528494,0.021630251720346605,0.05492748990089802,-0.01232134056185313,-0.10490568324979958,35.46468401486989,1.0997523689511015,0.3371024734982332
APP,Communication Services,Advertising Agencies,177060282368,178151702528.0,4872055808.0,3914972928.0,3180097280.0,7.028,305732000,3849840128.0,2758671104.0,7259610000.0,5447099904.0,4439283200.0,0.44236,2.66444,0.78151,0.88367,3.244,1.62888,6164192256.0,0.59,1.131,,178151702528.0,2134671000.0,1091169024.0,0.027347792577139485,0.022110960604158344,0.017960534330282628,0.01205618206099618,0.7503295499345006,0.8122910013644927,0.2483811324958407,1.1228988372325643,0.28056142078535007,0.6284896921015961,0.3245182548931226,0.23688697329594757,-0.005083902361762713,0.22396480397623558,20.09470765544692,1.1531084544817753,0.7019998238219103
APTV,Consumer Cyclical,Auto Parts,12462332928,19464333312.0,3184999936.0,365000000.0,1091124992.0,43.48,211620527,9886000128.0,3172999936.0,23413000000.0,3908999936.0,1768999936.0,0.05698,0.040799998,0.0987,0.18922001,2.115,1.03823,20658999296.0,0.054,,,19464333312.0,9207000000.0,6713000192.0,0.16363262408974513,0.029288256228489035,0.08755383107672342,0.7387862331389001,0.16695852458036134,2.9893835397260275,0.052626267311163044,0.539564260512271,0.0432138671749237,0.3474747474747475,0.040431033390977256,-0.0019183221075965554,-0.09483170557308308,2.107692410327257,3.5457063711911356,0.17893990624071332,0.0696560731388768
ACGL,Financial Services,Insurance - Diversified,35707617280,35501465600.0,5896999936.0,4832000000.0,5276125184.0,66.454,349389588,2728999936.0,3620999936.0,79241000000.0,7785999872.0,5902000128.0,0.045679998,0.21305999,0.25282,0.39369,0.566,11.282,19776999424.0,-0.033,0.946,,35501465600.0,24206000000.0,-892000000.0,0.1661058166567636,0.13532126666727845,0.14775909416266714,0.6778945738717181,0.09825721371512222,1.0919133245033112,0.2614046974297357,0.17619541011278583,0.22103020259072614,0.14425786701481114,,0.11754999576904634,0.007051712558764272,-0.15126335588958026,34.641891891891895,2.1626970562156878,
ADM,Consumer Defensive,Farm Products,37009440768,47341441024.0,2539000064.0,1080999936.0,1578499968.0,47.311,481956527,10657000448.0,624000000.0,52389000000.0,5074999808.0,5944000000.0,0.01669,0.047659997,0.01274,0.062979996,1.311,0.46128,80583999488.0,0.016,0.009,,47341441024.0,22733000000.0,10033000448.0,0.05363165989630185,0.02920876169884416,0.04265127857227286,0.6142486762365769,0.09687147698944434,1.4602220735006592,-0.07541376844907977,0.2487342444292353,-0.08000885715076532,0.16657824933687002,-0.011838489536062105,-0.016556850819395168,0.0041841004184100415,3.9515558074440444,3.0506535947712417,0.5577554424439862,0.056825445137726374
ARES,Financial Services,Asset Management,38559072256,44890669056.0,1379773056.0,561673024.0,1757137152.0,11.379,222028421,14147783680.0,1438083968.0,28633369000.0,2219550976.0,1679271040.0,0.02536,0.14182,0.18434,0.37561,0.488,1.68762,5909112832.0,0.283,7.705,,44890669056.0,4275463000.0,12709699712.0,0.030736299659039772,0.014566559596428066,0.04557000594656631,0.11088085759985356,0.07751623555020717,3.1283986891277156,0.22389150252192347,,0.19515800759138818,0.8553987506852336,0.0324395952459553,0.15065964462423467,0.09142717878512124,9.211442169225835,2.676820941808042,0.11869498982896522,0.09715617777792912
ANET,Technology,Computer Hardware,201454518272,189106618368.0,4237199872.0,3720499968.0,4362237440.0,10.711,1259169438,0.0,12353200128.0,19448600000.0,6169399808.0,5423699968.0,0.14359,0.31520998,0.42738998,0.63537,2.829,0.0,9709899776.0,0.351,0.25,,189106618368.0,12370500000.0,-12353200128.0,0.022406407076427343,0.018468188253671493,0.021653708625736512,0.06140591983793379,0.31721562518638874,1.1724868908801453,0.27146525721597636,1.1170482953420318,0.2288136025822171,0.5045808606074051,0.02985413466021325,0.384843241549712,-0.0038324504056816036,-2.915415958928831,,,0.2740244881716304
AJG,Financial Services,Insurance Brokers,64862437376,76837838848.0,3960000000.0,1612000000.0,1080225024.0,92.546,256942000,13372000256.0,1412999936.0,70665000000.0,6095000064.0,2015000064.0,0.0228,0.07007,0.28402,0.42929,1.063,0.5618,14197999616.0,0.346,0.162,,76837838848.0,23321000000.0,11959000320.0,0.05153710801046396,0.024852596744945363,0.016654092379200326,0.35954553888887764,0.08625203515177245,0.6701147791563276,0.17699918642049317,0.13922019016305098,0.1600848602435199,0.1285107202288449,0.005044865056611503,0.0997587736362929,0.028,3.019949575757576,3.928012519561815,0.15068800668739682,0.06579982173753474
AIZ,Financial Services,Insurance - Property & Casualty,13847573504,14133573632.0,1638899968.0,991600000.0,2029737472.0,118.165,49547637,2207500032.0,1921500032.0,36289600000.0,1677299968.0,1681799936.0,0.024360001,0.18016,0.106400006,0.12745,0.386,0.3761,13160399872.0,0.113,0.912,,14133573632.0,5871600000.0,286000000.0,0.11595793184883872,0.07160821350495573,0.1465771220794525,0.42401652522761,0.04621985274017901,2.0469316982654298,0.07927210984608024,0.5730970209554398,0.07484114359228448,0.3687573964497041,,0.036235815491453605,-0.019590310062680787,0.17450729488329578,10.912488605287146,0.7618572646072787,
T,Communication Services,Telecom Services,142996815872,308745797632.0,44411998208.0,21325000704.0,8849000448.0,15.745,6948338835,159750995968.0,11964000256.0,420198000000.0,75175002112.0,38791999488.0,0.041160002,0.18370001,0.22723,0.59414,0.918,1.25175,126527995904.0,0.029,-0.113,,308745797632.0,110533000000.0,147786995712.0,0.14384648649027285,0.14912919965356808,0.061882499928676456,0.7729752535115245,0.1789037599227031,0.41495897565621953,0.013367419328691454,0.16182694896604244,0.011914006429768321,0.10836063721613377,0.016669575610850806,0.06434478653478387,0.0,3.3276367124904302,4.96928277483833,0.24282790384462136,0.09227439700014738
ATO,Utilities,Utilities - Regulated Gas,29523107840,39026647040.0,2540303104.0,1345771008.0,-2210371840.0,89.317,166919822,9629233152.0,125694000.0,28249522000.0,2976948992.0,1876044032.0,0.03876,0.096,0.3932,0.60988,1.003,0.6458799999999999,4881241088.0,0.006,0.145,,39026647040.0,13558890000.0,9503539152.0,0.06509150277235808,0.0455836497733702,0.0,0.45926364099207245,0.10538050845603689,-1.642457614899072,0.03827025829324082,,0.03212711749539247,-0.16480554813999468,0.15080308122304187,0.12125905432006594,0.040638837677814746,3.741104412711846,9.609338412609652,0.19482797875865576,0.06135744806942651
ADSK,Technology,Software - Application,43808415744,43578281984.0,2139000064.0,1463000064.0,3060999936.0,15.114,211145251,2724000000.0,2924000000.0,12467000000.0,6938999808.0,2780999936.0,0.113249995,0.50396,0.29524,0.92434,0.835,0.85419,7506999808.0,0.184,2.314,,43578281984.0,3045000000.0,-200000000.0,0.049084084241442685,0.03339541134172085,0.06987241798213702,0.0695071928141351,0.5565893806047967,2.0922760096338586,0.12918055811635742,0.0547279857953602,0.12143126809010445,0.07298127968706343,0.005701486967098934,0.15083541032031755,-0.009345794392523364,-0.09350163348101705,25.267605633802816,1.020925086637298,0.26940982129448865
ADP,Technology,Software - Application,96843620352,98013224960.0,6339899904.0,4345600000.0,4749387264.0,15.851,399734282,4398000128.0,3228400128.0,53369300000.0,10475499520.0,5452400128.0,0.05949,0.71208,0.30184,0.48497,1.043,0.69259,21600399360.0,0.07,0.105,,98013224960.0,6188000000.0,1169600000.0,0.06468412713271464,0.044872341453210195,0.04904181862199368,0.06389682642499647,0.19628324748497733,1.092918645066274,0.07613719280368492,0.19936681717146265,0.07204782292592293,0.15521208271578799,0.03377925422193917,-0.018273558892402328,0.0,0.18448240787872225,12.647510418951525,1.239745331812778,0.4768836324538913
AZO,Consumer Cyclical,Auto Parts,51576369152,64392380416.0,4263984896.0,2478124032.0,903784256.0,-170.111,16325355,13086533632.0,270520000.0,19355324000.0,10343739392.0,3072342016.0,0.11389,-0.7258045855784165,0.19082001,0.51754004,0.89,-3.832845328474572,19986403328.0,0.084,0.077,,64392380416.0,,12816013632.0,0.0662187803658288,0.048047663547171285,0.017523223733265713,,0.5344131357346433,0.36470501247291887,0.05231525172845841,-0.10994295219257444,0.05112578822381558,-0.11702014724473861,0.00492633189631253,0.12684663230739512,-0.030026932554008366,3.0056423614498655,7.438697113369871,0.23477126200075776,0.3681531999983326
AVB,Real Estate,REIT - Residential,27517505536,36569088000.0,1846126976.0,1138256000.0,1392035584.0,82.716,141872069,9524757504.0,124626000.0,22192137000.0,1919479040.0,1674135040.0,0.02646,0.09719,0.2932,0.62727,0.375,0.8130700000000001,3060059904.0,0.025,0.403,,36569088000.0,11611340000.0,9400131504.0,0.050483265428987456,0.04136479589368547,0.05058727369669675,0.42196193927568654,0.08649365493733208,1.222954751830871,0.054467774166829575,0.04079066292860056,0.052587714015322064,0.03862184221627841,-0.014235054156570559,0.05673134233336668,-0.015278056602153575,5.0918120076265,5.072304682827831,0.17576668374989424,0.0636658167527477
AVY,Consumer Cyclical,Packaging & Containers,12771599360,16259999744.0,1443000064.0,689800000.0,809049984.0,30.008,76490385,3790099968.0,301700000.0,8801700000.0,2589600000.0,1034200000.0,0.082650006,0.30857,0.12604,0.28755,1.15,1.64751,9005700096.0,0.07,0.043,,16259999744.0,2242100000.0,3488399968.0,0.08874539278713534,0.05401046341622793,0.06334758562298026,0.17555358078504585,0.29421589011213745,1.1728761728037111,-0.006824275768766208,0.009222853570837852,-0.0018277985309069309,0.03307269489819618,0.021566895079298765,0.04729777968158778,0.0,2.4174634880681474,7.83234859675037,0.27286879204554004,0.17249231469885004
AXON,Industrials,Aerospace & Defense,48122662912,49226051584.0,102861000.0,205988000.0,62617500.0,43.863,80602077,1840359040.0,736972992.0,7000313000.0,1773918976.0,154028000.0,0.00084,0.06765,0.03748,0.59463,2.271,0.52074,2983247872.0,0.337,0.898,,49226051584.0,3242658000.0,1103386048.0,0.00208956429959605,0.0042804780021563245,0.0013012060474397714,0.06738317881389315,0.25340566571809003,0.30398615453327377,0.32787263939187605,-0.2522192343291907,0.27853208135082913,-0.06362330921342962,,0.5644597893705521,0.037230787443288414,10.726962094477013,1.201341284832021,0.08369453821358684,0.020471718208820495
BKR,Energy,Oil & Gas Equipment & Services,52361383936,52767387648.0,4821000192.0,3116000000.0,3151249920.0,19.474,992068697,16163999744.0,15934000128.0,40881000000.0,6594999808.0,3600999936.0,0.05011,0.17184,0.12282,0.23643999,2.132,0.82935,27893000192.0,0.025,1.325,,52767387648.0,18834000000.0,229999616.0,0.09136325307896356,0.05950950425238203,0.060182708765904536,0.3596925555485761,0.16132188077591056,1.0113125545571244,0.09442943355196065,0.41314564730955383,0.08629676005634684,0.28002183406113534,0.02798555059752353,0.06563615984151396,-0.0027810563150253314,0.04770786285834688,13.95945945945946,0.22277901466415662,0.11476077618130648
BALL,Consumer Cyclical,Packaging & Containers,16877366272,24341366784.0,2052999936.0,936000000.0,403500000.0,21.039,266246511,8177999872.0,733000000.0,19524000000.0,2620000000.0,1150000000.0,0.04701,0.16785999,0.09353,0.1917,1.119,1.45542,13667000320.0,0.163,0.219,,24341366784.0,5421000000.0,7444999872.0,0.08434201555803647,0.05545889002556335,0.02390775868089189,0.3211994047313877,0.1341938127432903,0.4310897435897436,-0.005287656768822813,,-0.007144274657670173,0.6288120300751879,0.02761973181807406,0.10755616065350579,0.0013727412770974353,3.62640044037488,4.592356687898089,0.14062118097328336,0.10272850324143336
BAC,Financial Services,Banks - Diversified,416782778368,390394773504.0,,30256001024.0,,38.664,7096590651,799901024256.0,851284983808.0,3411738000000.0,109590003712.0,56567001088.0,0.00927,0.10644,0.35956,0.0,,2.6378218928582027,109590003712.0,0.081,0.244,,390394773504.0,303243000000.0,-51383959552.0,0.0,0.07259417277862029,0.0,0.7275804465515857,0.03212145941804441,0.0,0.06003133969580876,,0.055226173104984254,,,0.0461285518439125,-0.0523459694474034,,,0.07071750050653307,
BAX,Healthcare,Medical Instruments & Supplies,11698022400,19341023232.0,1908999936.0,-981000000.0,900875008.0,11.701,516469008,9687000064.0,2016999936.0,20055000000.0,3921999872.0,1251000064.0,0.02849,-0.15010999,0.060349997,0.34647,1.854,1.61021,11320000512.0,0.029,,,19341023232.0,6129000000.0,7670000128.0,0.09870211689945815,0.0,0.07701088074510783,0.5239347122467469,0.19556219755671903,,0.0378887286798415,-0.17536832412671322,0.03628626143698135,-0.21688500727802038,-0.05237270468326982,-0.22213171980451477,0.0,4.017810573672015,-0.7413793103448276,0.12914215502579768,-0.012584138132865087
BDX,Healthcare,Medical Instruments & Supplies,43557429248,60020428800.0,6157000192.0,1647000064.0,4531250176.0,87.584,275540427,17279000576.0,816000000.0,55325000000.0,10467000320.0,3828000000.0,0.04383,0.06672,0.14743,0.47090998,0.942,0.71599,22226999296.0,0.052,,,60020428800.0,25390000000.0,16463000576.0,0.10258174283486625,0.03781215035953079,0.10402932988080463,0.5829085976456202,0.18919114902846815,2.7512143290359945,0.04992975699544888,0.17180478383393938,0.04842262646399203,0.1676822861945787,0.005209807415689771,-0.0342317494675837,0.0,2.6738671532592995,4.068515497553018,0.22154059102914633,0.05305028503360844
BRK-B,Financial Services,Insurance - Diversified,1095207223296,-265497853952.0,118003998720.0,72471003136.0,61228249088.0,505559.44,1398308677,128885997568.0,397383008256.0,1222176000000.0,104282996736.0,45504000000.0,0.053940002,0.10499,0.14352,0.2778,2.876,17.669,375394009088.0,0.044,1.196,,,717419000000.0,-268497010688.0,,0.06617104196765636,0.055905629350886714,0.6550532033937327,0.08532567873694133,0.8448654832760945,0.20586499585407747,0.04592579078824954,0.13634634918698432,-0.039410852362137865,,0.0591872125461811,0.0,-2.2753212908071867,17.267311106727163,0.3530561958524019,
BBY,Consumer Cyclical,Specialty Retail,16437727232,18668728320.0,2617999872.0,1143000064.0,1143750016.0,14.632,210767126,4134000128.0,1903000064.0,14670000000.0,9425999872.0,2303000064.0,0.07771,0.39104,0.0404,0.22518,1.121,1.3409,41860001792.0,0.019,0.379,,18668728320.0,2964000000.0,2231000064.0,0.14023450484280228,0.06953516431242847,0.06958078813799846,0.18031689893417013,0.6425357785957737,1.0006561259475135,-0.0343345487205291,0.12059248962939506,-0.03641114881857443,0.17150983645413606,0.010729383269079212,-0.0075767825734000815,-0.010879848628192999,0.8521773006412126,30.872340425531913,0.557087564753941,0.20755256758689744
TECH,Healthcare,Biotechnology,11036068864,11165972480.0,366044992.0,109499000.0,299849376.0,12.901,155810652,290321984.0,214114000.0,2557868000.0,803971968.0,294857984.0,0.07452,0.053400002,0.25191,0.66399,4.489,13.922,1210811008.0,-0.015,1.286,,11165972480.0,1918808000.0,76207984.0,0.032782186473739185,0.009921920690182457,0.027169944270474606,0.17386698322073826,0.31431331405686297,2.7383754737486186,0.03326268869106985,-0.029154942872097633,0.03154869642821591,-0.02082034681706931,-0.03628305978444102,-0.05399636890423974,-0.020503973744594565,0.2081929425768513,12.571630038782466,1.0156240321091219,0.04490812205947979
BIIB,Healthcare,Drug Manufacturers - General,31907334144,34186532864.0,3539599872.0,1371900032.0,1930925056.0,126.367,147637117,6561900032.0,4282700032.0,29439500000.0,7822700032.0,2590799872.0,0.059520002,0.077010006,0.22899,0.78720003,3.065,0.35180999999999996,9937399808.0,0.019,0.311,,34186532864.0,18256800000.0,2279200000.0,0.10353784298867472,0.04299638527645464,0.060516652606751854,0.5721819290074753,0.2657212259719085,1.407482331773865,-0.00935320400320594,0.19946811353580007,-0.010189132165102147,0.21942930426418725,-0.019132524276830543,0.049562734185879864,0.006374847849218856,0.6439145899031155,6.818691588785047,0.3948246482521238,0.06991157565513356
BLK,Financial Services,Asset Management,161907998720,163019145216.0,10341000192.0,6255000064.0,7082375168.0,364.87,154995389,14965000192.0,13144999936.0,169998000000.0,12021999616.0,4075000064.0,0.03615,0.118990004,0.35638002,0.46890998,2.168,0.23635,25638000640.0,0.27,0.459,,163019145216.0,55888000000.0,1820000256.0,0.06343426827749708,0.038633051569102864,0.04374320740168062,0.34518368729052995,0.07071847678207979,1.1322741959287692,0.1065430569599104,-0.07049441006139112,0.10740837533445337,-0.04201976116869734,-0.018825964406837647,0.22640406882372038,0.006168750249890274,0.17599847424894044,13.408794788273616,0.2723020388719017,0.04893080863911374
BX,Financial Services,Asset Management,150069329920,122308894720.0,,3054091008.0,,10.657,742180737,15424749568.0,2605123072.0,47708975000.0,14397440000.0,4544989184.0,0.13028,0.29533002,0.38032,1.0,0.896,0.7202200000000001,14397440000.0,0.057,0.039,,122308894720.0,8665526000.0,12819626496.0,0.0,0.02035120040602631,0.0,0.057743484325674534,0.30177634292080263,0.0,0.20274657241463667,-0.09330404067302822,0.21084438663320618,-0.11334061257097452,,0.09751810880523581,0.018811435689942525,,,0.2946556223790485,
XYZ,Technology,Software - Infrastructure,46918119424,47696232448.0,1575778944.0,807083008.0,-794561728.0,36.879,535195000,8133390848.0,7320968192.0,39549887000.0,11034558464.0,3411973120.0,0.02053,0.03743,-0.02632,0.45078,1.986,0.37514000000000003,24478734336.0,0.049,,,47696232448.0,22204278000.0,812422656.0,0.03303780745613327,0.017201947092260337,0.0,0.4732559248451433,0.27900353960556196,-0.9844857593631806,0.1133377071512014,6.810920250814379,0.10114505893021106,0.8789062807978565,0.08643108514119308,0.0753799154077367,-0.02839871158476365,0.5155689248757979,84.06900739759303,0.4195019253057295,0.10442679272276727
BNY,Financial Services,Banks - Diversified,100636893184,-60832104448.0,,5719000064.0,,57.478,686379045,80384000000.0,247720001536.0,472300000000.0,20753999872.0,3304999936.0,0.01196,0.13472,0.37647998,0.0,,1.8140049195495678,20753999872.0,0.134,0.418,,,44313000000.0,-167336001536.0,,0.05682806655749632,0.0,0.44032559628982276,0.04394240921448232,0.0,0.06874757353828742,-0.27741836959366284,0.06503696870588564,-0.5105485578303861,,0.13516189816951238,0.00520210481723097,,,0.04111514649681529,
BA,Industrials,Aerospace & Defense,178542608384,207984590848.0,-3259000064.0,1922000000.0,2554249984.0,7.591,788302331,49614000128.0,20177999872.0,168235000000.0,4448000000.0,2502000128.0,-0.02069,1.69947,0.01715,0.048249997,1.176,8.28696,92184002560.0,0.14,,,207984590848.0,5454000000.0,29436000256.0,0.0,0.010764937386073491,0.014306108816929874,0.030547330126766296,0.026439207061550805,1.3289542060353798,0.10333066303739025,,0.07628686139648846,-0.5452079801799452,-0.005055029895742545,0.07592589039606557,0.0,,1.950920245398773,0.05042931675625927,0.08992015968063873
BKNG,Consumer Cyclical,Travel Services,143011561472,146163564544.0,10378000384.0,6153999872.0,7075125248.0,-11.185,774878436,19175999488.0,16024000512.0,29264000000.0,24084000768.0,9340999680.0,0.22259001,-1.1032627952671208,0.25035998,0.86987,1.057,-3.4377912312656864,27687000064.0,0.162,2.4,,146163564544.0,,3151998976.0,0.07100264978058798,0.04303148506776413,0.04947240051906732,,0.8229907315472936,1.1496791347349575,0.1634869878187224,0.13676371886731986,0.14299020322967984,0.12726911091957832,,0.056157066551176554,0.003812052779157675,0.3037192965284053,5.225108225108225,0.48711931213001086,0.6723698869966577
BSX,Healthcare,Medical Devices,67094073344,76910075904.0,5500000256.0,3564999936.0,2807124992.0,17.402,1486355179,11029000192.0,1452999936.0,43673000000.0,14211999744.0,4341000192.0,0.060749996,0.14661,0.20603001,0.68943,1.9,0.4225,20614000640.0,0.116,1.0,,76910075904.0,24232000000.0,9576000256.0,0.0715120898185715,0.053134349404034296,0.04183864314821827,0.36116453797281617,0.325418444897305,0.7874123541078235,0.16541890019606442,0.5500574158769729,0.15489073310010512,0.3878845695206296,0.001955970604709645,0.1085924609722046,0.004858870145951627,1.7410908745964975,10.699140401146131,0.3935987049078836,0.09766176701365277
BMY,Healthcare,Drug Manufacturers - General,118705602560,154682605568.0,18973999104.0,7274999808.0,9851750400.0,9.828,2042071247,46428999680.0,10485999616.0,90038000000.0,34898001920.0,13306000384.0,0.10689,0.38731998,0.33040002,0.71981,1.42,2.30967,48482000896.0,0.026,0.092,,154682605568.0,18473000000.0,35943000064.0,0.12266407741404926,0.06128606949552222,0.08299313753974175,0.15562028751475973,0.38759192696417066,1.354192530584875,0.01449177656319045,0.02442373363500816,0.020040498774379197,0.030996769548125948,-0.06954814958344113,-0.027698886645141085,-8.449298665754362e-05,1.8943291747295743,5.932839767318879,0.2865881340478624,0.16840035424265623
AVGO,Technology,Semiconductors,1714869895168,1760148717568.0,42083999744.0,29316999168.0,27212249088.0,18.43,4757580198,64907001856.0,19627999232.0,171092000000.0,57568002048.0,33621999616.0,0.121190004,0.37280998,0.48988,0.76284,2.238,0.7401800000000001,75464998912.0,0.479,0.854,,1760148717568.0,81292000000.0,45279002624.0,0.02390934318444837,0.017095757089565043,0.01586840445719884,0.04740417930774632,0.3364739558132467,0.928207178779151,0.24378426000041764,0.1816540426343054,0.23374945116894238,0.16736387079092596,0.012213335716367069,0.032883576322859126,0.011737089201877934,1.0759196582890276,8.080685358255451,0.5180026600303058,0.17000484997837173
BR,Technology,Information Technology Services,16649011200,19750711296.0,1761900032.0,1100400000.0,1187662464.0,24.363,115658297,3407300096.0,305600000.0,8545000000.0,2292900096.0,1367900032.0,0.091709994,0.42314,0.18402,0.31314,0.943,1.20878,7322299904.0,0.078,0.151,,19750711296.0,2655200000.0,3101700096.0,0.08920691541660211,0.06609401524097719,0.07133531533692523,0.15948094262799223,0.2683323693387946,1.0793006761177752,0.0646289696150486,0.41814010216390507,0.0633539829690176,0.28903498925627785,0.03128304897414963,0.03671260797825876,0.0,1.7604291047541112,8.796023564064802,0.40146156589079024,0.17871837455301703
BRO,Financial Services,Insurance Brokers,23726348288,30866348032.0,2486000128.0,1136999936.0,1522499968.0,37.579,338947841,8119000064.0,1003000000.0,29991000000.0,3340000000.0,1499000064.0,0.05515,0.11926,0.47180998,0.53372,1.017,0.6437,6257999872.0,0.357,-0.079,,30866348032.0,12547000000.0,7116000064.0,0.08054079236787892,0.047921404600431365,0.06416916541556586,0.5288213697151979,0.11136674335634024,1.3390501791549794,0.17384548109418518,0.18572644011896222,0.15591881513987932,0.1705937794533459,0.0006801545313432911,0.7028730411083353,0.16682533203289507,2.8624294841548776,5.480392156862745,0.18462865527574407,0.07729179149191133
BF-B,Consumer Defensive,Beverages - Wineries & Distilleries,12003889152,14306888704.0,1184999936.0,715000000.0,739625024.0,8.764,290383416,2611000064.0,308000000.0,7894000000.0,2377999872.0,1000000000.0,0.08636,0.17846,0.23246,0.6054,3.239,0.6495000000000001,3928000000.0,0.02,-0.627,,14306888704.0,4020000000.0,2303000064.0,0.08282722823367537,0.05956402886983274,0.06161544934599543,0.3348914630164022,0.3012414329870788,1.034440593006993,-0.024234406984345203,0.2501969055236126,-0.02705254767306395,0.24,0.015520138269359385,-0.023744744001978728,0.0,1.9434600745834978,9.592233009708737,0.3829950116768745,0.14830381266886822
BLDR,Industrials,Building Products & Equipment,9109245952,14302822400.0,1207911936.0,291480992.0,640900096.0,37.242,107559876,5291918848.0,98342000.0,11237530000.0,4429501952.0,1171011968.0,0.033970002,0.06958,0.0050199996,0.29888,1.759,1.3215899999999998,14820218880.0,-0.101,,,14302822400.0,4352251000.0,5193576848.0,0.08445269767175463,0.03199836666348912,0.07035709644652703,0.47778389374198776,0.39417042285982773,2.198771493133933,-0.12565732756059322,-0.36026579579703966,-0.13052842014236865,-0.4064976799668273,-0.0369088003018232,0.06183867352112607,-0.02635193435348395,4.299632028803795,2.8707310127275516,0.22128305471701745,0.08137322202155137
BG,Consumer Defensive,Farm Products,20655167488,36677169152.0,2233999872.0,686000000.0,-6827500032.0,82.7,194018115,16291000320.0,1700999936.0,44528000000.0,3577999872.0,588000000.0,0.02379,0.04933,0.01235,0.04442,1.599,0.93214,80546996224.0,0.878,-0.764,,36677169152.0,15904000000.0,14590000384.0,0.06090982274945231,0.03321202795370913,0.0,0.7699768113349709,0.0803539317283507,-9.95262395335277,0.015124876158678413,,0.004570578995959378,0.5782729805013928,-0.006293407064853256,0.7883449134503394,0.34278947468544146,6.530886848681073,2.805732484076433,0.03609354787613189,0.05992993435597429
BXP,Real Estate,REIT - Office,12360548352,29470771200.0,1597104000.0,317199008.0,941118656.0,32.469,159477391,16362374144.0,512783008.0,26166164000.0,1772950016.0,1191586944.0,0.01675,0.05525,0.25675,0.56131,0.979,2.11994,3158577920.0,0.006,0.655,,29470771200.0,5154728000.0,15849591136.0,0.054192813250845635,0.025662211656546415,0.07613890817778503,0.41703068935173404,0.06775735319858119,2.9669659496539156,0.03856526122650683,,0.03783092231943164,,-0.02831769679945284,0.0031122891411072577,0.0023588866485719042,9.923956821847543,1.5879232260257403,0.07282481952271877,0.04201121810873386
CHRW,Industrials,Integrated Freight & Logistics,22378196992,23863017472.0,887430976.0,599011968.0,642142272.0,14.423,117873042,1644486016.0,159664992.0,5058381000.0,1388861952.0,876587008.0,0.1008,0.34838,0.049060002,0.08574,1.586,0.96501,16198957056.0,-0.008,0.099,,23863017472.0,1845647000.0,1484821024.0,0.03718854822284229,0.026767659977885674,0.02869499594759846,0.08247523250688167,0.2745664970669469,1.0720024078049806,-0.13053598256384413,-0.17838285695925038,-0.13252622822109364,-0.2605510397789507,0.008008272940428399,-0.045214863325761814,0.0,1.6731679016802767,10.964374379344587,0.5330461916193029,0.2463712690354386
CDNS,Technology,Software - Application,102917988352,104455184384.0,2014227968.0,1170968960.0,1499152256.0,23.789,275816000,3083354112.0,1546153984.0,10153148000.0,4758949888.0,1597542016.0,0.10389,0.20656,0.29699,0.86079,1.471,0.46991999999999995,5528612864.0,0.187,0.23,,104455184384.0,5474181000.0,1537200128.0,0.01928317852175972,0.011377689933027579,0.01456647452991989,0.05318973959418262,0.46871668648974685,1.280266435072711,0.14143248241855333,0.12394502316903888,0.13090370305349253,0.10092409737021359,-0.03201864847835456,0.131335268152524,0.0,0.7631708785805122,14.0601505049725,0.518118243306074,0.19237045186365537
CPT,Real Estate,REIT - Residential,11618371584,16501425152.0,840089984.0,387255008.0,688079616.0,38.749,99090596,4275068928.0,40684000.0,9042989000.0,976636032.0,826510016.0,0.015829999,0.09064999,0.037249997,0.61622,0.104,1.0414700000000001,1584873984.0,-0.005,0.121,,16501425152.0,4362523000.0,4234384928.0,0.05091014723041541,0.0333312637834118,0.059223412767033086,0.37548489204870655,0.10799925024789923,1.7768126990884519,0.03414829875709913,0.09361899288980813,0.02986954160596327,0.07463823515993413,-0.01395066769754072,0.02155918385421656,2.2932323993988673e-07,5.0403944918357695,3.885705191733158,0.19333255905809807,0.06255056011907473
COF,Financial Services,Credit Services,126357905408,109540696064.0,,2579000064.0,,173.505,616019481,55874998272.0,79386001408.0,669009000000.0,36310999040.0,29073999872.0,0.00487,0.03259,0.28586,0.0,,0.49178811322348964,36310999040.0,0.463,-0.032,,109540696064.0,113616000000.0,-23511003136.0,0.0,0.02041027868950982,0.0,0.8991602039709556,0.05427580053482091,0.0,0.1598069408002154,0.266249971257817,0.14641374714976496,0.19652836579170194,,0.3649233694587713,0.009002399422951635,,,0.520340058544029,
CAH,Healthcare,Medical Distribution,55961149440,61100146688.0,3993999872.0,1555000064.0,4849999872.0,-12.051,234205855,8915999744.0,3936999936.0,53122000000.0,9415999488.0,5001999872.0,0.03601,-0.5591514074074074,0.01413,0.037550002,0.907,-3.206040900395541,250735001600.0,0.11,-0.195,,61100146688.0,,4978999808.0,0.06536808974280936,0.027787135889108715,0.08666726685448153,,0.17725235284816085,3.1189708504089166,0.07071540578204716,-0.12777943999402153,0.06969116080937167,-0.07514631291455326,0.0009384486373420209,0.17732319762416612,-0.1722415749235474,1.2466199217744993,10.772093023255813,0.5610139093337327,0.16281195079086117
CCL,Consumer Cyclical,Travel Services,38226907136,62169907200.0,7302000128.0,3068999936.0,1899374976.0,9.452,1369649119,26169999360.0,2243000064.0,51687000000.0,15205999616.0,6793999872.0,0.05367,0.26689,0.12787,0.55676997,0.334,2.0155600000000002,27310999552.0,0.053,-0.065,,62169907200.0,12284000000.0,23926999296.0,0.1174523247157107,0.08028376256235976,0.04968685981428179,0.32134433362074444,0.2941938904560141,0.6188905231700859,0.2981448600373693,,0.21911854245702778,0.9712796455564243,0.36710512615291024,0.053611105448763685,0.004275827538247566,3.276773332864012,3.054855448480356,0.2596102421914618,0.10677548905298614
CARR,Industrials,Building Products & Equipment,58198769664,69749768192.0,3140999936.0,1282000000.0,849750016.0,16.18,830580423,12572999680.0,1371000064.0,37190000000.0,5506999808.0,2108999936.0,0.031489998,0.09907,0.06572,0.25180998,1.05,0.91102,21870000128.0,0.024,-0.407,,69749768192.0,13804000000.0,11201999616.0,0.045032406808202974,0.022027957075405436,0.014600824397248894,0.23718714467152624,0.14807743500941115,0.6628315257410297,0.07948894772684056,0.1414942136093542,0.08406402226861517,-0.002708803611738149,0.010056472814592154,-0.00569473036922172,0.0027424041742628415,3.566380084128725,4.925764192139738,0.16774039526580184,0.07500997473068227
CVNA,Consumer Cyclical,Auto & Truck Dealerships,75242930176,52768382976.0,2342000128.0,1440999936.0,196750000.0,5.203,716288385,5621000192.0,2902000128.0,13201000000.0,4534000128.0,911000000.0,0.114300005,0.60172004,0.09033,0.20131001,4.087,1.21351,22521999360.0,0.52,0.119,,52768382976.0,3441000000.0,2719000064.0,0.044382639677724885,0.01915130009728982,0.0026148636096412514,0.045731871312709255,0.3434588385728354,0.1365371330592481,0.1431413679257303,,0.1579989720746959,0.7765698219306467,0.11468820094103285,0.555987741631306,0.06722392718595943,1.1609734907751466,-0.7623762376237624,0.162070800370469,-0.03295668549905838
CASY,Consumer Cyclical,Specialty Retail,29508456448,31890542592.0,1493432960.0,714448000.0,550939648.0,107.08,37004914,2905074944.0,522991008.0,8936055000.0,4321040896.0,1377539968.0,0.076079994,0.19153,0.05351,0.24606001,1.01,0.7351399999999999,17561100288.0,0.145,0.66,,31890542592.0,3951719000.0,2382083936.0,0.046829963952216974,0.024211635781729385,0.018670568180035766,0.13391818738346228,0.48355128700528366,0.7711403041229032,0.05174690514849711,0.21193969333507634,0.053438044501784354,0.22325978040720607,0.04251245029247261,0.0886850067213946,-0.0057867270050825335,1.59503908096417,,0.47418396927938256,0.13626840019621778
CAT,Industrials,Farm & Heavy Construction Machinery,443794194432,483586605056.0,14556999680.0,9429999616.0,3776624896.0,40.511,460591983,43065999360.0,3316000000.0,98585000000.0,20237000704.0,12320000000.0,0.085200004,0.51331,0.18180001,0.28601998,1.353,2.3079300000000003,70755000320.0,0.222,0.302,,483586605056.0,21318000000.0,39749999360.0,0.030102156527504063,0.021248587147628638,0.008509856468117161,0.04803577934876846,0.2052746432418725,0.40049046127129767,0.0438323160905727,0.12987626741358516,0.034355022500337985,0.0753690007364006,0.0230927332480928,0.12329656806891208,0.0,2.7306450665526154,23.99003984063745,0.28607254407389654,0.19415738307511246
CBOE,Financial Services,Financial Data & Stock Exchanges,26057746432,25506146304.0,1784199936.0,1229500032.0,1003075008.0,51.336,104653784,1584600064.0,2136199936.0,9305300000.0,2592800000.0,2799699968.0,0.10593,0.2514,0.39723,0.54107,1.385,0.29489,4792000000.0,0.065,0.544,,25506146304.0,5138300000.0,-551599872.0,0.06995176436042763,0.04718366706071415,0.03849431149457276,0.19718896311347758,0.2786369058493547,0.8158397575381275,0.059967260789602905,0.41678822872499066,0.06258743584007932,0.3020814146251612,0.06075227732217103,0.19465663555481377,-0.0003687816992962869,-0.3091581054736682,30.95411089866157,1.7668180328938823,0.23317009938067118
CBRE,Real Estate,Real Estate Services,41456971776,51160969216.0,2200000000.0,1312000000.0,1094499968.0,29.094,292816579,10581000192.0,1664000000.0,30877000000.0,7808000000.0,1280000000.0,0.02717,0.15597,0.026500002,0.18501,1.083,1.13689,42202001408.0,0.186,0.981,,51160969216.0,8878000000.0,8917000192.0,0.04300153092705632,0.03164727050226892,0.026400866274406003,0.21414974658471303,0.25287430773715064,0.8342225365853658,0.09567521092915365,-0.04483368426633183,0.09485383984931053,0.06747220879652006,-0.02714980392382732,0.2663331009309765,-0.02092602004933392,4.0531819054545455,25.699078487448364,0.12097155058817335,0.06973109877674193
CDW,Technology,Information Technology Services,17038476288,22606178304.0,1982200064.0,1077100032.0,884099968.0,19.964,127753451,6146299904.0,578600000.0,16028200000.0,4941100032.0,1192800000.0,0.06698,0.44157,0.066199996,0.21572,1.165,2.40522,22904799232.0,0.092,0.077,,22606178304.0,2606100000.0,5567699904.0,0.08768399670851326,0.06321574850907231,0.051888440788726,0.15295381793238436,0.3082754165782808,0.8208150977011576,-0.01894867945091694,-0.03427092089976447,-0.019655439171066377,-0.05351940261965969,0.019987349471178,0.09195825158055373,-0.024132730015082957,2.8088486147884617,7.277044854881266,0.19406797888657012,0.18800059076811215
COR,Healthcare,Medical Distribution,57689300992,70792273920.0,5300438016.0,2548677120.0,-318246112.0,17.463,194561060,15092111360.0,2176496128.0,76590112000.0,12477555712.0,2276133888.0,0.03486,1.0713401,0.01716,0.03796,0.947,4.20985,328680013824.0,0.038,1.283,,70792273920.0,1508019000.0,12915615232.0,0.07487311428913626,0.044179372538305416,0.0,0.02614035833453976,0.16291340208511512,-0.12486717501509174,0.1043399050694318,0.1327139190078339,0.10036187145375734,0.08582464712067939,0.0009487310415639619,0.1414040131074538,0.004160053047410668,2.4367071538262848,6.380154519443577,0.15081613391964793,0.14268246805614598
CNC,Healthcare,Healthcare Plans,33509064704,26239064064.0,2904999936.0,-6444000256.0,6847499776.0,43.395,493797000,16371000320.0,23740999680.0,76747000000.0,18830000128.0,7944000000.0,0.01222,-0.26044,0.05069,0.10559,1.123,0.7604900000000001,178331992064.0,0.051,0.183,,26239064064.0,19953000000.0,-7369999360.0,0.11071278796051497,0.0,0.20434768432025527,0.595450818345825,0.24535161150272974,,0.10452664402969458,-0.06326784209561909,0.09735737986636075,-0.24366701304699226,-0.04403471915888979,-0.06911274182788525,0.005269310458807311,-2.537004999094086,-8.923303834808259,0.48524829544441667,-0.1510574018126888
CNP,Utilities,Utilities - Regulated Electric,29182500864,52671500288.0,3664000000.0,1071000000.0,-4945375232.0,17.502,654169480,24682999808.0,1194000000.0,46534000000.0,4321999872.0,2358000128.0,0.02843,0.09561,0.21982999,0.4592,1.165,2.15591,9411999744.0,0.019,0.067,,52671500288.0,11153000000.0,23488999808.0,0.06956323590491609,0.03670007601443106,0.0,0.3821810903725019,0.09287832277474535,-4.6175305620915035,0.0012857616218755474,,0.0006108226670738818,-0.0595615257888734,0.0861258895482932,0.06319685615061232,0.0017527250294916998,6.410753222707424,2.380952380952381,0.09553134328655423,0.0533843174256344
CF,Basic Materials,Agricultural Inputs,16982180864,21474179072.0,3436999936.0,1758000000.0,1076375040.0,34.776,153629274,3620000000.0,2042000000.0,14088000000.0,2897999872.0,2662000128.0,0.11338,0.273,0.33585,0.39125,3.54,0.43847,7407000064.0,0.194,1.151,,21474179072.0,4838000000.0,1578000000.0,0.16005268115145202,0.10352027304848282,0.06338261549679843,0.28488684926539243,0.20570697558205564,0.6122724914675768,-0.1412477014500929,-0.1903264521263125,-0.16864156694879529,-0.2035351635953366,-0.13943000461474636,0.04619040546561711,-0.09801081495358237,0.45912133528768273,16.44137931034483,0.7353591513812154,0.18059237936519962
CRL,Healthcare,Diagnostics & Research,11111813120,14032234496.0,889624000.0,-184650000.0,510023744.0,61.05,48167730,3064531968.0,191830000.0,7135422000.0,1387579008.0,607025984.0,0.04264,-0.0587,0.15923999,0.34457,1.361,1.02551,4027044096.0,0.012,,,14032234496.0,3164630000.0,2872701968.0,0.06339859843801744,0.0,0.04589923700948635,0.28479870618990394,0.19446348204773312,,0.0032857552523495315,0.20694149290380937,0.0009534693312159418,0.19209952980901354,-0.03831295868388768,-0.05219248055183443,-0.0376214778748949,3.2291192323948095,0.07031739061375888,0.1980811394165884,0.001251183062911433
SCHW,Financial Services,Capital Markets,168696135680,138442145792.0,,9018500096.0,,24.435,1739135507,59457998848.0,96474996736.0,490995000000.0,24174000128.0,10293999616.0,0.019709999,0.19083,0.49352002,0.9746,0.632,1.20766,24803999744.0,0.158,0.386,,138442145792.0,49425000000.0,-37016997888.0,0.0,0.053460027757287865,0.0,0.29298240769281386,0.04923471751850834,0.0,0.048342956030810846,1.005738583040797,0.04930346702596059,0.08047813941401936,,0.02324093505584118,0.0,,,0.17313061010202938,
CHTR,Communication Services,Telecom Services,21496270848,117863481344.0,21974999040.0,4933000192.0,2403624960.0,133.228,141178369,96822001664.0,517000000.0,154213000000.0,30239000576.0,16145000448.0,0.054130003,0.27504998,0.23879999,0.55346,0.401,4.59525,54635999232.0,-0.01,0.089,,117863481344.0,16054000000.0,96305001664.0,0.1864445101181348,0.2294816727459946,0.11181590411639383,0.7468272107993864,0.1960859368276345,0.4872541792919517,0.0046187194908937634,-0.07316236098381579,0.005005309216066786,-0.08634318375288824,0.01910029143795211,0.02794960671910412,-0.13254770504511423,4.382480358187993,2.479174930583102,0.1667492942774284,0.08871099377603668
CVX,Energy,Oil & Gas Integrated,336978313216,380338110464.0,37906001920.0,11009000448.0,11776499712.0,92.906,1991597732,45427998720.0,5327000064.0,324012000000.0,78792998912.0,31264000000.0,0.0346,0.06638,0.07312,0.42421,1.094,0.23989000000000002,185740001280.0,0.023,-0.445,,380338110464.0,186450000000.0,40100998656.0,0.09966395919082609,0.03266975949560093,0.03494735195155236,0.5532997011605529,0.2431792616075948,1.069715617473649,-0.07852874895364959,-0.23886352505659136,-0.0776600417532413,-0.3047661830106464,-0.009758175598670149,0.26105130420568384,0.0,1.0579063110014215,17.222678718159408,0.6882099339814369,0.07212043010752688
CMG,Consumer Cyclical,Restaurants,45395955712,49770414080.0,2303996928.0,1451986048.0,1087909760.0,1.871,1282734000,5245879808.0,871422016.0,8994531000.0,4812852224.0,2208200960.0,0.13539,0.49231997,0.13271,0.39648998,0.919,2.1788499999999997,12138590208.0,0.074,-0.179,,49770414080.0,2830607000.0,4374457792.0,0.04629250068718737,0.03198492079804768,0.023964904867338682,0.06235372635302301,0.5350865124596269,0.7492563454714408,0.11364082990765789,0.19701190502328325,0.1084186979011399,0.16709315726137644,0.014938185001710486,-0.022798182690099294,-0.04003014533199976,1.8986387259627457,,0.4209400597841528,0.2578411093784847
CB,Financial Services,Insurance - Property & Casualty,140083429376,163848437760.0,14488999936.0,11299000320.0,12622624768.0,189.933,387860106,25138999296.0,7497999872.0,272327000000.0,18904999936.0,15196999680.0,0.03364,0.15433,0.20641,0.30998,0.386,0.31457999999999997,60987998208.0,0.102,0.787,,163848437760.0,73757000000.0,17640999424.0,0.08842928339190531,0.08065907845297095,0.09010790801044302,0.5265219471607006,0.06942021883985063,1.1171452704233573,0.11562448439502893,,0.10804987684138896,,,0.10455976118240667,-0.01791730076506749,1.2175443096088643,18.073298429319372,0.6045188792545961,
CHD,Consumer Defensive,Household & Personal Products,23362637824,25236639744.0,1388000000.0,733000000.0,1128824960.0,17.671,236943602,2377400064.0,503400000.0,8912400000.0,2821600000.0,1204499968.0,0.08140001,0.16779,0.20233999,0.45470002,1.217,0.56794,6205400064.0,0.002,0.022,,25236639744.0,4002200000.0,1874000064.0,0.05499939825903313,0.03137488178869095,0.048317530259377614,0.17130771063396852,0.3165926125398321,1.540006766712142,0.048889197884673496,0.15661767246672476,0.04622608666117569,0.14838259510452426,0.028759585124105036,0.00329839808175074,0.0,1.3501441383285302,11.051470588235293,0.5066458886071604,0.14189380554843756
CIEN,Technology,Communication Equipment,59800449024,60178194432.0,785740032.0,438300000.0,700927872.0,20.426,141552922,1580579968.0,1202834048.0,5864667000.0,2397331968.0,1032771008.0,0.06664,0.15464,0.15195,0.43047002,2.727,0.54649,5569149952.0,0.395,23.833,,60178194432.0,2729323000.0,377745920.0,0.013056889450012803,0.007329376403580097,0.011721113861848985,0.04564051013905644,0.40877546295467415,1.599196605065024,0.09500526254009078,,0.07233999806708914,0.9054540975385148,-0.009170484664970169,0.039588133096817295,-0.011494887467705906,0.48075178127108587,2.703140665184604,0.6534126895881297,0.05444164561693296
CI,Healthcare,Healthcare Plans,76124487680,99404488704.0,13390000128.0,6288000000.0,6923375104.0,159.524,264532404,30900000768.0,7852000256.0,157919000000.0,25423998976.0,8812000256.0,0.04782,0.16268998,0.054780003,0.09149,0.818,0.7280500000000001,277892005888.0,0.046,0.291,,99404488704.0,41713000000.0,23048000512.0,0.13470216790583614,0.08260154112869032,0.0909480682891868,0.5479577107349013,0.16099392078217314,1.1010456590330788,0.1514950529756025,0.04453851655856056,0.150211760070915,0.020614072738718632,-0.03506491184835017,0.013074075737261116,0.005187422983662599,1.7212845624851065,6.526278409090909,0.28517799472437866,0.09046339230337576
CINF,Financial Services,Insurance - Property & Casualty,29704493056,29329496064.0,3648000000.0,2756999936.0,2748250112.0,101.643,154686742,884000000.0,1259000064.0,41002000000.0,3612000000.0,3457999872.0,0.05553,0.18735,0.11841,0.27938998,1.044,5.626,12928000000.0,0.116,,,29329496064.0,15911000000.0,-375000064.0,0.12437990724558261,0.0928142396102301,0.09251967730332573,0.5356428729486815,0.08809326374323204,0.9968263241918334,0.2438798815724228,0.14925433895096263,0.19265982636148382,0.15354443309499488,,0.12331169009068245,1.7199900388826667e-05,-0.1027960701754386,57.22641509433962,3.911764561085973,
CTAS,Industrials,Specialty Business Services,72572829696,75298783232.0,2903095040.0,1930966016.0,1508147456.0,11.971,400136881,2918187008.0,183204000.0,9825241000.0,5553490944.0,2207493888.0,0.15942,0.41303003,0.23224,0.50361997,1.983,0.60943,11027210240.0,0.089,0.097,,75298783232.0,4684481000.0,2734983008.0,0.038554341987909586,0.026607285730604894,0.02078115821468547,0.06454868880850866,0.5652269439497718,0.7810326248641758,0.09598334537578124,0.10649869159817582,0.09001564289957031,0.11957633588042071,0.03795013167131306,0.07159309647035163,0.0049655025001358695,0.9420921362602032,23.39389563634925,0.75646073467818,0.28913158089996516
CSCO,Technology,Communication Equipment,444160278528,460521275392.0,17006999552.0,11957999616.0,9288375296.0,12.401,3941434665,33001000960.0,16640000000.0,122291000000.0,39058001920.0,13025000448.0,0.07337,0.25229,0.24992001,0.64296997,0.925,0.67541,60745998336.0,0.12,0.371,,460521275392.0,46843000000.0,16361000960.0,0.03692988893406387,0.026922712800050992,0.020912215128247803,0.10546418098269227,0.3193857431863342,0.7767499242575657,0.03192384157728467,0.013898544116964118,0.022091940167662045,-0.05216699225815787,0.023897974041091063,-0.017056095424111628,-0.011729927626653357,0.9620157224074231,7.967984934086629,0.3946850116391136,0.14551686977656
C,Financial Services,Banks - Diversified,238729609216,28897605632.0,,14696999936.0,,112.225,1705576955,815575007232.0,1046570008576.0,2657202000000.0,78734000128.0,-30797000704.0,0.0060900003,0.07649,0.34078,0.0,,3.841778536216797,78734000128.0,0.159,0.561,,28897605632.0,212291000000.0,-230995001344.0,0.0,0.06156337282277504,0.0,0.8892529112629736,0.029630415801282704,0.0,0.04589654681078592,,0.04368717715218791,-0.4544261277452104,,0.12930901487285082,1.0835498293550806e-05,,,-0.037761089330732064,
CFG,Financial Services,Banks - Regional,30016161792,31281160192.0,,1832000000.0,,56.478,422881942,12314000384.0,13159999488.0,226351000000.0,7885000192.0,2660999936.0,0.00882,0.07739,0.32051,0.0,,0.46791049070942736,7885000192.0,0.138,0.468,,31281160192.0,26317000000.0,-845999104.0,0.0,0.06103378615477314,0.0,0.8767609990366619,0.03483527880150739,0.0,0.009305158100850308,-0.20096848979863957,0.003256865112535216,-0.25343054776593754,,0.040593781749808065,0.003338758281044932,,,0.21609548911964693,
CLX,Consumer Defensive,Household & Personal Products,11760811008,15213810688.0,1274000000.0,756000000.0,62750000.0,-0.554,120921351,4486000128.0,1192000000.0,5561000000.0,2964000000.0,576000000.0,0.110369995,5.46099,0.17006001,0.43846,0.84,48.760870000000004,6760000000.0,0.001,0.027,,15213810688.0,321000000.0,3294000128.0,0.0837397037551464,0.064281281238662,0.00533551639910852,0.027294036081495377,0.5329976622909549,0.08300264550264551,-0.00014072614877613798,0.12463162432326258,-0.004251908130903008,0.034108527131782945,0.09418275520138125,-0.033037732568249004,0.0,2.585557400313972,13.25,0.1283994613385798,0.3201537616694124
CME,Financial Services,Financial Data & Stock Exchanges,85488967680,86961020928.0,4792500224.0,4244800000.0,3030237440.0,73.573,361319613,3742200064.0,2515399936.0,198424200000.0,6743600128.0,4420400128.0,0.0155,0.15919,0.69806,1.0,1.018,14.059,6743600128.0,0.144,0.213,,86961020928.0,28728200000.0,1226800128.0,0.055110901100942515,0.049653190524992896,0.03544594726354286,0.3360457001602198,0.033985774557740434,0.7138704862419902,0.09113524548501961,0.12233880065457936,0.08696804163619941,0.11040201502780568,0.010940224077314986,0.44364154910620096,-0.0018130997894696378,0.2559833219947284,31.741061130334487,1.1812303063441987,0.14435512425414726
CMS,Utilities,Utilities - Regulated Electric,24012322816,43727319040.0,3048000000.0,1096999936.0,-2161625088.0,29.919,308919602,19081000960.0,175000000.0,39941000000.0,3576999936.0,1940000000.0,0.03131,0.103719994,0.19816999,0.40546,0.842,1.8984200000000002,8821999616.0,0.116,0.089,,43727319040.0,9144000000.0,18906000960.0,0.06970470787865617,0.045684873737789414,0.0,0.3808044756880883,0.08955709511529505,-1.9704878888889925,-0.002215234024431356,,-0.0014698555057299453,-0.01972149040270982,0.09395887077881132,0.11194320712694877,0.025517139229927193,6.202756220472441,2.56390977443609,0.10167181501991812,0.05621960267084329
KO,Consumer Defensive,Beverages - Non-Alcoholic,362010869760,394938875904.0,16714999808.0,13701000192.0,3124250112.0,7.816,4302482418,44646998016.0,13820000256.0,104816000000.0,30429999104.0,14631000064.0,0.0951,0.43372002,0.35055,0.61744,1.358,1.24943,49284001792.0,0.121,0.182,,394938875904.0,32169000000.0,30826997760.0,0.04232300446427312,0.03784693040041384,0.008630266030606385,0.08886197262896242,0.29031826347122575,0.22803080565054268,0.03689014114187783,-0.1779638000683169,0.03508489333913801,-0.24176273961388908,0.034823197973606,0.04243702075604929,-5.556178977272727e-05,1.844271499497465,10.672309552599758,0.3277040050656202,0.211312623451248
CTSH,Technology,Information Technology Services,19861270528,19472779264.0,3891000064.0,2228999936.0,1908875008.0,31.789,473000000,1092000000.0,1516999936.0,20692000000.0,7174000128.0,2756999936.0,0.10438,0.14876,0.15574001,0.33514,2.226,7.247,21405999104.0,0.058,0.036,,19472779264.0,15015000000.0,-424999936.0,0.19981739695439502,0.11222846659570962,0.09611041777558532,0.7559939319507365,0.34670404639474195,0.8563818137319139,0.028031282502597676,0.05088498682960241,0.02724270015698587,0.0411025256602468,-0.022104531850843157,0.0363618150856456,-0.03232323232323232,-0.10922640169866622,95.02702702702703,2.5247252161172162,0.20642282627840075
COHR,Technology,Scientific & Technical Instruments,65218322432,66558410752.0,1313731968.0,400608992.0,-197631744.0,54.601,195639321,3425114880.0,2423729920.0,14910936000.0,2442114048.0,140342000.0,0.03142,0.04718,0.13572,0.36990002,3.05,0.31093,6602083840.0,0.205,,,66558410752.0,8127775000.0,1001384960.0,0.019738030898830076,0.006142583511216433,0.0,0.1246241040387759,0.1637800637062623,-0.4933282775639744,0.20548879782532903,0.2487157179846986,0.14800237900206897,0.1639407298981767,-0.029878839279443348,0.029147123186354214,0.02044461240330032,0.7622444946091165,1.3871762089364483,0.04097439207644912,0.025726559620069846
COIN,Financial Services,Financial Data & Stock Exchanges,43597488128,41123909632.0,1002446976.0,800601984.0,2407562752.0,51.177,222426875,7964423168.0,10438001664.0,29671832000.0,5372901888.0,1756433024.0,0.01926,0.06686,-0.07097,0.85475,2.141,0.5908100000000001,6285964800.0,-0.308,,,41123909632.0,14793058000.0,-2473578496.0,0.024376256658728765,0.018363488778286342,0.055222510639409285,0.33930986933394736,0.18107752456943002,3.0071905892254196,0.3100276522124539,,0.30760253520261227,0.4436391659970689,-0.05641058831382828,0.3162938735870733,0.05596909004888819,-2.4675404836574617,18.820062519756945,0.22053486950029424,0.0766540696357511
CL,Consumer Defensive,Household & Personal Products,76122005504,83017007104.0,4920999936.0,2088000000.0,3319500032.0,0.181,800189310,7973000192.0,1419000064.0,16330000000.0,12490000384.0,4344999936.0,0.16098,3.6357698,0.20924,0.60063,1.025,16.405350000000002,20795000832.0,0.084,-0.059,,83017007104.0,54000000.0,6554000128.0,0.05927700970760354,0.027429650416794148,0.04360762712466331,0.000709387510779159,0.7648499928965095,1.5897988659003832,0.042934601917500315,0.2501361858790321,0.04050470432695393,0.19298013245033113,0.030690542971865575,0.017699115044247787,0.0,1.3318431646490474,12.456928838951312,0.5449642332079352,0.35095494354753615
CMCSA,Communication Services,Telecom Services,84983324672,170393321472.0,35371999232.0,18797000704.0,4013125120.0,24.679,3562784182,94611996672.0,9468000256.0,272631000000.0,87856996352.0,32240001024.0,0.04535,0.20918,0.13145,0.70129997,0.865,1.06858,125277003776.0,0.053,-0.326,,170393321472.0,96903000000.0,85143996416.0,0.2075902912533607,0.22118457681608175,0.04722250083165115,1.1402589905020184,0.3222560763522857,0.2134981629886308,0.006220134237919117,0.1500401546539305,0.007339576744821455,0.13487148209462402,0.032168871252804876,0.024116208571396375,-0.0294597866355078,2.407101613271911,6.843955545475165,0.34076018008339193,0.1261987311120126
FIX,Industrials,Engineering & Construction,61265846272,63607562240.0,1736283008.0,1223646976.0,1099853568.0,18.355,35183967,303920992.0,70540000.0,6441169000.0,2546895104.0,1663133952.0,0.17266001,0.53294,0.07885,0.25128,1.24,0.45488999999999996,10135687168.0,0.01,0.388,,63607562240.0,2448774000.0,233380992.0,0.02729680162004586,0.01997274257124294,0.017952148463223957,0.03996964294148908,0.3954088309125254,0.8988324161886377,0.30025058911956903,0.5971458976318065,0.26227647948533694,0.3938859699588017,0.062147456614339985,0.3672359760632788,0.0,0.13441414269717947,186.28190803609797,5.472257579364574,0.42674692081793864
COP,Energy,Oil & Gas E&P,127591940096,144555933696.0,23346999296.0,7297999872.0,5289124864.0,52.977,1218294007,23327000576.0,6362999808.0,121939000000.0,27071000576.0,17976000512.0,0.05865,0.112840004,0.22051,0.45591,1.289,0.36143000000000003,59377999872.0,-0.053,-0.202,,144555933696.0,64487000000.0,16964000768.0,0.16150841199710664,0.05719796929577993,0.04145344024097815,0.5054159373349137,0.22200444956904683,0.7247362231798077,-0.09106174739359629,-0.2638368447938533,-0.09672202445192571,-0.3176277866147527,-0.13147824192431207,-0.006849649780094478,0.001264309980306537,0.7266030444823122,11.264395782643957,0.7706091682654914,0.12630152682168286
ED,Utilities,Utilities - Regulated Electric,42008698880,69038702592.0,6016999936.0,2156000000.0,-833249984.0,69.554,368529705,27177000960.0,147000000.0,74603000000.0,9157000192.0,4136999936.0,0.0317,0.08732,0.25613,0.53192,1.189,1.06177,17215000576.0,0.062,0.129,,69038702592.0,24190000000.0,27030000960.0,0.08715401231623422,0.05132270357048488,0.0,0.5758331165909226,0.12274305580204549,-0.38647958441558444,0.02587238970223038,,0.027753691586542308,0.21126461211477152,0.04208218432345273,0.057268784898387236,0.03818506839891345,4.492272103623968,3.106244931062449,0.1522242995865869,0.0563326420450367
STZ,Consumer Defensive,Beverages - Brewers,23480473600,34204747776.0,3455800064.0,1824400000.0,2210487552.0,46.781,170752511,10533799936.0,96600000.0,21900500000.0,4774700032.0,2693600000.0,0.08574,0.2369,0.35931,0.5272,0.913,1.23205,9056700416.0,-0.033,0.307,,34204747776.0,8082400000.0,10437199936.0,0.101032759739418,0.07769860314912899,0.0941415232783039,0.3442179292329095,0.21801785493481884,1.2116243981582986,-0.011183285451378588,0.013845560746898355,-0.007160602753720774,0.03702778376049968,0.011020529341303265,0.011462985456510394,6.111166777572591e-07,3.0201978536684235,7.575774336283186,0.25571019160848435,0.14259761487087924
CEG,Utilities,Utilities - Independent Power Producers,85436653568,108353724416.0,7957000192.0,3791000064.0,-4478875136.0,92.403,357102017,22466000896.0,864000000.0,57249000000.0,6947999744.0,4554999808.0,0.04196,0.16104999,0.21858,0.23263,1.363,0.66428,29866999808.0,0.638,10.91,,108353724416.0,14517000000.0,21602000896.0,0.07343541013367358,0.04437205702330909,0.0,0.16991536294718934,0.12136456084822442,-1.1814495015529496,0.01469039149633189,,0.007836764541585838,0.41331711093905543,0.09636272990449188,0.08168008162339871,-0.0017514496320779444,2.7148423243370963,7.870841487279844,0.2027508068341172,0.08157387688875367
COO,Healthcare,Medical Instruments & Supplies,14471271424,17059272704.0,886400000.0,235800000.0,424275008.0,42.272,195030630,2726599936.0,138800000.0,12394800000.0,2773400064.0,953000000.0,0.025190001,0.02853,-0.02866,0.65550005,1.274,0.33093000000000006,4231000064.0,0.079,,,17059272704.0,8238900000.0,2587799936.0,0.051960011155232896,0.016294352658532515,0.029318433437462696,0.5693279988056977,0.22375512827960112,1.7993002883799831,0.07346203139761864,-0.01251536517097196,0.07130441790804196,0.0066320645905421,0.008668146306358593,0.006463557230089645,0.001841620626151013,2.9194493862815882,6.665,0.3495195563592942,0.05907640489274951
CPRT,Industrials,Specialty Business Services,28908886016,23694188544.0,1961246976.0,1553201024.0,999977152.0,9.477,963308388,93116000.0,4199712000.0,10090902000.0,2204544000.0,1685426944.0,0.11336,0.17607,0.37530997,0.47522998,7.613,1.059,4638866944.0,0.021,0.023,,23694188544.0,9187033000.0,-4106596000.0,0.08277333373784772,0.05372746023974637,0.03459064979005243,0.31779270204031096,0.21846847784271417,0.6438169538574808,0.0989943984010011,0.13613497248033846,0.09364745893681764,0.1328721318084948,-0.006967841463501989,0.19734036216486367,0.004685185420126505,-2.093869895149809,101.67269894534995,18.10029365522574,0.18035526728808485
GLW,Technology,Electronic Components,169364914176,178070913024.0,3907000064.0,1810000000.0,612000000.0,13.023,860637825,9923999744.0,1755000064.0,30976000000.0,5937999872.0,2905999872.0,0.05375,0.1674,0.15661,0.36383,1.61,0.80363,16321000448.0,0.2,1.389,,178070913024.0,11807000000.0,8168999680.0,0.02194069765607044,0.010686983244469931,0.003613499306969944,0.06971337633561131,0.19169679338842976,0.33812154696132596,0.03274507876886834,0.11805628879104058,0.03493984583243282,0.15599302267630202,0.04208198055445389,0.11685595817559041,0.004541225420966866,2.0908624382351686,7.107142857142857,0.2928254682550705,0.09420861606438377
CPAY,Technology,Software - Infrastructure,23037462528,31320864768.0,2550661120.0,1172201984.0,2095142784.0,53.076,65361919,10483340288.0,2553312000.0,26408135000.0,3813327872.0,1517432064.0,0.061869998,0.32124,0.41404,0.79714996,0.977,2.7134300000000002,4783723008.0,0.254,0.491,,31320864768.0,3883864000.0,7930028288.0,0.0814364845572836,0.050882426073413776,0.09094503274627312,0.16858905338552396,0.14439974167051176,1.7873564561378528,0.097332408585459,0.29129324061722994,0.08976868708502891,0.1357317701038233,0.0091116071827535,0.4706292482315144,0.005789896340569512,3.1090089647032375,4.817473405835859,0.14474700069947782,0.1606352430896429
CTVA,Basic Materials,Agricultural Inputs,57384755200,59017756672.0,4140999936.0,1252000000.0,2576124928.0,36.359,668820000,3356000000.0,1966000000.0,42845000000.0,8686999552.0,2624000000.0,0.043270003,0.051370002,0.2369,0.48561,1.467,13.64,17888999424.0,0.11,0.121,,59017756672.0,24144000000.0,1390000000.0,0.07016532259967498,0.021817641212138517,0.04489214808047138,0.4207389212666712,0.20275410320924261,2.057607769968051,-0.0010322883978914899,1.1927496276897047,-0.0027830120307290912,0.5525844245348036,0.0707841196350279,0.049479485609308024,-0.019591741480028298,0.3356677183005878,10.377777777777778,0.7818831942789034,0.060807291666666666
CSGP,Real Estate,Real Estate Services,12250671104,12214671360.0,272000000.0,25000000.0,202200000.0,19.437,408355715,1140999936.0,1215000064.0,10538000000.0,2683000064.0,529000000.0,-0.00158,0.00303,0.0033399998,0.78634,2.196,14.35,3412000000.0,0.225,,,12214671360.0,8334000000.0,-74000128.0,0.0222683027634073,0.002040704528573719,0.016505218227104237,0.6802892616453349,0.25460239741886503,8.088,0.14160530575519847,-0.5259632828103975,0.130872660163459,-0.638058748403576,-0.02157252984257063,0.13838176515069678,0.03785103785103785,-0.27205929411764707,,0.46362842214918404,-0.007352941176470588
COST,Consumer Defensive,Discount Stores,422045483008,420366319616.0,13790000128.0,8837999616.0,6954375168.0,37.278,443478804,10227999744.0,11125999616.0,77099000000.0,37802000384.0,15000000512.0,0.086660005,0.29152,0.036730003,0.12876001,1.072,0.6025699999999999,293586993152.0,0.215,0.455,,420366319616.0,29164000000.0,-897999872.0,0.03280472170224535,0.020940870052701104,0.016477786039634446,0.06910155699841286,0.4903046781929727,0.7868720830684408,0.06640442726947482,0.3081350392193374,0.06286954467371153,0.2086759469083846,0.006944893530349716,0.10407984992338647,0.00025049308774479495,-0.06511964203514763,71.24675324675324,1.4665624645522088,0.27436173138956266
CRH,Basic Materials,Building Materials,71851565056,90514571264.0,7583000064.0,3648000000.0,786124992.0,34.524,668200216,20427999232.0,3240000000.0,58329000000.0,13735999488.0,5667999744.0,0.060500003,0.15812,-0.00041,0.36089,1.59,0.8322700000000001,38060998656.0,0.091,,,90514571264.0,24004000000.0,17187999232.0,0.08377656722123764,0.050771336673833135,0.010940958507825213,0.334077622126834,0.23549177061153115,0.21549478947368422,0.045975003842854356,0.08544905949233872,0.04206381360570328,0.04133333333333333,0.030755761432967765,0.15245095133661313,-0.016282167030321888,2.266648963066658,6.932098765432099,0.277462304537451,0.11326273323247604
CRWD,Technology,Software - Infrastructure,197521932288,193831927808.0,59319000.0,-30464000.0,1926365056.0,4.551,1018259280,821342976.0,4552800768.0,11086684000.0,3827581952.0,1819179008.0,-0.0100300005,-0.0024899999,-0.022079999,0.75136,1.531,17.568,5094199808.0,0.256,,,193831927808.0,4428390000.0,-3731457792.0,0.000306033173537635,0.0,0.009752664089936264,0.022419738146056183,0.345241368113315,,0.2900686653697968,0.22547766642355227,0.2449187550933623,0.1880441935354445,0.014948672328812251,0.27410039880122894,0.02215256261296153,-62.904934203206395,-3.531922486706399,2.214883503185885,-0.01433801009838186
CCI,Real Estate,REIT - Specialty,33432219648,63256223744.0,2729999872.0,1039000000.0,1202875008.0,-4.404,436451983,29878999040.0,55000000.0,31518000000.0,3110000128.0,2924999936.0,0.04048,-0.635474006116208,0.47722998,0.73819,0.267,-18.274617149847096,4212999936.0,-0.048,,,63256223744.0,,29823999040.0,0.0431578066222922,0.031077804912129296,0.03597951379432143,,0.09867377777777778,1.157723780558229,-0.15173892561897784,0.2239507146129689,-0.16513402465270985,0.15079758248290895,0.03687427119046449,-0.03720674486803519,0.002026704169014889,10.924542285106744,2.189160467587673,0.09789484353489239,0.07618624949147527
CSX,Industrials,Railroads,90844405760,109170409472.0,6624999936.0,3049999872.0,1129874944.0,7.307,1858138856,19428999168.0,1108999936.0,43682000000.0,6624999936.0,4630000128.0,0.07084,0.23684,0.36157,0.46816003,0.966,1.4306,14151000064.0,0.017,0.265,,109170409472.0,13155000000.0,18319999232.0,0.0606849417167312,0.03357388764320538,0.012437474102533003,0.1448080362235395,0.15166429961998076,0.3704508168582638,-0.01737875164321634,-0.20560242987019417,-0.016511299920883356,-0.20344175150914498,-0.052379947575558305,0.02146665419511739,-0.021286758022919176,2.7652829296570727,5.4656398104265405,0.23830358362594994,0.11376359466324694
CMI,Industrials,Specialty Industrial Machinery,91307368448,97386364928.0,5004000256.0,2672999936.0,1688625024.0,89.507,137989067,8240000000.0,3182000128.0,33992000000.0,8760999936.0,3932999936.0,0.07273,0.21993999,0.09764,0.25847998,1.709,0.61621,33894000640.0,0.027,-0.21,,97386364928.0,12349000000.0,5057999872.0,0.05138296577451652,0.029274745088314385,0.018493852716406786,0.1352464780214624,0.2577371127324076,0.6317340308383756,0.06246086056249833,0.31637487620683746,0.05180469706183464,0.09566831683168317,0.013593686878576816,0.0777425491439442,0.00016293483146067415,1.0107912896157933,13.045592705167174,0.47730581747572814,0.17603149864654252
CVS,Healthcare,Healthcare Plans,133615108096,200339111936.0,15411999744.0,2932000000.0,5201625088.0,60.845,1275927307,78345003008.0,11802000384.0,253538000000.0,54302998528.0,10332000256.0,0.026659999,0.037520003,0.04124,0.13387999,0.866,1.00912,405617999872.0,0.061,0.631,,200339111936.0,75214000000.0,66543002624.0,0.07692956005976252,0.021943626299306004,0.03892991714876081,0.5629153848826746,0.2141809059312608,1.7740876834924966,0.0763108477649228,-0.165831156023994,0.06977656122970011,-0.2211596187266312,-0.031322275247750164,0.0012755958375293723,0.005061867266591676,4.317609896788745,1.6848348829753126,0.13187822910600916,0.03187823787049731
DHR,Healthcare,Diagnostics & Research,140089032704,154080034816.0,7935000064.0,3675000064.0,4568500224.0,74.818,707770627,19683999744.0,5701000192.0,83464000000.0,14616999936.0,6439000064.0,0.0419,0.0708,0.22937,0.58992,1.868,0.37170000000000003,24778000384.0,0.037,0.098,,154080034816.0,52534000000.0,13982999552.0,0.05149920996237997,0.026233317434385187,0.03261140530289031,0.3750043739041392,0.17512939633854116,1.2431292910040068,-0.026665255865112814,-0.10758859213825567,-0.02521823472356935,-0.11640407784986098,-0.01645442593815527,0.0763715147919837,0.0029401786723962458,1.7621927459634108,16.973584905660378,0.3271184793610207,0.05867696361715173
DRI,Consumer Cyclical,Restaurants,23401791488,31133775872.0,2148900096.0,1213699968.0,1075412480.0,19.313,114535003,7999499776.0,219500000.0,12587000000.0,2862500096.0,1848300032.0,0.07817,0.53718,0.14335,0.21667999,0.314,3.62378,13210900480.0,0.137,0.36,,31133775872.0,2311300000.0,7779999776.0,0.06902150593088204,0.05186354936212309,0.04595428006233845,0.09876594282045421,0.22741718407881148,0.8860612246469137,0.07838539390453025,0.06344643043092901,0.07564432309651367,0.05780189247988257,0.011652945566740652,0.11163119314669258,-0.015388478916264488,3.620456712009007,7.650980392156863,0.23105195121640565,0.13208569079742735
DDOG,Technology,Software - Application,92677791744,89204228096.0,34639000.0,135672992.0,936726528.0,11.208,330825798,1285052032.0,4758617088.0,6643844000.0,2934170880.0,1113216000.0,-0.0021600001,0.039300002,0.00797,0.79906,3.397,0.32220999999999994,3672030976.0,0.322,1.04,,89204228096.0,3732206000.0,-3473565056.0,0.0003883111903924792,0.00146392128520675,0.010107346219334623,0.040270769617702123,0.4416375339336685,6.904296236055589,0.2694953937625746,0.37285627457997883,0.23447920562321808,0.2818981205549956,0.006553296333493885,0.1483932056531173,0.0304198119119926,-100.27902237362511,12.485758205986075,0.8662808760104742,0.027329353344510764
DVA,Healthcare,Medical Care Facilities,15077698560,29439178752.0,2792761088.0,756416000.0,999662976.0,-11.415,64185000,13220841472.0,666545984.0,17480103000.0,4490015232.0,2027321984.0,0.07496,0.80981004,0.13864,0.32454,1.417,12.613309999999998,13835087872.0,0.06,0.435,,29439178752.0,,12554295488.0,0.09486545502938899,0.05016786859015173,0.06630076679288646,,0.25686434639429756,1.3215783061172688,0.055264367135682946,0.10891518288924917,0.05397417895637924,0.07832871650344264,0.02959521304874113,0.01127173729675467,-0.24145448107204903,4.495298771507375,3.322404927525236,0.15334288579842673,0.13437620153169771
DECK,Consumer Cyclical,Footwear & Accessories,14539448320,13007392768.0,1338675968.0,1024070976.0,858725120.0,17.857,138880957,375193984.0,1907249024.0,3687765000.0,3157725952.0,1181954944.0,0.2175,0.40859002,0.14002,0.57703996,3.545,15.01,5472295936.0,0.096,-0.048,,13007392768.0,2499638000.0,-1532055040.0,0.10291654844876597,0.07043396375578576,0.05906174024627642,0.1719211035374415,0.856270926157171,0.8385406286526765,0.1469097911350663,0.33967181674798863,0.1356968069973712,0.2242354234786886,0.07380560017664073,0.03291448334739396,-0.06806213007902744,-1.1444554743810864,525.2513833992094,3.1502502556117746,0.46082815391801685
DE,Industrials,Farm & Heavy Construction Machinery,167809564672,207350022144.0,8613999616.0,4783000064.0,1098749952.0,101.527,270107282,48473001984.0,8830000128.0,105996000000.0,12291000320.0,7933000192.0,0.03828,0.18349001,0.17479,0.25965,2.213,3.76022,47337000960.0,-0.111,-0.085,,207350022144.0,25950000000.0,39643001856.0,0.041543278013338084,0.028502547356873464,0.006547600276227478,0.15463957641938814,0.11595720895128118,0.22971982799454965,-0.0450056665565175,0.5250105928832174,-0.057240715388001726,0.22905767412543335,0.05809173904998377,-0.012336936265374581,0.0,4.602159696218868,2.9738170347003154,0.16365811621526,0.1281869977291579
DELL,Technology,Computer Hardware,254786879488,275904954368.0,14065000448.0,8408999936.0,5434124800.0,-2.163,325046693,31924000768.0,11580999680.0,101286000000.0,25745000448.0,12469999616.0,0.07004,-3.4044534153846153,0.088570006,0.19212,0.946,-12.924696667206478,134001999872.0,0.875,2.825,,275904954368.0,,20343001088.0,0.05097770165170795,0.03300405402702869,0.02132811866497991,,0.2541812338131627,0.6462272376452067,0.035349838884853435,1.4780522476860227,0.04087026768809822,0.4713719458084364,-0.021762647649957306,0.2701075916033406,0.011558544395760133,1.4463562346272596,5.655769230769231,0.3906151897007748,0.2320803850908804
DAL,Industrials,Airlines,60936228864,76952641536.0,7775000064.0,4476000256.0,3093374976.0,31.183,656994340,21398999040.0,5053000192.0,81317000000.0,12970999808.0,8396000256.0,0.04341,0.2499,0.03179,0.19900998,0.418,1.05021,65178001408.0,0.129,,,76952641536.0,20853000000.0,16345998848.0,0.10103616859419566,0.07345384411611232,0.05076413545222699,0.3422102153144493,0.1595115388910068,0.6911025020280964,0.07799197884220499,,0.07180540753390945,0.6748983739837399,0.03215000723439526,0.07887544446213449,0.007787902734051682,2.102379255748904,10.108983799705449,0.3923548124987439,0.12783789320768071
DVN,Energy,Oil & Gas E&P,46678224896,32087058432.0,6721999872.0,2268000000.0,1600499968.0,24.844,1153403107,8702000128.0,1763000064.0,31599000000.0,7510000128.0,6424000000.0,0.060739998,0.15178001,0.06856,0.46929002,1.006,0.56404,16003000320.0,-0.008,-0.753,,32087058432.0,15528000000.0,6939000064.0,0.20949255558110738,0.04858796591029647,0.03428793557522689,0.332660465015469,0.23766575296686604,0.7056878165784832,-0.03570785468840698,-0.06346261857166091,-0.03115091407001702,-0.21856610029009532,-0.1811213963210736,0.0364065728623438,-0.0445468509984639,1.03228208808868,7.9738430583501,0.7382210877393359,0.144040998800567
DXCM,Healthcare,Medical Devices,27493449728,26463049728.0,1292300032.0,930400000.0,1056637504.0,7.662,385872977,1384800000.0,2415200000.0,6339900000.0,2963200000.0,1782499968.0,0.09651,0.35624,0.2142,0.61504,1.948,0.46832999999999997,4817900032.0,0.15,0.922,,26463049728.0,2746000000.0,-1030400000.0,0.048834130808160195,0.033840787867826495,0.03843233622748674,0.09987833564601413,0.46738907553746906,1.135680894239037,0.1701360960301399,0.5233789965598488,0.14887404692948755,0.38602495543672016,-0.046149729258534,-0.022299329169558176,0.004402054292002935,-0.7973380596496031,60.47540983606557,1.2871894627383016,0.2636632200886263
FANG,Energy,Oil & Gas E&P,48397139968,68288139264.0,10149000192.0,279000000.0,1397250048.0,129.653,281313297,13898000384.0,174000000.0,71059000000.0,10446000128.0,8231000064.0,-0.00122,0.0047400002,0.0579,0.72246003,0.561,0.32594,14458999808.0,0.042,-0.984,,68288139264.0,36972000000.0,13724000384.0,0.1486202479871981,0.005764803461206049,0.028870508648317986,0.7639294393107886,0.14700460361108375,5.008064688172043,0.15993445004276818,,0.1712201016941423,-0.673336668334167,-0.35077975957759056,0.05597990845865779,-0.021958103571424435,1.3522514655993416,8.071698113207548,0.5922434765130598,0.03218525707579109
DLR,Real Estate,REIT - Specialty,63074054144,80646512640.0,2888658944.0,1337165056.0,3278001664.0,64.877,357665753,19452149760.0,2464262912.0,49410468000.0,3494372096.0,2545472000.0,0.01255,0.05688,0.17191,0.55342996,1.227,0.7659199999999999,6314048000.0,0.167,0.676,,80646512640.0,22925663000.0,16987886848.0,0.035818770699915535,0.021199922442708553,0.05197068285029248,0.36347216476144073,0.07072129120493252,2.4514562725755225,0.09218604990875767,,0.0795085305351508,,-0.0160622910277195,0.09113344658695101,0.02055754417963563,5.880890467628705,4.071615971795674,0.13085813297789456,0.039867498260556945
DG,Consumer Defensive,Discount Stores,26066722816,40512012288.0,3387527936.0,1564509952.0,1882562304.0,40.09,220586647,15798401024.0,1353112960.0,30963730000.0,13278872576.0,3503533056.0,0.04632,0.1891,0.05919,0.30827,1.169,1.78649,43075354624.0,0.034,0.124,,40512012288.0,8511962000.0,14445288064.0,0.08361786405271739,0.06001943409010699,0.07222090468712336,0.3265451533775192,0.4288524856662941,1.2032919967005746,0.04125293834210786,0.780554530467686,0.04143088968617238,0.5314811389197782,-0.0057210124824848,-0.005428466559617494,0.001286720408840633,4.264256512983041,9.52069897253293,0.22176504132776723,0.0914550697539162
DLTR,Consumer Defensive,Discount Stores,23839258624,30425257984.0,2405299968.0,1259100032.0,1443624960.0,18.134,192174588,7593299968.0,1007299968.0,13466200000.0,7304900096.0,2615200000.0,0.067389995,0.33976,0.09088001,0.36991,1.161,2.16518,19747899392.0,0.072,0.095,,30425257984.0,3754900000.0,6586000000.0,0.0790560254005043,0.05281624113647604,0.060556621444034384,0.15750909284652762,0.5424618746194175,1.1465530325711246,0.0799582484358976,0.12967805908583063,0.07399689807741508,0.10024341668510732,-0.011082351314318728,-0.27771937352499465,-0.07705488991441237,2.7381200214608743,20.058479532163744,0.3444088882331904,0.16751973118699695
D,Utilities,Utilities - Regulated Electric,61345996800,118756016128.0,8240000000.0,2924000000.0,-9948250112.0,32.032,879512484,52214001664.0,352000000.0,115857000000.0,8247000064.0,5059999744.0,0.03086,0.09787,0.28751,0.47263,0.777,1.54901,17449000960.0,0.231,-0.102,,118756016128.0,29083000000.0,51862001664.0,0.06938595844372715,0.047664071863284155,0.0,0.474081464432248,0.07118257907592981,-3.402274320109439,0.05798731389635825,,0.05241500269832704,-0.24934970441109594,0.03265919973060322,0.13125030513108432,0.03169014084507042,6.293932240776699,2.7858555885262115,0.09690886702309046,0.05343743181581019
DPZ,Consumer Cyclical,Restaurants,10366394368,15269244928.0,1021726976.0,591864000.0,524712736.0,-116.609,33261870,5135773184.0,232922000.0,1716459000.0,1428877056.0,774940992.0,0.32489,-0.15171557456765225,0.19344999,0.28701,1.603,-1.3164794267934876,4978531840.0,0.035,-0.046,,15269244928.0,,4902851184.0,0.06691404721175222,0.05709449004053171,0.050616705999506885,,0.8324562695642599,0.8865427463065839,0.02876024391390608,0.20053454626480183,0.030768294317836335,0.17049653705980408,0.036150025227060956,-0.011832956920875088,-0.019075211262190715,4.798592284598738,4.930857469434409,0.15089081317186145,0.8225048900359028
DASH,Consumer Cyclical,Internet Retail,83662348288,81428348928.0,1350000000.0,926000000.0,2295624960.0,23.392,411336610,3287000064.0,5533000192.0,19659000000.0,7619999744.0,2390000128.0,0.03309,0.09922,0.052529998,0.51763,1.426,0.32194,14721000448.0,0.331,-0.061,,81428348928.0,10033000000.0,-2246000128.0,0.016578992669907717,0.01106830036389045,0.02743916477335205,0.11992252435303767,0.38760871580446615,2.4790766306695464,0.2772574009717286,3.4302390363432558,0.23692160274352572,0.4696278511404562,0.05382497489368965,0.5304787855196574,0.03471717535152034,-1.6637037985185186,362.5,0.7271068090858425,0.053656009473060984
DOV,Industrials,Specialty Industrial Machinery,28778489856,30426687488.0,1865912960.0,1096936960.0,840764352.0,55.62,134661414,3290113024.0,1641916032.0,13422423000.0,3315464960.0,1367559936.0,0.07056,0.14998001,0.16395001,0.40041,1.865,0.43927,8280135168.0,0.101,0.053,,30426687488.0,7405206000.0,1648196992.0,0.061324880032895414,0.0381165573832673,0.0292150267858725,0.25731739354822664,0.2470094229633502,0.7664655150283203,0.010445978801371991,0.23249980656517155,0.010286232753841362,0.11435076443891752,0.027336986516770745,0.07300754007463331,0.0006302633147586249,0.8833193333948439,13.519148781109937,0.4156574336578171,0.13609987001021834
DOW,Basic Materials,Chemicals,19971743744,36790747136.0,2641999872.0,-2859000064.0,-675875008.0,21.157,720741438,19634999296.0,4329999872.0,58538000000.0,2460000000.0,2064999936.0,-0.00135,-0.15262,0.0001,0.06255,1.848,1.17133,39331000320.0,-0.061,,,36790747136.0,16008000000.0,15304999424.0,0.07181153082413988,0.0,0.0,0.8015324152558885,0.042023984420376505,,-0.11108214737616817,,-0.11376154746931517,-0.9641257448119992,-0.08712867538415817,0.021391680625348967,0.0074134276968701104,5.792959941521148,-1.9028901734104047,0.10516934097474999,-0.033350217809745716
DHI,Consumer Cyclical,Residential Construction,44967223296,50265919488.0,4268600064.0,3172600064.0,2875425024.0,82.915,283579613,6643400192.0,1917900032.0,35471200000.0,7202100224.0,3651899904.0,0.07298,0.13084,0.11257,0.21597,6.37,0.27453,33348399104.0,-0.023,-0.132,,50265919488.0,24190400000.0,4725500160.0,0.08492036169793023,0.07055361286411062,0.06394490949713098,0.5379562763029627,0.20304078305780465,0.9063307589972992,0.007612158904120037,0.9948894344524908,0.01043543854586184,0.26237255874700066,-0.07677595728259604,-0.017535307428755025,0.0029368396904063715,1.1070374570467139,,0.5497034347558389,0.13203295899821835
DTE,Utilities,Utilities - Regulated Electric,32048842752,58787840000.0,3547000064.0,1262000000.0,-2188124928.0,59.237,208028313,26972000256.0,238000000.0,54066000000.0,4737999872.0,3295000064.0,0.027780002,0.10423,0.10231,0.28689,0.953,2.18787,16515000320.0,0.158,-0.444,,58787840000.0,12303000000.0,26734000256.0,0.06033560790802996,0.039377396861583876,0.0,0.38388281583840445,0.08763363059963748,-1.7338549350237717,-0.06307993398170852,,-0.069915676249917,0.10436979035109877,0.11232240333717197,0.10686647831961675,0.002768584351496626,7.537073519488947,2.4678030303030303,0.12216372655813755,0.05355858355426763
DUK,Utilities,Utilities - Regulated Electric,101035671552,193098661888.0,16478000128.0,5062000128.0,-2246500096.0,68.746,779596217,91208998912.0,2140000000.0,195736000000.0,16702999552.0,11665000448.0,0.02782,0.09661,0.25507,0.5105,0.661,1.61495,32718999552.0,0.113,0.12,,193098661888.0,51842000000.0,89068998912.0,0.08533461582223432,0.0501011182510401,0.0,0.5131059080784007,0.08533432558139535,-0.4437969259569327,0.03867971409471327,,0.03887661722940991,0.5656842955187728,0.06071545753860025,0.050407045072795864,0.0021407525773195876,5.405328208527612,2.5718216840946617,0.1278930871640702,0.05350079283755703
DD,Basic Materials,Specialty Chemicals,18890565632,21822171136.0,1552999936.0,132000000.0,-124750000.0,102.766,135019401,3216999936.0,710000000.0,21575000000.0,2422000128.0,1214000000.0,0.01983,0.00896,0.13801,0.35009998,2.683,0.22594,6918000128.0,0.043,,,21822171136.0,13919000000.0,2506999936.0,0.07116615144851553,0.006987615012246977,0.0,0.7368228284504975,0.11225956560834299,-0.9450757575757576,-0.19269293381346742,-0.3358031954355256,-0.22168137594505857,0.024894712213383248,-0.009522504870900506,-0.4110983731848455,-0.021050280199846054,1.6142949383869132,1.6389776357827477,0.37737022821003874,0.02662169174883238
ETN,Industrials,Specialty Industrial Machinery,154745307136,175871311872.0,6343000064.0,3988999936.0,2646500096.0,50.788,388300000,21833000960.0,751000000.0,41251000000.0,10583000064.0,4741000192.0,0.07022,0.20844999,0.16104999,0.37105,1.193,1.10463,28522000384.0,0.168,-0.094,,175871311872.0,19425000000.0,21082000960.0,0.036066144025902684,0.02577784108499144,0.017102296315028718,0.12552884710699547,0.25655135788223316,0.6634495207973852,0.09769979247934413,0.22453559196768258,0.09045017346324033,0.18548088260064005,0.044002753815892914,0.07477658216304943,-0.012725884448969204,3.3236639992567403,21.46473029045643,0.2171483526559603,0.1622596530849095
EBAY,Consumer Cyclical,Internet Retail,50988957696,54334959616.0,2980999936.0,2007000064.0,1200375040.0,9.892,444000000,7206000128.0,3860000000.0,17610000000.0,8329999872.0,2172999936.0,0.085930005,0.42875,0.23146999,0.71786004,1.219,1.63327,11603999744.0,0.195,0.071,,54334959616.0,4615000000.0,3346000128.0,0.05486338734891018,0.039361464809025616,0.023541862674595668,0.09050979287544918,0.4730266821124361,0.598094171261571,0.042572293921697035,-0.07383013027812035,0.03958343424558004,-0.06291695743196092,-0.01188651131989571,-0.0906274206041828,0.006303724928366762,1.12244220054891,10.378048780487806,0.30155424610061843,0.19679334001387497
ECHO,Communication Services,Telecom Services,29416071168,57188081664.0,1587501952.0,-14441396224.0,-457875616.0,19.466,158465020,29242023936.0,1516103040.0,43016355000.0,4008929024.0,-67845000.0,0.00397,-1.1228399,0.08908,0.27082002,0.302,5.1506,14802719744.0,-0.052,,,57188081664.0,5765784000.0,27725920896.0,0.027759314630050536,0.0,0.0,0.1960079565714491,0.09319546074975436,,-0.06966087453923675,,-0.07267021417110792,0.5860240852280666,-0.08650396761494855,-0.29410433473894837,0.014727035825468986,17.465125545873974,-11.415819540215534,-0.002320119843567862,-0.5667189922687993
ECL,Basic Materials,Specialty Chemicals,79748128768,88522932224.0,4040900096.0,2105699968.0,1586424960.0,35.546,281437502,9266499584.0,519800000.0,24696300000.0,7300599808.0,3029100032.0,0.08009,0.22427,0.16933,0.44374,0.991,0.92369,16452299776.0,0.1,0.078,,88522932224.0,9770800000.0,8746699584.0,0.04564805971152011,0.02640438089934143,0.019892942749981792,0.122520743131476,0.2956151248567599,0.7533955378775026,0.04264019904644334,0.20974784725025342,0.039793512536971755,0.16584062271802122,0.06707961213056257,0.10311419612467504,0.0043427652806988125,2.1645423980311143,9.321032005225343,0.3268871923579639,0.1489489395457582
EIX,Utilities,Utilities - Regulated Electric,29113511936,73289506816.0,8573000192.0,3552999936.0,-1134000000.0,44.795,384793941,42696998912.0,168000000.0,94026000000.0,11505999872.0,6002999808.0,0.039,0.18864,0.27492002,0.58677,0.74,2.26101,19608999936.0,0.077,-0.632,,73289506816.0,17579000000.0,42528998912.0,0.11697445602306071,0.12203955138804728,0.0,0.603808981844711,0.12237040682364453,-0.3191669069593814,0.03904776111316921,,0.04286403496324886,0.45836795745388065,0.12525769848695317,0.09870412133817875,6.0735260123466595e-06,4.960806947337579,4.893437296946069,0.14059535707351214,0.09020241945143131
EW,Healthcare,Medical Devices,54338248704,51369644032.0,1903600000.0,1075600000.0,902137472.0,17.899,575800000,702899968.0,3671500032.0,13697200000.0,4908299776.0,1358599936.0,0.08269,0.1046,0.31219998,0.77866,4.421,6.806,6303499776.0,0.167,0.082,,51369644032.0,10337600000.0,-2968600064.0,0.03705690463446037,0.019794528267909044,0.016602255198069918,0.19024536577011578,0.35834329468796544,0.8387295202677575,0.1077223514087009,0.11875598765658246,0.09990515273269752,0.09757694002139845,-0.057770072180789445,0.049167770943601447,0.005956017104459377,-1.5594663080479092,63.39705882352941,1.9328496199334013,0.10883157318971684
EA,Communication Services,Electronic Gaming & Multimedia,51456712704,50330710016.0,1484999936.0,887000000.0,2219124992.0,26.979,250751484,1854000000.0,2980000000.0,13131000000.0,5946999808.0,2552999936.0,0.05696,0.1349,0.24009001,0.78967005,1.046,0.2741,7530999808.0,0.119,0.853,,50330710016.0,6764000000.0,-1126000000.0,0.029504847746592934,0.01723778985071172,0.04312605441325629,0.1314502937431951,0.4528977083238139,2.5018320090191657,0.0046911288415614205,0.20039561154366625,0.0028817290374224536,0.14041884816753927,0.030983667722207398,0.06169146183699871,-0.006361096248736698,-0.7582491909279112,23.264150943396228,1.377022619201726,0.13209770730662096
ELV,Healthcare,Healthcare Plans,90749992960,85658984448.0,8541000192.0,5242999808.0,4298625024.0,201.97,217162380,31842000896.0,37072998400.0,121494000000.0,51889999872.0,7605000192.0,0.03979,0.12086,0.05303,0.25891,1.479,0.72299,200416002048.0,0.026,-0.168,,85658984448.0,43882000000.0,-5230997504.0,0.09970933285095021,0.057774107049363234,0.04736777253409497,0.48354824687801273,0.42709927956936145,0.8198789207356004,0.08338453671992796,-0.2405785022131265,0.07561623595266172,-0.2655626092556813,,0.039396350383697355,-0.02969846165830317,-0.6124572516576756,5.7860199714693294,0.23883549959184072,
EME,Industrials,Engineering & Construction,34497597440,34027241472.0,1850836992.0,1337624064.0,891520000.0,87.006,44440278,516518016.0,916419968.0,9291399000.0,3424219904.0,1194150016.0,0.117539994,0.39229,0.08726,0.19294001,1.26,13.355,17747283968.0,0.197,0.3,,34027241472.0,3673944000.0,-399901952.0,0.0543928015300035,0.03877441222758961,0.025842959108980778,0.10649854693185265,0.36853652544681376,0.6664951864980803,0.15320031490276653,0.38398516207054656,0.1428263164808815,0.28835342043251433,0.04849190882291993,0.2040992043903996,0.0010870281492747175,-0.21606546320855036,144.22995008319467,2.311923261162685,0.3916548193488294
EMR,Industrials,Specialty Industrial Machinery,77881901056,90163904512.0,5874999808.0,2438000128.0,3272250112.0,36.249,560100000,14056999936.0,1791000064.0,41964000000.0,9646999552.0,3558000128.0,0.06678,0.12328,0.24244,0.52669996,0.868,0.69182,18315999232.0,0.029,0.279,,90163904512.0,20282000000.0,12265999872.0,0.06515911039786537,0.0313038086505745,0.042015539780508565,0.2604199399988514,0.22988751196263463,1.3421861936834156,0.09282630664203761,0.0055605844145771854,0.09282689951455558,0.13075380441193818,0.07153956777786757,-0.051575283641459115,0.0,2.0878298336788643,8.581395348837209,0.2531123386354976,0.10324245344607828
ETR,Utilities,Utilities - Regulated Electric,53709762560,83498254336.0,5490236928.0,1782428032.0,-3913097728.0,37.889,466595090,34058442752.0,3572052992.0,71890730000.0,6241911808.0,5443426816.0,0.027660001,0.10751,0.18648,0.46976003,0.957,1.92883,13287438336.0,0.12,0.012,,83498254336.0,16958076000.0,30486389760.0,0.06575271509158848,0.03318629513598803,0.0,0.31573544904533646,0.08682498853468312,-2.19537488063922,-0.020204385975384764,,-0.02144674715915026,-0.05163883562106594,0.09390408680342527,0.10959553160893638,0.03782018271581605,5.552836819212768,2.699231886259016,0.15982606297172375,0.05631429735285587
EOG,Energy,Oil & Gas E&P,69657157632,74114162688.0,12586000384.0,5496999936.0,2864250112.0,57.788,532628530,8305999872.0,3848999936.0,51799000000.0,14611999744.0,10721000448.0,0.08968,0.18195,0.37877998,0.61994,1.716,0.26873,23569999872.0,0.156,0.396,,74114162688.0,29833000000.0,4456999936.0,0.16981909971760134,0.07891507668229514,0.04111925047432863,0.42828333819775233,0.28209038290314487,0.5210569665904395,-0.08514403108878366,-0.17270073405333708,-0.08327351623172537,-0.14290878890028824,-0.14717843169939926,0.09776204806510405,0.0001779486433705227,0.35412361354016625,28.072340425531916,1.2907537458724392,0.14003990829583085
EQT,Energy,Oil & Gas E&P,32906399744,42240528384.0,7665675776.0,3284336896.0,2503225856.0,40.159,625478000,5992411136.0,326568000.0,41792874000.0,7581796864.0,6439832064.0,0.07727,0.13402,0.57368,0.80966,0.658,0.20815999999999998,9364126720.0,0.499,4.9,,42240528384.0,23752677000.0,5665843136.0,0.18147679655692064,0.09980845432958221,0.07607109484702673,0.7218254559838608,0.1814136272130986,0.7621708537417959,-0.11718245847505004,0.11172775171528082,-0.14565058962492447,0.104325121565539,-0.20507856972351995,0.0492745778303453,0.04558111481562149,0.7391185463046643,7.787271338857293,1.074664591238087,0.08690938567188035
EFX,Industrials,Consulting Services,20757596160,25755588608.0,1928899968.0,698700032.0,1024662528.0,38.061,119072409,5308100096.0,183400000.0,11864200000.0,3525400064.0,1633699968.0,0.0627,0.1437,0.17448,0.56124,0.607,1.13353,6281399808.0,0.143,0.34,,25755588608.0,4604300000.0,5124700096.0,0.07489248245721941,0.033659968457542246,0.049363255749937475,0.2218127746830585,0.29714604136814954,1.4665270947060727,0.05848490317101085,1.045163983760279,0.05912116696021316,0.5089928334746089,-0.010473822076699668,0.008912019320713642,0.0002535508010311013,2.656799305831084,5.215261422515309,0.3077748984483355,0.11619511376038956
EQIX,Real Estate,REIT - Specialty,98823471104,120819466240.0,4281999872.0,1422000000.0,2725125120.0,144.976,98624248,23335999488.0,1362000000.0,40141000000.0,4915999744.0,3819000064.0,0.03495,0.10059,0.24343,0.51606,1.178,1.6296100000000002,9525999616.0,0.121,0.2,,120819466240.0,14156000000.0,21973999488.0,0.03544130764072477,0.014389294204243376,0.027575687127323514,0.14324532261270692,0.12246829286764156,1.9164030379746835,0.08265773019010236,,0.07687335408187694,-0.8234741784037559,0.02735702101267501,0.14410716830554368,0.009220659205257213,5.131714186095146,3.861480075901328,0.163652731735953,0.05614102847053631
EQR,Real Estate,REIT - Residential,26980636672,35140096000.0,1892307968.0,952153984.0,1416540928.0,28.435,374712144,8643318784.0,34677000.0,20746023000.0,1954185984.0,1623752960.0,0.02706,0.08671,0.27398002,0.62775004,0.115,0.7842,3112995072.0,0.025,-0.646,,35140096000.0,11041499000.0,8608641784.0,0.053850392668249966,0.03529027115168589,0.05250213125882458,0.40923789657857335,0.0941956915790559,1.4877225236711293,0.04194040742424798,0.017994152646718664,0.040484794805126775,0.020717401656533563,-0.011977823943372545,-0.004231172857520259,-0.004398730654947385,4.549281580787594,4.82182739131285,0.18786220901695716,0.07505905217566816
ERIE,Financial Services,Insurance Brokers,13556148224,13322706944.0,826961984.0,571392000.0,447472992.0,45.009,46189068,49621000.0,283062016.0,3355481000.0,732595008.0,660430976.0,0.14840999,0.2585,0.16876,0.17913,1.29,2.108,4089769984.0,0.023,0.087,,13322706944.0,2283374000.0,-233441016.0,0.06207161858892571,0.04215002599251603,0.033008859493568195,0.16843825858716135,0.21832786655624037,0.7831278561827957,0.13315715446994947,0.24071284428201345,0.12547227541232364,0.246559039440687,,0.16162318676015555,0.0,-0.2822874817906986,,13.30950557223756,
ESS,Real Estate,REIT - Residential,20562749440,26178420736.0,1278588032.0,572742016.0,983003264.0,84.522,64261739,6857027072.0,41705000.0,13159009000.0,1354258048.0,1080088960.0,0.03174,0.105579995,0.35173,0.68883,0.3,1.2185599999999999,1966022016.0,0.064,-0.478,,26178420736.0,5541372000.0,6815322072.0,0.048841297375961004,0.027853377179506204,0.04780504994569442,0.2694859467197787,0.10291489640291301,1.7163107237447723,0.05510390234068829,0.04759632465732122,0.05457754132168272,0.051967776099489105,-0.006029016248474295,0.01791936001777316,0.0025174677482891926,5.330350278141818,3.719667652203526,0.15751563303730237,0.07545024156508207
EL,Consumer Defensive,Household & Personal Products,30285852672,36459851776.0,2350000128.0,-248000000.0,1807624960.0,11.037,247287571,9299999744.0,3126000128.0,19892000000.0,11073000448.0,1798000000.0,0.04874,-0.05949,0.14925,0.74651,1.268,2.32908,14833000448.0,0.046,-0.455,,36459851776.0,3865000000.0,6173999616.0,0.06445446192260461,0.0,0.059685457087070654,0.12761734139891942,0.556655964608888,,-0.06871717508347608,-0.3054850441967458,-0.06627766156556204,-0.069924148879873,-0.01758299249608808,-0.08234534299026618,0.0025529577466328075,2.6272337360485456,-1.9131652661064427,0.19333333865519728,-0.04724354983744899
EG,Financial Services,Insurance - Reinsurance,14694914048,14645914624.0,,2010000000.0,3993250048.0,384.196,39571602,3588999936.0,3638000128.0,62514000000.0,2684999936.0,2788999936.0,0.02655,0.13822,0.20232001,0.15487,0.382,0.23471,17336999936.0,-0.047,2.307,,14645914624.0,15460000000.0,-49000192.0,0.0,0.1367820181482153,0.27174368185865555,1.0520646769011983,0.04295037809130755,1.9866915661691542,0.12836140182450917,,0.12058014915298883,,,0.10956497044780888,0.0016345895657543827,,13.496688741721854,0.777096680338308,
EVRG,Utilities,Utilities - Regulated Electric,20315111424,36222611456.0,2787000064.0,882099968.0,-1101750016.0,44.061,230513025,15876299776.0,18400000.0,33948500000.0,3156000000.0,1958099968.0,0.028970001,0.08866999,0.21916,0.52331,0.446,1.55555,6030799872.0,0.05,0.185,,36222611456.0,10221300000.0,15857899776.0,0.07694089277316185,0.04342087767029911,0.0,0.503137776932136,0.09296434304903015,-1.2490081124229222,0.005797706437296046,,0.011159724199825683,-0.2546132748217224,0.07385557092223127,0.05161993798420797,0.0012133864405949094,5.689953143825977,2.4457244848288173,0.12333478175815468,0.04982381679591175
ES,Utilities,Utilities - Regulated Electric,27995398144,58220474368.0,4898722816.0,1748424960.0,587291392.0,43.968,376080025,30339694592.0,270184000.0,63786711000.0,7452936192.0,4397302784.0,0.03292,0.10912,0.24872999,0.5349,0.651,1.81822,13933251584.0,0.094,0.074,,58220474368.0,16197271000.0,30069510592.0,0.08414089492016417,0.062454013013375345,0.020978140370754787,0.5785690532667568,0.11684151879221363,0.3358973964773415,0.033017102123918285,,0.030324048290756137,0.2201874453841935,-0.0012932033700967516,0.0703450815090761,0.0189770337679483,6.138234744327286,2.480115277020364,0.14493563113056138,0.055082926122721455
EXC,Utilities,Utilities - Regulated Electric,48991207424,99519209472.0,8248999936.0,2779000064.0,-2807749888.0,28.65,1023208142,51241000960.0,713000000.0,116570000000.0,10568999936.0,6777999872.0,0.028399998,0.09764,0.22299999,0.42641,0.939,1.74794,24785999872.0,0.079,-0.003,,99519209472.0,28798000000.0,50528000960.0,0.08288851951060643,0.05672446567705153,0.0,0.5878197642847302,0.09066655173715364,-1.010345384432492,0.08336312473906027,,0.07647092211463145,0.053864541832669324,0.008293182218536588,0.08151488161508201,0.017233572249927016,6.125348690995553,2.547249647390691,0.132276882672356,0.05099822099229097
EXE,Energy,Oil & Gas E&P,21702842368,24541841408.0,7424000000.0,3227000064.0,1687624960.0,81.413,239228849,5058999808.0,2220000000.0,28287000000.0,6213000192.0,5880999936.0,0.09668,0.17568001,0.3404,0.47955,1.111,0.25883,12956000256.0,0.41,,,24541841408.0,18578000000.0,2838999808.0,0.30250378839054715,0.1486902042268015,0.07776055004151611,0.8560169071398934,0.2196415382331106,0.522970228239822,0.021275059999324775,-0.10614824337522888,-0.014774896149096217,-0.2234850166481687,-0.2042588903180913,0.01408905140890514,0.032273338564786626,0.3824083793103448,10.71063829787234,1.1624827355597322,0.09914913731978256
EXPE,Consumer Cyclical,Travel Services,32248733696,32424732672.0,2596999936.0,1488000000.0,3478249984.0,4.8,114498625,4710000128.0,5793999872.0,24452000000.0,13694999552.0,4858999808.0,0.05825,0.71494,0.07093,0.90271,0.731,2.56536,15171000320.0,0.147,,,32424732672.0,1284000000.0,-1083999744.0,0.08009317955742497,0.04614134663478477,0.10785694771114153,0.03981551685420944,0.560076867004744,2.3375335913978494,0.08087962506974211,0.03834748630944329,0.0759493670886076,0.058880826955571015,0.043198748296518596,0.09219224584598892,0.013440753654137938,-0.4174046094393127,6.321070234113712,1.0316347507326438,0.24246311738293777
EXPD,Industrials,Integrated Freight & Logistics,21916672000,21167409152.0,1137555968.0,836147008.0,783248512.0,17.303,130791133,564980992.0,1316497024.0,4893638000.0,1523425024.0,973113024.0,0.14173001,0.36641,0.10594,0.1362,1.789,0.24708,11185552384.0,0.044,0.163,,21167409152.0,2355633000.0,-751516032.0,0.053740916511386946,0.03815118499743027,0.0357375659954212,0.10748132745701537,0.3113072573001926,0.9367354119623902,-0.13447253986862018,-0.22432555190469994,-0.13910158835849057,-0.3067817907561928,0.0020396384511189303,0.02927357860769829,-0.029847177235277494,-0.6606409294491962,219.28041666666667,1.7223818814775276,0.37313330717083015
EXR,Real Estate,REIT - Industrial,32958429184,46229426176.0,2284812032.0,942353024.0,1340995200.0,63.128,211260936,13941396480.0,141698000.0,29264046000.0,2602944000.0,1858643968.0,0.03375,0.0683,0.43982,0.74831,0.689,0.98092,3478423040.0,0.038,-0.106,,46229426176.0,13433166000.0,13799698480.0,0.04942332667728763,0.0285921704198656,0.04068747307444493,0.40757907256457676,0.0889468257396807,1.4230284891620404,0.20629197785498432,0.14598827978529405,0.1819170278098704,0.14746056413418301,-0.04854003663115658,0.014424607162400514,-0.003963234881719901,6.039752192621506,2.6753950359925183,0.13331834946853185,0.06154672925935614
XOM,Energy,Oil & Gas Integrated,568230805504,614071795712.0,56007000064.0,25314000896.0,11630499840.0,62.069,4144947162,47660998656.0,8434999808.0,448980000000.0,97044996096.0,47722000384.0,0.04221,0.09873,0.06355,0.29768,1.036,18.261,326008012800.0,0.026,-0.434,,614071795712.0,259386000000.0,39225998848.0,0.09120594766783152,0.04454880068240476,0.020467915022108263,0.45648000334993116,0.21614547662702124,0.4594492940006887,-0.06688991546295975,-0.2605114854361147,-0.06294485451019818,-0.29299983580537464,-0.03858282819445813,-0.009912343569105243,-1.1788862143425415e-05,0.7003767172527701,69.43781094527363,1.0012799087245379,0.11116686579052171
FFIV,Technology,Software - Infrastructure,23026952192,21844000768.0,903073984.0,708214016.0,759182528.0,64.306,56419247,259860992.0,1442811008.0,6319492000.0,2629431040.0,1015414976.0,0.081520006,0.2034,0.22016001,0.81542,1.611,7.12,3224624896.0,0.11,0.04,,21844000768.0,3591999000.0,-1182950016.0,0.0413419681491196,0.03075587294813801,0.03296930143728506,0.1559910738533573,0.41608265980873144,1.0719676691628763,0.04631913174341684,0.3037590726003483,0.04134270423227269,0.2473214042205821,0.014300520151710905,0.12586629191783935,-0.00705752745550315,-1.3099148430346101,,3.907531361998341,0.16814275859475566
FDS,Financial Services,Financial Data & Stock Exchanges,8894586880,10160992256.0,932542016.0,565969984.0,621161344.0,56.804,35565543,1570642048.0,304236000.0,4304272000.0,1252941056.0,829592000.0,0.11079001,0.27032,0.30542,0.51382,0.683,0.7728400000000001,2438458880.0,0.064,-0.096,,10160992256.0,2186413000.0,1266406048.0,0.09177666831202828,0.0636308343080685,0.06983588472183207,0.24581388989704264,0.2910924439719423,1.0975164082199809,0.07984113351802002,0.08223751725614559,0.0733890973059084,0.07306693217373642,-0.0003977606513480003,0.06146227904040404,0.009726797032271832,1.3580150022966901,13.800191747745188,0.5281865470597665,0.2054689362790995
FICO,Technology,Software - Application,29471698944,32908898304.0,1163016960.0,759633984.0,730540992.0,-90.219,23190906,3656617984.0,219419008.0,1868133000.0,1898594944.0,907331968.0,0.36918,-0.43512484018641484,0.58187,0.84165,2.223,-2.094542041856266,2255802112.0,0.387,0.69,,32908898304.0,,3437198976.0,0.03534050119990307,0.025775032021174,0.02478788187230473,,1.016306089555722,0.961701302715809,0.1306838755794808,0.13670919412558202,0.12393982199719907,0.1469899503739235,0.0417285362264479,0.08746166795895416,0.0,2.9554160379570047,7.005334949531227,0.248134197219985,0.9188590249656989
FAST,Industrials,Industrial Distribution,55794503680,55931404288.0,1888499968.0,1299500032.0,903862528.0,3.475,1148035061,445500000.0,308600000.0,5052900000.0,3790200064.0,1412099968.0,0.21195999,0.33842,0.2033,0.44893003,4.392,11.167,8442800128.0,0.124,0.138,,55931404288.0,3943600000.0,136900000.0,0.03376457273047898,0.023290825194056102,0.016199848880885322,0.07068079720930677,0.7501039133962675,0.6955463684051683,0.05515402516123835,0.11047708391906275,0.05132706874422255,0.053383028947695366,-0.010557837469766018,0.07554278416347382,0.001235407698311101,0.07249139651560746,267.93548387096774,3.1696968978675644,0.38300325087035714
FRT,Real Estate,REIT - Retail,10577100800,15738999808.0,836086016.0,496808000.0,448925248.0,36.479,86389197,4934187008.0,120918000.0,9130460000.0,892563008.0,627928000.0,0.033210002,0.14783,0.34120998,0.67989,0.659,1.3843199999999998,1312808960.0,0.103,1.525,,15738999808.0,3248731000.0,4813269008.0,0.05312192808942183,0.04697014894667544,0.042443128461061845,0.30714758811790843,0.09775663088168614,0.9036192009790502,0.05982700870532742,0.49003024692570096,0.05836987908810636,0.3092836837810289,0.004567765656183331,0.07105223057971037,0.007001464521254702,5.756906485564279,3.3072750443865937,0.12726068123926282,0.06916863281288264
FDX,Industrials,Integrated Freight & Logistics,74683916288,105064996864.0,11877000192.0,4432999936.0,5534374912.0,131.315,238606756,42943000576.0,13310999552.0,87627000000.0,25876000768.0,8924999680.0,0.050300002,0.14846,0.11129,0.27318,1.475,1.3569399999999998,94720000000.0,0.125,-0.046,,105064996864.0,28074000000.0,29632001024.0,0.11304431110747594,0.05935682214233698,0.07410397294456354,0.3759042293890907,0.2952971203852694,1.2484491296866105,-0.020322071995889424,-0.00965078303809841,-0.021397994912131284,0.006677908937605396,0.00037177662329607175,0.007125863436275242,0.0,2.494906166959503,7.896070975918884,0.2078336297018799,0.08626897086518223
FDXF,Industrials,Integrated Freight & Logistics,22456537088,5251770368.0,1548000000.0,903000000.0,,95720.0,148906159,5350000128.0,102000000.0,6201000000.0,2576999936.0,1060000000.0,,0.24189659791052773,0.06027,0.29674998,0.841,1.43316370961693,8684000256.0,-0.047,,,5251770368.0,3733000000.0,5248000128.0,0.29475774672713184,0.04021100833407356,0.0,0.16623221939213356,0.41557812223834867,0.0,,,-0.06323296354992076,-0.04453681710213776,,0.22840729001584786,0.0,3.39018096124031,,0.19813083638116877,0.24636614535418583
FIS,Technology,Information Technology Services,21605548032,41999548416.0,3308000000.0,2671000064.0,2446874880.0,30.903,516879151,21145999360.0,755000000.0,33488000000.0,4151000064.0,2768999936.0,0.040700004,0.17225,0.16388,0.36285,0.588,1.32328,11440000000.0,0.301,30.406,,41999548416.0,13899000000.0,20390999360.0,0.07876275161901017,0.1236256567083593,0.11325215525086108,0.6433069866783373,0.12395485140946011,0.916089412718187,0.031797154725512033,0.4290740662437944,0.03139140131334407,0.07171578077664555,0.012572918364963548,-0.008761543926118873,0.004739336492890996,6.164147327690447,4.0076726342711,0.13094675209523887,0.0605674087816945
FITB,Financial Services,Banks - Regional,51804766208,68446769152.0,,2026000000.0,,35.243,906311548,23542999040.0,9082999808.0,214376000000.0,8999999488.0,2175000064.0,0.00852,0.07969,0.07955,0.0,,1.0837322334744983,8999999488.0,0.33,-0.789,,68446769152.0,21724000000.0,14459999232.0,0.0,0.039108370682833675,0.0,0.41934365484396785,0.04198230906444751,0.0,0.02874687207964821,-0.12822325147789237,0.02381490513293285,-0.18549307253463732,,0.006805149182583702,0.0,,,0.09238415463996892,
FSLR,Technology,Solar,24130801664,22291363840.0,2272688896.0,1665313024.0,1147664768.0,91.934,107453363,587123008.0,2426561024.0,13321310000.0,2262066944.0,2450221056.0,0.08447,0.18436001,0.33067,0.41743,2.557,5.943,5419047936.0,0.236,0.651,,22291363840.0,9537993000.0,-1839438016.0,0.1019537840893274,0.06901192290202399,0.04756015916836139,0.39526216877533077,0.16980814529501978,0.6891585854792426,0.258374947984624,,0.22619349414908732,0.7149320060362121,0.37957348218361664,0.09872264608419364,0.0023305842061072117,-0.8093663938066779,36.82318551585053,4.173266968955167,0.14683414281180945
FE,Utilities,Utilities - Regulated Electric,28071264256,57531265024.0,5169999872.0,1065000000.0,-1835124992.0,21.876,578431175,28060000256.0,52000000.0,55904000000.0,10494999552.0,3211000064.0,0.03758,0.094610006,0.20514,0.68425006,0.522,1.98922,15338000384.0,0.116,0.129,,57531265024.0,12510000000.0,28008000256.0,0.08986417854436643,0.03793915337362709,0.0,0.44565146357190133,0.18773253348597596,-1.7231220582159625,0.06594636102267804,,0.06305319997773283,-0.15801776531089293,0.021730680209616327,0.07416801168242257,0.0021484229839759993,5.417408307432933,2.510658914728682,0.11443335832876195,0.051172160448719216
FISV,Financial Services,,27905181696,,,,,49.158,533253986,,,80133000000.0,,,,0.0,,,,0.0,,,,,27905181696.0,25792000000.0,0.0,0.0,0.0,0.0,0.9242727849249981,0.15700148503113573,,0.06113528837230442,0.11051742262210151,0.059791791434651305,0.11719306869853754,0.04422293520157661,0.03831502021353789,0.0,,3.7851077726975833,,0.10303504436107605
FLEX,Technology,Electronic Components,50142240768,52216651776.0,2060000000.0,880000000.0,839875008.0,14.067,366389554,4464999936.0,2388999936.0,22060000000.0,2625999872.0,1684999936.0,0.046550002,0.17347,0.05684,0.094069995,1.359,0.868,27914000384.0,0.169,0.171,,52216651776.0,5144000000.0,2076000000.0,0.03945101667638568,0.01755007328195836,0.016749849929642457,0.10258815563908387,0.11903897878513146,0.9544034181818182,-0.006924549110727707,0.4947494260835692,-0.00871101947645521,0.30736842105263157,0.02263255496483739,0.20015233121157716,-0.03163307333348718,1.007766990291262,6.316279069767442,0.3773796103364603,0.13520509757068896
F,Consumer Cyclical,Auto Manufacturers,53235494912,190998495232.0,7577999872.0,-6104999936.0,-2247500032.0,9.399,3913840554,159511003136.0,21778999296.0,289160000000.0,13411000320.0,18919000064.0,0.0034,-0.14813,0.05743,0.07064,1.09,4.25544,189861003264.0,0.064,4.308,,190998495232.0,35952000000.0,137732003840.0,0.03967570457974151,0.0,0.0,0.6753388892022103,0.046379168349702585,,0.05815471849810683,,0.05459592049335675,0.5790818887301649,-0.09962258702472505,0.01389921317269527,0.061917662577504334,18.175244941466264,-7.874718679669917,0.11860623839140144,-0.06023411946978826
FTNT,Technology,Software - Infrastructure,114476310528,111748612096.0,2361400064.0,1954499968.0,1813049984.0,1.348,732648391,567200000.0,3294899968.0,10389200000.0,5709199872.0,2804400128.0,0.13586001,1.32392,0.31282,0.80304,1.153,0.5731,7109499904.0,0.201,0.286,,111748612096.0,1237500000.0,-2727699968.0,0.021131359215194455,0.017073401116661117,0.01583777443243633,0.010810096816470315,0.549532194201671,0.9276285565024885,0.15461947760091377,0.15371700451377657,0.13876214542477844,0.13599055697383952,0.0501589905470724,0.06412922125144678,-0.03129074315514994,-1.15511979930225,114.54228855721394,4.944287954866009,0.4299185838063938
FTV,Technology,Scientific & Technical Instruments,19099543552,22333843456.0,1190200064.0,556499968.0,953612480.0,19.905,304861021,3582099968.0,356100000.0,11737700000.0,2679099904.0,1076300032.0,0.032509997,0.06814,0.17926,0.63255,0.708,0.58806,4235399936.0,0.077,-0.124,,22333843456.0,6453400000.0,3225999968.0,0.05329132293529406,0.02913682028499191,0.0499285481563324,0.3378824201965934,0.2282474338243438,1.7135894606196995,-0.10624788606146962,-0.08412002179769884,-0.1075174086186567,-0.05804447351209941,0.05767884561271763,-0.3102003396783047,0.008183306055646482,2.710468656133428,5.997510373443983,0.30046621859102735,0.07614502007143535
FOXA,Communication Services,Entertainment,23715987456,27896123392.0,3548999936.0,1711000064.0,1406499968.0,26.068,199474449,7574000128.0,3600999936.0,23195000000.0,5968999936.0,2616000000.0,0.08713,0.152,0.21357,0.36843,2.896,0.67867,16200999936.0,-0.086,-0.493,,27896123392.0,11962000000.0,3973000192.0,0.12722197583259098,0.07214542793861731,0.05930598380562746,0.5043854919468549,0.2573399411942229,0.8220338488543738,0.052662023078771325,0.2381074622807049,0.0408673753950682,0.2290889717634523,,0.05566175131986164,-0.03245700872146932,1.1194703476038608,8.595533498759306,0.3453921251372865,0.17065720760666075
FOX,Communication Services,Entertainment,21230176256,25408620544.0,3548999936.0,1711000064.0,1406499968.0,26.068,220426203,7574000128.0,3600999936.0,23195000000.0,5968999936.0,2616000000.0,0.08713,0.152,0.21357,0.36843,2.896,0.67867,16200999936.0,-0.086,-0.493,,25408620544.0,11962000000.0,3973000192.0,0.13967700174254685,0.08059283368014634,0.0662500372601711,0.5634432731861725,0.2573399411942229,0.8220338488543738,0.052662023078771325,0.2381074622807049,0.0408673753950682,0.2290889717634523,,0.05566175131986164,-0.03245700872146932,1.1194703476038608,8.595533498759306,0.3453921251372865,0.17065720760666075
BEN,Financial Services,Asset Management,17724823552,21075224576.0,1786899968.0,677600000.0,-242137504.0,23.332,519637162,3430400000.0,2571500032.0,32368300000.0,3373100032.0,978700032.0,0.02604,0.06704,0.17238002,0.37355998,5.508,0.23471,9029699584.0,0.087,0.872,,21075224576.0,12077800000.0,858899968.0,0.08478675809864832,0.038228871391136766,0.0,0.6814059369655722,0.1042099842129491,-0.3573457851239669,0.019569502798386873,-0.2124710453209816,0.02534713274643878,-0.26686167619554135,-0.02419518485883765,-0.002963236766313974,-0.005051125738132253,0.4806648292468938,9.290832455216016,0.28530201492537316,0.028924887804109914
FCX,Basic Materials,Copper,87648026624,106318028800.0,9783000064.0,2724999936.0,1709874944.0,13.573,1437559865,10401000448.0,3736999936.0,58167000000.0,10208000000.0,6047000064.0,0.077659994,0.15630999,0.31072,0.38636002,2.386,0.33008000000000004,26421000192.0,0.088,1.531,,106318028800.0,18899000000.0,6664000512.0,0.09201637929539942,0.031090259997409157,0.019508424888276924,0.21562379357466366,0.1754946963054653,0.6274770584068007,0.04391666611007472,-0.1257226219527814,0.04950260295861038,0.01680672268907563,-0.056002443999995266,0.060512689614935826,-7.863297892996358e-05,0.6811816895026446,18.26829268292683,0.5813863862646764,0.1292667024622229
GRMN,Technology,Scientific & Technical Instruments,46289346560,43804508160.0,2166502912.0,1736195968.0,810156096.0,48.061,192856206,216112000.0,2700950016.0,10993669000.0,4414047232.0,1748558976.0,0.11903,0.19899,0.24617,0.59139,4.361,2.331,7463908864.0,0.142,0.215,,43804508160.0,8972564000.0,-2484838016.0,0.049458446242260014,0.03750746331555042,0.01750199897399459,0.19383648002828927,0.40150810725700403,0.46662710369800836,0.14235886942453901,0.35819959503378507,0.13921313395647067,0.23222486541033474,0.009947617812814835,0.14154386359126556,0.0,-1.1469349993654658,,8.090985118827275,0.20230292492730437
IT,Technology,Information Technology Services,9126882304,10815110144.0,1336962944.0,740636032.0,1064192896.0,0.934,66951889,3355174912.0,1666946048.0,8085400000.0,4466285056.0,1367891968.0,0.09377,0.94878,0.20499,0.68987,0.939,52.9341,6474137088.0,-0.015,0.173,,10815110144.0,319908000.0,1688228864.0,0.1236199101256236,0.08114885317140604,0.11659982681420146,0.03505118060521009,0.5523888806985431,1.4368635200292281,0.05866587905959064,0.05763575073138649,0.05672808615439509,0.0761120955574383,-0.006752733710567171,-0.052640693472542764,0.0,1.2627342227968288,8.727819152757489,0.40769617199617403,0.27244233435360554
GE,Industrials,Aerospace & Defense,394444079104,404860665856.0,11036999680.0,8563999744.0,5667999744.0,17.307,1043337235,21321000960.0,10581000192.0,130169000000.0,15048999936.0,8851000320.0,0.048520003,0.45428002,0.20207001,0.31149,1.008,1.16527,48312999936.0,0.247,-0.018,,404860665856.0,18677000000.0,10740000768.0,0.02726122987686242,0.021711568756345806,0.014369590125107601,0.04735018470153175,0.11561124335287204,0.6618402514515536,0.1631543559703441,0.11395514846114008,0.14358712863315531,0.10481387643734165,0.055415962044826794,0.0570813707974663,-0.2826493146374829,0.9730906115238739,12.862396204033216,0.4151306187080628,0.11890818967407993
GEHC,Healthcare,Medical Devices,29824980992,38370979840.0,3521999872.0,1908999936.0,1483624960.0,23.452,454891786,10577000448.0,2260999936.0,36906000000.0,8211999744.0,2027000064.0,0.05174,0.19462,0.11089,0.39144,1.222,0.97055,20978999296.0,0.074,-0.309,,38370979840.0,10379000000.0,8316000512.0,0.09178811400402331,0.06400674443051796,0.049744372356782224,0.34799686889269016,0.22251123784750448,0.7771739181451707,0.039896976391051275,-0.0584423324152028,0.03566696508504924,-0.06439440048691418,0.0084364112197709,0.11535555622714497,0.0034931625605016856,2.3611586638921946,7.290909090909091,0.19164224053552767,0.11539153267868062
GEV,Industrials,Specialty Industrial Machinery,299114921984,294240911360.0,3415000064.0,9374999552.0,9315624960.0,51.809,268719995,3755000064.0,9772000256.0,63016000000.0,7985999872.0,9013999616.0,0.02384,0.75708,0.05461,0.20282,0.893,0.24925,39374999552.0,0.163,18.165,,294240911360.0,11178000000.0,-6017000192.0,0.011606136101929725,0.031342466934837436,0.031143965998788596,0.03737025196154515,0.12672971740510347,0.9936667098840198,0.08682326316822997,,0.07929004532878084,0.8809384164222874,0.08132368675099291,0.2239681460619598,0.007417767401845135,-1.7619326732756395,14.173469387755102,2.4005324799909245,0.0630103429504627
GEN,Technology,Software - Infrastructure,16066911232,23924910080.0,2388999936.0,973000000.0,1422249984.0,4.366,602433854,8259999744.0,402000000.0,15589000000.0,3923000064.0,1544999936.0,0.086660005,0.39876997,0.63367003,0.7846,0.399,3.16354,5000000000.0,0.27,2.652,,23924910080.0,2611000000.0,7857999744.0,0.09985408212660668,0.06055924414781755,0.08852043578652169,0.16250789976356794,0.2516518098659311,1.4617163247687563,0.1465900735417971,0.2657656977294349,0.12918016446548716,0.10702389572773352,-0.03782990654205609,0.00606647305582446,-0.03079416531604538,3.289242341779619,3.6555360281195077,0.1870460028914984,0.161503222299868
GNRC,Industrials,Specialty Industrial Machinery,14873760768,16002305024.0,527512000.0,188967008.0,115297624.0,45.523,58868681,1393465984.0,265530000.0,5573679000.0,1649986944.0,499111008.0,0.03788,0.07388,0.11071999,0.38138,2.028,0.52086,4326390784.0,0.124,0.699,,16002305024.0,2632422000.0,1127935984.0,0.03296475096611682,0.012704722830190408,0.007751746568901114,0.1769842907291811,0.2960319286417463,0.6101468463743681,-0.026671490695003963,,-0.01857208341609436,0.34010106900504106,0.049486536635460765,0.09088234839355681,0.003593138615294894,2.1382186263061316,3.8156781758773355,0.3581795420418386,0.061894536282564916
GD,Industrials,Aerospace & Defense,101016494080,107042463744.0,6487000064.0,4341000192.0,5289500160.0,96.581,270430187,9831999488.0,3654000128.0,57249000000.0,8200999936.0,7411999744.0,0.06005,0.17974001,0.10541,0.15241,1.384,0.37701,53808001024.0,0.103,0.12,,107042463744.0,25622000000.0,6177999360.0,0.06060211842203242,0.04297318206828823,0.05236273747345638,0.25364174666078454,0.14325140938706352,1.2184980248902049,0.10069361914442676,0.04542790335010327,0.09865179037621259,0.024178566477193957,-0.016737690495660984,0.024498926270579813,-0.438886438005309,0.9523661629487538,13.694029850746269,0.7538649440580606,0.13608385039428472
GIS,Consumer Defensive,Packaged Foods,20051423232,23011266560.0,3449600000.0,-87600000.0,2308499968.0,10.354,533708396,0.0,399000000.0,33071100000.0,6215099904.0,2166200064.0,0.057350002,-0.01028,0.19194001,0.33733,0.682,2.17629,18424600576.0,0.022,-0.145,,23011266560.0,9199200000.0,-399000000.0,0.14990917562079642,0.0,0.11512898317940208,0.45878040144896187,0.18793145386757623,,0.00859240120451843,-0.05849837601132735,0.006346486329350204,-0.03827333064123671,0.00843385273449937,0.050880365047235615,1.7662337662337664e-05,-0.11566558441558442,6.165816326530612,,0.13420428495506428
GM,Consumer Cyclical,Auto Manufacturers,68526555136,174918549504.0,18289999872.0,2432999936.0,22466625536.0,69.467,901665195,128773996544.0,24418000896.0,281284000000.0,20571000832.0,23755999232.0,0.02688,0.040149998,0.0936,0.111420006,1.152,1.99048,184623005696.0,-0.009,-0.158,,174918549504.0,61119000000.0,104355995648.0,0.10456295186452909,0.035504483352058046,0.32785283736227533,0.8919024147456599,0.07313249538544674,9.234125000815455,0.05685834354915076,,0.057316151192945315,0.4451282051282051,-0.07118824536498226,0.0054439324995263815,-0.096,5.705631294604746,5.287482806052269,0.18447823217075474,0.020453118515286632
GPC,Consumer Cyclical,Auto Parts,18443419648,24475478016.0,2034494976.0,60088000.0,755362496.0,32.519,137624545,6713816064.0,500023008.0,20795540000.0,9266178048.0,995505024.0,0.04538,0.01342,0.05771,0.37515998,1.093,1.49454,24699011072.0,0.068,-0.021,,24475478016.0,4422991000.0,6213793056.0,0.08312380966247193,0.0032579641491005127,0.04095566388535281,0.23981404123609085,0.445584872910249,12.570937558247904,0.03220324726356383,-0.2799161803179321,0.030152585861404308,-0.2989775950759245,0.017633043999572995,0.07845553826602647,-0.008371774123909105,3.0542189237630244,1.3190586278179395,0.14827707737451654,0.019592771875668557
GILD,Healthcare,Drug Manufacturers - General,162980888576,175253880832.0,14737999872.0,9216000000.0,7934125056.0,18.933,1241569874,22173999104.0,9816999936.0,59023000000.0,23601000448.0,10805999616.0,0.13292,0.4336,0.39282,0.79367995,1.967,0.94635,29735999488.0,0.044,0.548,,175253880832.0,22702000000.0,12356999168.0,0.08409514130034007,0.05654650726549736,0.048681321628089046,0.13929240537557738,0.39986107869813464,0.8609076666666666,0.025736179862614117,0.042584000699299684,0.028850816658229198,0.07003321511006023,-0.004377898991996365,0.0004746164929231291,-0.00448237747076465,0.8384447873063464,10.56640625,0.48732750305066486,0.22918873120101674
GPN,Industrials,Specialty Business Services,21508726784,40116879360.0,3920230912.0,630185024.0,7124387840.0,87.025,273543507,23587248128.0,5861312000.0,53338484000.0,5968721920.0,1812647040.0,0.023670001,0.02935,0.12515001,0.67403,0.792,0.9559300000000001,8855241728.0,0.631,,,40116879360.0,22888767000.0,17725936128.0,0.09772023583441561,0.029299038958865042,0.33123243005251796,1.0641618739155956,0.1119027289939474,11.305231905987027,-0.0495682906305519,0.0778058677716198,-0.0434343999478947,0.08674932066072827,0.14673596000376388,0.13751746498286263,-0.04831474486162234,4.521656128403081,2.939709963780107,0.07684860184466534,0.04162366471643123
GL,Financial Services,Insurance - Life,14014103552,16835687424.0,1638151936.0,1177201024.0,1317225088.0,78.121,77644761,3260583936.0,438999008.0,30813692000.0,2048711936.0,1385442048.0,0.03312,0.20455,0.23746,0.33731997,0.663,0.53588,6073515008.0,0.054,0.126,,16835687424.0,5974579000.0,2821584928.0,0.09730234915532725,0.08400116494301184,0.0939928182428775,0.42632616334188195,0.06648706477626894,1.1189466039744118,0.046733910187802596,-0.03474957735150819,0.046924932261637145,-0.03861852299859638,,0.059757194385328664,-0.05143070818346811,1.7224195546169412,11.168282337612679,0.42490611350420393,
GDDY,Technology,Software - Infrastructure,11719596032,14255895552.0,1311699968.0,870099968.0,1347612544.0,1.789,132409847,3848100096.0,1311800064.0,8034900000.0,3203599872.0,1666200064.0,0.09392,3.98215,0.24681999,0.6377,0.671,16.216179999999998,5023699968.0,0.061,0.06,,14255895552.0,215100000.0,2536300032.0,0.09201105347716847,0.07424317063695869,0.11498796889588898,0.018353874946941517,0.39871060896837546,1.5488019693847408,0.06564722266304868,0.19657469711825604,0.06488077583843041,0.19114759647935003,-0.0010154303836467093,-0.02434611554994293,-0.04582601552319982,1.9335976929748617,7.754966887417218,0.4329929114193188,0.23236893280946144
GS,Financial Services,Capital Markets,301202571264,25163952128.0,,17064999936.0,,356.271,295007421,839667023872.0,1142199943168.0,1809320000000.0,50624000000.0,-39792001024.0,0.00944,0.14548,0.38599998,0.82271004,1.5,6.78596,61532999680.0,0.145,0.242,,25163952128.0,124972000000.0,-302532919296.0,0.0,0.05665622263577145,0.0,0.4149101366417743,0.027979572436053323,0.0,0.07158868405111818,,0.0779148451420059,-0.7619634880559332,,0.07956457506449989,0.0048472028080044525,,,-0.04739021527903416,
HAL,Energy,Oil & Gas Equipment & Services,27534708736,33657708544.0,4123000064.0,1540000000.0,2027000064.0,12.91,835397735,8080999936.0,2003000064.0,25010000000.0,3388000000.0,2822000128.0,0.07375,0.14626999,0.12569,0.15283,2.083,0.74651,22168999936.0,-0.003,1.335,,33657708544.0,10461000000.0,6077999872.0,0.12249794303762808,0.05592940948696295,0.07361617961659488,0.37992048872929834,0.1354658136745302,1.3162338077922078,0.030076157483628574,0.10745496208361094,0.025268251868435038,0.0900472653612424,-0.006175966308895664,-0.02255051393285653,-0.0013125802816901409,1.4741692402748408,6.03125,0.3492142247679384,0.10930903099577799
HIG,Financial Services,Insurance - Diversified,37788934144,38101934080.0,5520999936.0,4040999936.0,5603250176.0,67.497,274130820,4373000192.0,4393999872.0,85997000000.0,10990000128.0,5982000128.0,0.03884,0.22735001,0.15296,0.38172,1.792,0.23151,28790999040.0,0.061,0.414,,38101934080.0,18979000000.0,-20999680.0,0.14490077916800595,0.10693606547888349,0.14827753952117395,0.5022369757156387,0.12779515713338838,1.38659991703598,0.08703196529784973,0.1449464764948376,0.08229414044257197,0.15539137173856885,,0.06278037989544842,0.0,-0.003803600841048805,24.91959798994975,1.3679395987549958,
HAS,Consumer Cyclical,Leisure,11340478464,13884278784.0,1270200064.0,-222600000.0,547924992.0,4.579,141490692,3873200128.0,1355299968.0,5552000000.0,3064600064.0,1092800000.0,0.11936,-0.23316,0.27583998,0.63655,1.654,5.74488,4814400000.0,0.127,0.986,,13884278784.0,538500000.0,2517900160.0,0.0914847709240581,0.0,0.04831586195762119,0.04748476898126051,0.5519812795389049,,-0.07063068574893083,0.5178941301961593,-0.08801429673855651,0.3150208758131857,0.05642802418281434,-0.12433165623077773,0.0,1.9822862802186096,0.37576499388004897,0.28214395432344674,0.01668070308891847
HCA,Healthcare,Medical Care Facilities,91065237504,143171239936.0,15566000128.0,6793999872.0,5726000128.0,-28.324,221839800,49844998144.0,1064000000.0,60720000000.0,31786999808.0,12999000064.0,0.12344,-1.1272606391239424,0.14982,0.41612998,0.834,-8.270283415297827,76387999744.0,0.043,0.109,,143171239936.0,,48780998144.0,0.10872295396029447,0.07460585464021413,0.06287800136411535,,0.5235013143610013,0.8428025074887726,0.07868780037013456,0.23065107546526398,0.07624942889566845,0.2103770602844886,0.030210930885062992,0.02028128308100751,-0.10151275254878964,3.1338171490987667,5.3736654804270465,0.2607884551714991,0.27225602884832095
DOC,Real Estate,REIT - Healthcare Facilities,15091396608,25860907008.0,1543782016.0,221632992.0,1109761536.0,11.257,689419702,10712860672.0,1177075968.0,20336018000.0,1675554944.0,1233410944.0,0.01498,0.027999999,0.12307999,0.58329,2.039,1.1824299999999999,2872574976.0,0.071,3.639,,25860907008.0,7500094000.0,9535784704.0,0.05969558668311345,0.0146860491283167,0.07353603942869752,0.49697812567089883,0.08239346286967292,5.007203692850927,0.1104698360850378,,0.11483490972276696,,0.018654870739617246,0.019949739834303454,-0.006359546117533742,6.176898425535228,1.9315678063294208,0.11513366800557229,0.03181732973371112
HSIC,Healthcare,Medical Distribution,9845825536,15012825088.0,1048000000.0,395000000.0,290124992.0,28.543,113916757,3748999936.0,138000000.0,11215000000.0,4175000064.0,578000000.0,0.04355,0.08762,0.05849,0.31194,1.364,0.7774800000000001,13383999488.0,0.063,0.045,,15012825088.0,3245000000.0,3610999936.0,0.06980698128813102,0.04011852521210467,0.029466802041047256,0.3295813020589359,0.372269287917967,0.7344936506329114,0.013957826846691779,0.03201607141992047,0.015302008142713845,0.09933976637887253,0.00844456929230697,0.09757291055000979,-0.06753393177885955,3.4456106259541985,4.553333333333334,0.15417444915101752,0.08551396018530111
HSY,Consumer Defensive,Confectioners,36945891328,41750065152.0,2260761088.0,1094161024.0,1527240576.0,23.338,148229858,5681147904.0,876976000.0,13741297000.0,4201155072.0,2349490944.0,0.07837,0.23234,0.21343,0.35035,1.24,1.20011,11991323648.0,0.106,0.936,,41750065152.0,4636750000.0,4804171904.0,0.054149881677291234,0.029615228775676433,0.04133722373731332,0.1255010999419567,0.3057320624101204,1.3958097048794165,0.03917965670073964,-0.011035105885078833,0.034686986310994206,0.011141000327067779,-0.09628884542096205,0.06136128286230925,0.0,2.125024147620149,6.4011369803297065,0.4135591932654602,0.134118763945909
HPE,Technology,Communication Equipment,54596911104,70669910016.0,5631000064.0,1440000000.0,3836000000.0,19.113,1324203521,21304000512.0,5292000256.0,75906000000.0,13102999552.0,6358000128.0,0.01966,0.06315,0.087,0.33776,1.088,0.8403,38793998336.0,0.4,,,70669910016.0,24688000000.0,16012000256.0,0.07968030612639969,0.02637511849813239,0.07026038511030266,0.45218675380686973,0.17262139425078388,2.6638888888888888,0.06370170685761956,-0.24742181943922759,0.060274960263489934,-0.1521861777150917,-0.031018950912143517,0.06516797171002779,0.01621434532654942,2.843544676613948,14.051282051282051,0.2984416060457143,0.03206991397304099
HLT,Consumer Cyclical,Lodging,76972466176,89504464896.0,3003000064.0,1542000000.0,1684499968.0,-25.862,227648372,13057999872.0,564000000.0,16774000000.0,3980999936.0,2295000064.0,0.10859,-0.28619153674832964,0.5736,0.78505,0.608,-2.4235337550111358,5071000064.0,0.11,0.35,,89504464896.0,,12493999872.0,0.03355139955855102,0.020033137517955678,0.02188444844872629,,0.23733158077977823,1.092412430609598,0.11125593900582187,0.07177768411621499,0.1017218919495038,0.06883615176921984,-0.02553431466658851,0.015252390751724973,0.00321456445627851,4.160506029213325,4.341935483870968,0.17575433347346872,0.2194684493722485
HD,Consumer Cyclical,Home Improvement Retail,356868063232,418998059008.0,24945999872.0,14012000256.0,10128249856.0,13.916,997116682,63730999296.0,1600999936.0,105095000000.0,55187001344.0,18032001024.0,0.12519,1.2838,0.11926,0.33126998,1.045,4.59356,166592004096.0,0.048,-0.043,,418998059008.0,12813000000.0,62129999360.0,0.059537268337378386,0.03926381119425303,0.028380936540728284,0.035904025381139994,0.5251153845948904,0.7228268392061326,0.015185146415588768,0.032290999550243615,0.018090116338651267,0.012524609247941383,-0.0021497046001841547,0.09338424244946368,0.0008397138888888889,2.4905796391723802,8.712271973466004,0.28293924813966875,0.28916624238004157
HONA,Industrials,Aerospace & Defense,78331658240,,3892999936.0,2544000000.0,,,316939750,16149000192.0,989000000.0,17685000000.0,6169999872.0,3203000064.0,,0.30289320157161564,0.20152001,0.34894,1.611,1.9227289191570425,17681999872.0,0.068,,,93491658432.0,8399000000.0,15160000192.0,0.041640077856053066,0.03247729024458349,0.0,0.10722356948280533,0.34888322714164544,0.0,,,0.1162331953944124,0.1154434250764526,,0.04986642920747997,0.0,3.8941691346588296,3.880195599022005,0.19834045612227583,0.2857400072020166
HON,Industrials,Conglomerates,72825749504,99263750144.0,8526000128.0,3968000000.0,2936875008.0,42.894,316826559,37751001088.0,12389999616.0,73681000000.0,13905999872.0,5160999936.0,0.05953,0.24264,0.21,0.36925,1.385,2.57387,37660000256.0,0.024,-0.419,,99263750144.0,13904000000.0,25361001472.0,0.08589238383228014,0.05448622262077859,0.04032742578006273,0.19092148168329273,0.18873250732210475,0.7401398709677419,0.0182371617394117,0.06346989909521827,0.021718787775360154,0.06821564160971906,-0.0005589833225029817,-0.02014734826320549,-1.3358395989974938e-05,2.974548568057446,5.074404761904762,0.1367116046530628,0.13567549286808442
HRL,Consumer Defensive,Packaged Foods,13757105152,13433611264.0,1251180032.0,466879008.0,471169760.0,14.445,550284207,250000000.0,574262976.0,13393119000.0,1928423040.0,1007758016.0,0.045819998,0.05831,0.11057,0.15783,1.938,4.244,12218454016.0,-0.029,-0.051,,13433611264.0,7901171000.0,-324262976.0,0.09313802576325615,0.0339373002416955,0.03424919376526693,0.5743338378751385,0.14398610510367302,1.0091902868333715,-0.009525432287289193,-0.14537859147397825,-0.010265510129862529,-0.09218255687479726,-0.01747859356800066,-0.0030971968247368443,0.0027377697341078393,-0.25916572172405,9.501614598016351,4.031032064,0.061727194648362356
HST,Real Estate,REIT - Hotel & Motel,16199442432,20120930304.0,1668999936.0,1011000000.0,1190875008.0,9.968,684879281,5645000192.0,1703000064.0,13049000000.0,1790000000.0,1547000064.0,0.042140003,0.1487,0.19163,0.28978002,2.471,0.80482,6176999936.0,0.028,1.053,,20120930304.0,6558000000.0,3942000128.0,0.08294844774986404,0.06240955540561657,0.07351333312852629,0.4048287481207057,0.1371752624722201,1.1779179109792284,0.0760599281050931,-0.017103735433332767,0.07256540697674418,0.001930173147885325,-0.026266375986878976,7.664009809932556e-05,-0.01616363896438278,2.361893516573508,4.480851063829787,0.27404783195444044,0.09060402684563758
HWM,Industrials,Aerospace & Defense,108193071104,110606065664.0,2560999936.0,1743000064.0,1192749952.0,13.771,400107483,4848000000.0,2435000064.0,11179000000.0,3022000128.0,2084000000.0,0.11918,0.33818,0.28188,0.35046002,2.444,0.8779399999999999,8622999552.0,0.191,0.714,,110606065664.0,5353000000.0,2412999936.0,0.023154244937884566,0.016110089548382917,0.011024272994834166,0.049476366142287044,0.2703283055729493,0.6843086105589494,0.13371585224230054,0.38382750364445894,0.12230837948901196,0.32705234159779617,0.06626297241689877,0.06274360680673068,-0.009399361683814094,0.9422100727455855,13.185430463576159,0.4298679867986799,0.21162840136054423
HPQ,Technology,Computer Hardware,20055482368,27216482304.0,4712000000.0,2552999936.0,3450874880.0,-0.157,914522690,10864000000.0,3703000064.0,41769000000.0,11664000000.0,4593999872.0,0.058790002,-7.378612531791908,0.07114,0.20315,0.794,-31.398843930635838,57416998912.0,0.09,0.162,,27216482304.0,,7160999936.0,0.17313038280878343,0.12729686023775222,0.17206641140210743,,0.2792501616031028,1.3516940722712185,-0.04209584055759441,-0.08855519305487403,-0.04080857895530464,-0.07963270798701813,0.011092980297911947,0.04660602871532737,-0.018999157604615177,1.5197368285229202,5.807207207207207,0.4228644948453608,0.25761330029573976
HUBB,Industrials,Electrical Equipment & Parts,25739229184,27971629056.0,1466700032.0,904300032.0,541449984.0,71.319,52841777,2738700032.0,516900000.0,8228800000.0,2139699968.0,1079000064.0,0.10195,0.25822002,0.17749001,0.35685003,1.579,0.72468,5996100096.0,0.111,0.125,,27971629056.0,3847900000.0,2221800032.0,0.05243527393644556,0.03513314348054099,0.021035982862166507,0.14949554131915996,0.2600257592844643,0.5987503758044763,0.05708836650420146,0.24441808658920183,0.05406466947173292,0.19031003678402522,0.05574449691459993,0.20168815806767235,-0.009415387387821751,1.5148291971946994,18.458658346333852,0.3939825652289619,0.17606880849987352
HUM,Healthcare,Healthcare Plans,47634403328,40106401792.0,3361999872.0,1130000000.0,1431374976.0,154.754,120061500,14371000320.0,21965000704.0,48909000000.0,19215998976.0,1844000000.0,0.036429998,0.062800005,0.04671,0.14006,1.771,0.7707299999999999,137200001024.0,0.235,-0.046,,40106401792.0,17657000000.0,-7594000384.0,0.08382701318946582,0.02372235025636973,0.030049184538827274,0.37067746767851356,0.3928929026559529,1.2667035185840707,0.11767273447695548,-0.5227593913804323,0.1090462960268118,-0.4268900250190362,,0.05228167559543019,2.5714727257072445e-06,-2.258774739180002,3.464342313787639,0.12831396276804202,
HBAN,Financial Services,Banks - Regional,36204552192,42884550656.0,,2068999936.0,,14.629,2027130587,23893000192.0,20139999232.0,225106000000.0,8297999872.0,2492999936.0,0.00899,0.083859995,0.40698,0.0,,0.9815545227179361,8297999872.0,0.336,-0.265,,42884550656.0,24342000000.0,3753000960.0,0.0,0.057147507999206246,0.0,0.6723463908877948,0.03686263303510346,0.0,0.038776548989612136,-0.16561022175225404,0.03526053767009625,-0.21949599531158429,,0.10221808745042354,0.07825453777481745,,,0.10434017980022121,
HII,Industrials,Aerospace & Defense,11486274560,14201274368.0,1134000000.0,605000000.0,634124992.0,130.708,39404029,2931000064.0,216000000.0,12749000000.0,1599000064.0,1200999936.0,0.040999997,0.12198,0.065510005,0.12445,1.191,0.56946,12849000448.0,0.134,0.0,,14201274368.0,5073000000.0,2715000064.0,0.07985198867471102,0.05267156002929465,0.055207194350750395,0.4416575603778707,0.1254216067142521,1.0481404826446281,0.05353361774943943,0.18102154775842583,0.04771501007605799,0.057373737373737375,-0.007919466253634905,0.050078247261345854,0.0020871231494254175,2.394179950617284,8.4,0.40975773107318497,0.09089035449299258
IBM,Technology,Information Technology Services,272115580928,330215587840.0,16611000320.0,10732999680.0,13080750080.0,35.083,939885280,69802000384.0,11783000064.0,151880000000.0,40214999040.0,13991999488.0,0.05369,0.35772,0.13809,0.58358,0.796,2.1116900000000003,68910997504.0,0.095,0.142,,330215587840.0,32648000000.0,58019000320.0,0.05030350150535159,0.03944279722387481,0.048070566321085015,0.11997842934483949,0.26478140005267314,1.2187413090466057,0.03718179905928398,0.10617435101575201,0.03468590583309258,0.07867759537888992,0.041854231885109616,0.10719883360670676,0.005025618352598345,3.4928059239240326,6.337467700258398,0.20045270065365123,0.1083093391743654
IEX,Industrials,Specialty Industrial Machinery,16566050816,17877749760.0,951600000.0,507700000.0,525024992.0,54.506,74015052,1899299968.0,586200000.0,6927000000.0,1568600064.0,678400000.0,0.06757,0.12748,0.1989,0.44435,3.393,0.46915,3530099968.0,0.089,0.278,,17877749760.0,4027500000.0,1313099968.0,0.05322817540097395,0.030647014526216942,0.031692827568349284,0.24311768958900676,0.226447244694673,1.0341244672050423,0.028075999700655663,0.0801733711336221,0.02493381175988651,0.06136986301369863,-0.003381293736260449,0.02693727484322417,0.0,1.3798864733081126,10.822981366459627,0.35718423178533953,0.10973612947918635
IDXX,Healthcare,Diagnostics & Research,44000935936,44905857024.0,1545885952.0,1095233024.0,786844480.0,19.638,78882997,1105451008.0,200528000.0,3350759000.0,2758938880.0,1210091008.0,0.26463,0.72915,0.31783,0.62053,1.119,0.7104,4446094848.0,0.143,0.172,,44905857024.0,1605383000.0,904923008.0,0.03442504061716936,0.024891130170345294,0.01788244870846558,0.036485201186062334,0.8233772945174511,0.7184265473718952,0.08522326458275908,0.39532809418299686,0.07999444235894285,0.267250522979588,0.022743007798965764,0.017403064209703948,0.004942690752624356,0.5853750121923612,35.08290435498816,1.0946581976430745,0.619016823762628
ITW,Industrials,Specialty Industrial Machinery,78473052160,86795051008.0,4728000000.0,3134000128.0,2215749888.0,11.223,287700000,9148000256.0,827000000.0,16148000000.0,7157000192.0,3156999936.0,0.17045,0.96848,0.25672,0.44122002,1.188,2.8322000000000003,16220999680.0,0.046,0.118,,86795051008.0,3225000000.0,8321000256.0,0.054473151926187756,0.03993727836162197,0.028235806139950706,0.041096910483671444,0.4432127936586574,0.7070037643597696,0.0023378226519090717,0.11822097499966633,0.0007939857145089948,0.07844101787910321,0.03280258726113028,0.07174620030530297,0.0,1.7599408324873096,14.582191780821917,0.3451027380469719,0.38631827254581746
INCY,Healthcare,Biotechnology,23346542592,19370147840.0,1548935040.0,1431777024.0,558867008.0,28.121,199782155,39430000.0,4015824896.0,6957973000.0,2828779008.0,1516781952.0,0.13888,0.30823,0.25552,0.52766,3.682,0.701,5361019904.0,0.209,0.838,,19370147840.0,5167478000.0,-3976394896.0,0.07996506029765026,0.061327154475139166,0.02393789169414332,0.2213380409384773,0.4065521679949031,0.39033103523248047,0.14839595478338863,0.1422764750896166,0.14048392547616387,0.15124219092512717,-0.011396934164806916,0.278023783310392,0.025981451428690478,-2.567179896711485,686.5234761120264,38.467713720517374,0.3062537813696362
IR,Industrials,Specialty Industrial Machinery,31537833984,35262136320.0,2021799936.0,587000000.0,1035425024.0,26.004,391336834,4951199744.0,1291600000.0,18297200000.0,3363200000.0,1299000064.0,0.0512,0.057150003,0.17069,0.43222,2.227,0.48353,7781300224.0,0.076,0.065,,35262136320.0,10089800000.0,3659599744.0,0.05733628608466567,0.018612565476050166,0.032831202818979235,0.3199268537312623,0.18380954462977941,1.7639267870528108,0.08948380588960547,0.16800739745179705,0.08039077544502372,0.11886181027211791,0.04298283010113185,0.01595797843396373,0.002338589526517305,1.810070165122411,4.683733753446239,0.2623606663363085,0.07326765613736762
PODD,Healthcare,Medical Devices,11392653312,11926253568.0,602000000.0,302800000.0,253375008.0,18.806,69264674,1014000000.0,480400000.0,3190400000.0,2059800064.0,619299968.0,0.097449996,0.22997999,0.1603,0.71008,2.487,0.7784399999999999,2900800000.0,0.339,1.59,,11926253568.0,1515300000.0,533600000.0,0.05047687411369988,0.02657853194576347,0.02224021051646656,0.13300676835341937,0.6456243931795386,0.8367734742404227,0.27541480232743965,,0.2355610953341643,0.7902899153835483,0.09915635593623462,0.0332610033358163,0.00558662640057242,0.8863787375415283,6.715488215488215,0.6107494753451677,0.15890531012229614
INTC,Technology,Semiconductors,604879060992,630716104704.0,14174000128.0,-3174000128.0,-8301250048.0,22.177,5026000000,45030998016.0,32789000192.0,211429000000.0,20000000000.0,9980000256.0,0.0063099996,-0.02911,0.06879,0.372,2.312,0.36028,53762998272.0,0.072,,,630716104704.0,114281000000.0,12241997824.0,0.02247286857317837,0.0,0.0,0.1889319822256361,0.09459440284918341,,-0.05712887978236014,,-0.05685462918167321,0.1084456484930579,-0.07841684932368143,0.0760566964399318,0.1533487297921478,0.863693926446111,2.4271310724106323,0.2216251181564752,0.014723053143104963
IBKR,Financial Services,Capital Markets,154915979264,-35868876800.0,,1038000000.0,,12.537,445484364,32355999744.0,124586000384.0,203240000000.0,5994999808.0,16837999616.0,0.024249999,0.2356,0.76811,0.93017995,1.101,1.5219200000000002,6445000192.0,0.168,0.229,,,5363000000.0,-92230000640.0,,0.0067004062778513816,0.0,0.0346187657688988,0.02949714528636095,0.0,0.34597874218853675,0.5924065256034745,0.2489957800552083,0.48413738457318745,0.08326329156840284,0.3536518762238414,0.022662442547488424,,2.1308366911590424,0.5203980637044723,0.19559210669451516
ICE,Financial Services,Financial Data & Stock Exchanges,75207516160,95413510144.0,6624000000.0,3931000064.0,3743124992.0,52.081,565512495,20984999936.0,863000000.0,136887000000.0,10435000320.0,5022000128.0,0.0211,0.13853,0.57306,1.0,1.011,0.70986,10435000320.0,0.204,0.797,,95413510144.0,28915000000.0,20121999936.0,0.06942413071275677,0.05226871281903535,0.049770623776973305,0.3844695514007519,0.07623076201538495,0.9522068000658267,0.0946705327442019,0.08010834127843047,0.09895311788802913,0.09242763300368151,0.021700072512886748,-0.018224459936311214,0.002800320663293227,3.0377415362318843,6.412204234122043,0.23931380239771663,0.09757253036705767
IFF,Basic Materials,Specialty Chemicals,21402091520,27341090816.0,1879000064.0,826000000.0,3702625024.0,55.329,255303473,6467999744.0,562000000.0,25539000000.0,3920999936.0,980000000.0,0.02123,0.060510002,0.10106,0.36346,1.492,0.45701,10787999744.0,-0.036,,,27341090816.0,14154000000.0,5905999744.0,0.0687244000850328,0.038594358837691765,0.17300295256376888,0.661337233642481,0.15352989294804026,4.482596881355932,-0.043387980933718207,,-0.040135657658825305,0.15419926969222744,0.02793448959043815,-0.11085193050865161,-0.00018846646861670654,3.1431610126863734,-0.7991266375545851,0.15151515751204087,-0.008469869480699806
IP,Consumer Cyclical,Packaging & Containers,20539963392,29062963200.0,4007000064.0,-2638000128.0,1711250048.0,27.971,529516974,9758999552.0,1236000000.0,37964000000.0,7225999872.0,2596999936.0,0.01788,-0.16036,0.03718,0.29687,1.213,0.65904,24341000192.0,0.134,,,29062963200.0,14827000000.0,8522999552.0,0.13787307358941292,0.0,0.08331319853600642,0.7218610723412919,0.19033821177958066,,0.0375292471900297,,0.03767658453230372,-0.5809891266222378,0.011665431900723666,0.6650877192982456,0.39669782320077696,2.127027555745005,-5.112522686025408,0.26611333694218414,-0.09369698985531348
INTU,Technology,Software - Application,75318411264,75438415872.0,6409999872.0,4584000000.0,5232000000.0,75.215,273537000,6899999744.0,6780000256.0,36958000000.0,16906000384.0,7888000000.0,0.09465,0.22496,0.46974,0.80793,1.453,0.33448,20924999680.0,0.104,0.107,,75438415872.0,19710000000.0,119999488.0,0.08496996918487996,0.06086161302490216,0.06946508711742759,0.2616890036476487,0.45743818345148546,1.1413612565445026,0.1395336514824015,0.18452867080433455,0.13008841022343676,0.14855711527422638,-0.015282137695095788,0.150192954064484,-0.004063967345540697,0.01872066932858747,20.57085020242915,1.1431884482110497,0.19110124868361666
ISRG,Healthcare,Medical Instruments & Supplies,150876913664,146482315264.0,3885600000.0,2979099904.0,2254087424.0,49.307,354162842,0.0,4517300224.0,20458700000.0,7015099904.0,3360800000.0,0.102419995,0.17232999,0.30868,0.66292,4.61,0.0,10582099968.0,0.23,0.188,,146482315264.0,17824000000.0,-4517300224.0,0.02652606898653341,0.0197452335924262,0.0149399094219266,0.11813603265834101,0.34289079482078527,0.7566337137514136,0.17386716793068868,0.37485914017601996,0.16063293570211976,0.3744552476147206,-0.014399492862102181,0.09152652695377524,-0.004206393718452047,-1.1625746921968294,,,0.15962606692860046
IVZ,Financial Services,Asset Management,11973442560,16651041792.0,1327600000.0,-667000000.0,861862528.0,21.982,443296629,1966700032.0,806899968.0,27094000000.0,1906200064.0,1822499968.0,0.02683,-0.01535,0.191,0.28915,0.822,14.829,6592399872.0,0.141,0.35,,16651041792.0,12231000000.0,1159800064.0,0.07973074697571451,0.0,0.07198118032313006,1.0215107258175213,0.07035506252306784,,0.01776834885182499,0.41344681263303396,0.02206085239617669,0.26388195879962933,-0.05059647969968378,0.0031508132504470747,-5.1452040275569685e-05,0.873606556191624,-3.5987878787878786,0.9266791774781442,-0.011333358781539871
INVH,Real Estate,REIT - Residential,18136102912,26894403584.0,1492500992.0,581246976.0,1021075392.0,15.305,594041956,8858251264.0,137576992.0,18680290000.0,1589332992.0,1198760960.0,0.02469,0.061929997,0.24277,0.57181,1.497,0.97038,2779454976.0,0.092,-0.037,,26894403584.0,9530132000.0,8720674272.0,0.05549485369097077,0.03204916617535347,0.056300705667279356,0.5254784915062573,0.08508074510620553,1.7566979858145533,0.06837165898740327,0.057149141086135335,0.06628402645988671,0.047662182144768715,-0.025120089731020423,-0.0011048101243621247,-0.002965605214519482,5.842993953601339,2.66958370008519,0.13532704416183966,0.05152904079445221
IQV,Healthcare,Diagnostics & Research,34554974208,48796975104.0,3000999936.0,1384999936.0,2156750080.0,37.274,166900000,16216999936.0,2103000064.0,29944000000.0,5487000064.0,2704000000.0,0.051269997,0.22490999,0.13611001,0.32991,0.747,2.5542599999999998,16632000512.0,0.084,0.15,,48796975104.0,6503000000.0,14113999872.0,0.0614997124228301,0.040081058306197535,0.06241503949670666,0.18819287668559326,0.18324205396740584,1.5572203463264276,0.04214942539507627,0.08948392261043803,0.04006611137475658,0.11082609295269617,-0.015999771941193175,0.11320123424662627,0.0034856700232378003,4.703099024657893,3.1824417009602195,0.16673860829199427,0.10737758030176803
IRM,Real Estate,REIT - Specialty,34857992192,54664269824.0,2449746944.0,272304000.0,-499464512.0,-4.084,297524681,19716626432.0,250710000.0,21125019000.0,3986277888.0,1481250048.0,0.04557,-0.2775760009867412,0.20955999,0.55018,0.769,-20.098354478612283,7245357056.0,0.216,8.6,,54664269824.0,,19465916432.0,0.04481440897111287,0.007811809656165293,0.0,,0.18869937527630154,-1.8342165814677713,0.10584603013300264,,0.10262709383580443,-0.738019793814433,-0.017250503784504434,0.1286471766615742,0.007479778861075457,7.946092750386548,1.2494949566548763,0.07512695202237729,0.05715320772074369
JBHT,Industrials,Integrated Freight & Logistics,26953539584,28516915200.0,1608156032.0,622094976.0,829849984.0,38.117,94299203,1567938048.0,4563000.0,7927155000.0,2288591104.0,1627117952.0,0.069,0.16676001,0.06774,0.18861,1.258,0.43622,12134195200.0,0.046,0.274,,28516915200.0,3565085000.0,1563375048.0,0.05639305726869083,0.02308027018348582,0.030788163514249928,0.13226778579078663,0.2887027065826264,1.3339602729728524,-0.06783654566877806,0.5892149716033752,-0.0710394463062066,0.598164403389419,8.145609838519641e-05,-0.04633090599800055,0.0,0.9721538314013549,11.559157514028136,1.0377437769786169,0.14508432507561986
JBL,Technology,Electronic Components,35763830784,38350831616.0,2396999936.0,862000000.0,1211624960.0,12.564,104787089,3943000064.0,1360000000.0,18543000000.0,3099000064.0,1856999936.0,0.05011,0.65876,0.05211,0.092259996,0.981,2.9713600000000002,33589999616.0,0.118,0.276,,38350831616.0,1513000000.0,2583000064.0,0.0625019024359297,0.024102563430806776,0.03387850052523054,0.04230531145105644,0.16712506412123174,1.4055974013921113,-0.03802902514729234,0.6393889054772124,-0.0531178812123123,0.38334417696811973,0.010167193085451859,0.06869921042014869,0.006190396826301661,1.0775970517172346,7.068027210884353,0.47096117318247144,0.2151584178919031
JKHY,Technology,Information Technology Services,10435228672,10551241728.0,715414016.0,519152992.0,373407744.0,29.979,71050780,136587008.0,20573000.0,3043970000.0,1108333056.0,786398016.0,0.13664,0.24892001,0.24369,0.44057,1.744,6.398,2515687936.0,0.087,0.125,,10551241728.0,2130832000.0,116014008.0,0.06780377461180652,0.04975003503210246,0.03578337914165069,0.2041960044169888,0.3641077461341603,0.7192633958661651,0.06927595521734675,0.09417616407316265,0.06665815858179902,0.14664966732129817,0.00801959823655729,0.04085818988052923,0.0016394057661555644,0.1621634541753233,57.144472121095994,5.757487681405247,0.23781091194991122
J,Industrials,Engineering & Construction,15101363200,18279168000.0,1025032000.0,409808992.0,512446368.0,27.86,118080879,4558086144.0,1371911936.0,11252535000.0,3085465088.0,572318016.0,0.04355,0.09380999,-0.00936,0.2342,1.434,1.38776,13174574080.0,0.27,,,18279168000.0,3640807000.0,3186174208.0,0.0560765128916152,0.02713721844661017,0.033933782083990935,0.24109128108381633,0.27420177657745565,1.2504517421618704,0.07134040631933236,0.20510915631640092,0.06692730917800518,0.12877601175899922,-0.015587933358675199,-0.043070821043106965,-0.04162632474828015,3.108365600293454,4.727858259939089,0.1255610354695394,0.0872306696992876
JNJ,Healthcare,Drug Manufacturers - General,633194348544,666130382848.0,34325000192.0,21040001024.0,12511375360.0,33.735,2407216971,54987001856.0,22051000320.0,199210000000.0,65559998464.0,22869999616.0,0.08424,0.26416,0.27408,0.68035007,1.025,0.6773,96361996288.0,0.099,-0.529,,666130382848.0,81544000000.0,32936001536.0,0.05152895150232534,0.03322834619794139,0.019759139336554894,0.12878194536559986,0.32909993707143215,0.5946470889297234,0.05599284954178807,0.039680905732483396,0.053160157742206955,0.03685629363378724,-0.013724392924292061,0.10608315195664728,0.0,0.9595339068250398,34.55406797116375,0.4159164683299513,0.23125913264040143
JCI,Industrials,Building Products & Equipment,85879865344,94729871360.0,4320000000.0,2048999936.0,2870374912.0,22.156,610115603,9523000320.0,698000000.0,37939000000.0,8933000192.0,1738000000.0,0.05446,0.13449,0.14017999,0.36561,1.036,0.70317,24433000448.0,0.082,0.389,,94729871360.0,12927000000.0,8825000320.0,0.04560335549895125,0.023858909510308793,0.033423141739946136,0.15052422297379797,0.2354569227444055,1.4008662770402351,0.04567632285300438,-0.13730732421000336,0.04244157469055811,-0.12211390456644433,0.02057182582846201,-0.11139477690596089,-0.07407629812031566,2.042824148148148,9.674008810572687,0.18250550683589603,0.08133935847099785
JPM,Financial Services,Banks - Diversified,896216137728,655120203776.0,,57512001536.0,,128.379,2679511418,1321104965632.0,1582246002688.0,4424900000000.0,173559005184.0,-107704000512.0,0.01272,0.16465001,0.43741,0.0,,3.645050920797488,173559005184.0,0.127,0.172,,655120203776.0,362438000000.0,-261141037056.0,0.0,0.06417202180915736,0.0,0.40440914277533274,0.03922326045424755,0.0,0.12497052294076494,,0.11158155418674533,,,0.10544731781191931,0.0,,,-0.08152569501582016,
KVUE,Consumer Defensive,Household & Personal Products,38073774080,45800771584.0,3470000128.0,1622000000.0,1858000000.0,5.525,1920008668,8801999872.0,1075000064.0,27076000000.0,8961000448.0,2257999872.0,0.07072,0.15701,0.21617001,0.58599,0.983,0.82975,15292000256.0,0.045,0.469,,45800771584.0,10765000000.0,7726999808.0,0.07576291857083488,0.04260150298186567,0.04879999540092874,0.2827405546237879,0.3309573219087014,1.1454993834771887,0.0038646439492577844,-0.07132255956198219,0.003496629655749266,-0.13397419681254744,0.027147089080325038,0.0576149369165267,0.005987415850740356,2.226801015264977,5.648837209302326,0.2565325954142436,0.1149496001135772
KDP,Consumer Defensive,Beverages - Non-Alcoholic,45306630144,81638629376.0,4441999872.0,1832000000.0,-16345499648.0,18.568,1360559471,28891000832.0,898000000.0,55459000000.0,9112000512.0,2063000064.0,0.036140002,0.06312,0.19014,0.53777003,2.307,0.85985,16944000000.0,0.094,-0.477,,81638629376.0,25516000000.0,27993000832.0,0.0544105150460286,0.040435582919702395,0.0,0.5631846800104401,0.16430156533655493,-8.922215965065503,0.05705594810720571,-0.15405846126264522,0.05376078914919852,-0.1352526991081208,0.02106006387096304,0.03797492045667228,0.001473603709227444,6.301891408969405,4.563660477453581,0.07140632046623313,0.07295045474782166
KEY,Financial Services,Banks - Regional,24847067136,42829877248.0,,1802000000.0,,16.083,1079368644,17652000768.0,2280999936.0,184381000000.0,7200999936.0,2286000128.0,0.01031,0.09977,0.35779998,0.0,,0.8661008178205191,7200999936.0,0.118,0.333,,42829877248.0,20381000000.0,15371000832.0,0.0,0.0725236499799668,0.0,0.8202577748289142,0.039054999896952505,0.0,0.012139724073507496,-0.21606511923691396,-0.01672417943985234,-0.36416208511504783,,-0.014890365874508463,0.0,,,0.12950374056997097,
KEYS,Technology,Scientific & Technical Instruments,53637214208,53988220928.0,1430000000.0,1073000000.0,1085750016.0,37.076,170895368,2763000064.0,2412000000.0,11301000000.0,3783000064.0,1488999936.0,0.06039,0.18174,0.18812001,0.62139,1.903,0.43642000000000003,6088000000.0,0.315,0.356,,53988220928.0,5881000000.0,351000064.0,0.0264872591728311,0.02000476750785394,0.020242475900958706,0.10964402396429544,0.3347491429077073,1.011882587138863,-0.0027752224099102385,0.10131149999874056,-0.011677182408889725,0.060059783858358244,-0.01569415601132762,0.21922537490559932,0.005333121069808167,0.2454545902097902,12.270833333333334,0.5389069495150037,0.12464289493175325
KMB,Consumer Defensive,Household & Personal Products,38080196608,44762198016.0,3351000064.0,1720999936.0,1054625024.0,5.411,331940357,7105999872.0,542000000.0,17098000000.0,6150000128.0,3195000064.0,0.10163999,1.11727,0.19649,0.37147,0.766,3.71264,16556000256.0,0.027,0.179,,44762198016.0,1502000000.0,6563999872.0,0.07486227693292014,0.045194092712180146,0.027694841884782738,0.039443073665340674,0.35969119943853084,0.6127978287153173,-0.06583329792377168,-0.0407708900132383,-0.06532243209159311,-0.04175298804780876,0.0518736787287678,0.033361537531729726,0.0,1.9588181875964297,9.015625,0.4496200565087767,0.23142484708713526
KIM,Real Estate,REIT - Retail,17075548160,25372278784.0,1311730048.0,583385984.0,838712128.0,15.405,674389792,8308660224.0,168648000.0,19688250000.0,1490604032.0,1139187968.0,0.0232,0.058579996,0.34428,0.68961,0.486,0.7878799999999999,2161508096.0,0.04,0.294,,25372278784.0,10391836000.0,8140012224.0,0.05169933923425078,0.03416499303762322,0.049117727884408956,0.6085799356264999,0.07571033646972179,1.4376624584796334,0.07396715816335053,,0.07756860045779163,,-0.0021910511338579797,-0.030608034625091138,-0.007947794681109557,6.20555444042096,2.494975711395656,0.1371085033311864,0.04247271174244832
KMI,Energy,Oil & Gas Midstream,71327916032,104717910016.0,7437000192.0,3297999872.0,1646875008.0,14.079,2224825757,32205000704.0,76000000.0,72748000000.0,8664999936.0,6246000128.0,0.04319,0.10597,0.29909,0.49446,0.522,0.9884000000000001,17524000768.0,0.138,0.36,,104717910016.0,31162000000.0,32129000704.0,0.07101937186163942,0.04623715447568118,0.023088786265130175,0.4368836457526633,0.11910980282619453,0.49935569190949924,-0.040941527613036044,-0.04755321900193199,-0.04219855492631927,-0.07551613624506223,0.12460951184290808,0.018779671460781158,0.0014088529402461198,4.320155960001352,,0.19394503932503315,0.06903808493847367
KKR,Financial Services,Asset Management,87500308480,147590414336.0,,2802589952.0,,31.428,897872941,55780061184.0,45299539968.0,410144072000.0,14082447360.0,-325296000.0,0.014630001,0.076630004,0.11012,0.55542,0.857,0.69029,25354442752.0,-0.066,,,147590414336.0,30902561000.0,10480521216.0,0.0,0.03202948653193137,0.0,0.3531708806153914,0.03433536730478455,0.0,0.5112422937117458,,0.3177362633722296,0.7295457602264873,-0.18064327028208252,0.13897457055268553,0.003624806772649062,,3.3109884225312225,-0.005831761261913212,0.028903691711081383
KLAC,Technology,Semiconductor Equipment & Materials,307693125632,308880539648.0,5850215936.0,4670560768.0,2890187008.0,4.461,1306275210,6145359872.0,4957938176.0,16067926000.0,8047422976.0,4401639936.0,0.21282,0.94975996,0.41215,0.61446,3.026,1.054,13096660992.0,0.115,0.118,,308880539648.0,4692453000.0,1187421696.0,0.01894005994248424,0.015179282144853557,0.009393082806330404,0.015250431709716385,0.5008376921825505,0.6188094217298064,0.09685534331651668,0.07577850433682665,0.07821249597013635,0.05835015516369344,-0.0009229059661811645,0.041102620094409806,0.0018777904072346597,0.20297057561466395,16.370518191987188,0.71625421906618,0.4128325754408794
KHC,Consumer Defensive,Packaged Foods,30083180544,47251177472.0,5761999872.0,-5760000000.0,3212250112.0,35.348,1185777638,21133000704.0,4091000064.0,81786000000.0,8489999872.0,4748000256.0,0.03467,-0.12576,0.20738001,0.33973998,1.195,0.50258,24989999104.0,0.008,0.136,,47251177472.0,41664000000.0,17042000640.0,0.12194404838724777,0.0,0.10677893939112344,1.3849599426184929,0.10380749605066882,,-0.019809627469887126,0.3308918259214173,-0.020875155177889196,0.22795391622756095,0.026468718735754626,-0.07363484997791295,0.0021176866028708133,2.9576537692779734,-4.74973600844773,0.2246723180727151,-0.06160968660968661
KR,Consumer Defensive,Grocery Stores,35668324352,67750719488.0,8080000000.0,1046000000.0,2994500096.0,9.252,612647282,24192000000.0,2872999936.0,49953000000.0,35642998784.0,6936000000.0,0.05771,0.13779001,0.03224,0.23979001,0.791,3.73449,148645003264.0,0.022,0.132,,67750719488.0,5927000000.0,21319000064.0,0.11926072610094021,0.029325739826669164,0.08395404467134975,0.16616984699107853,0.7135306945328609,2.8628107992351817,-0.0013868956327633963,0.3451223737416764,-0.0032131547797700746,0.2097514941805599,0.018667012232512742,-0.05061198114641934,0.00020859407592824363,2.638490106930693,2.8779342723004695,0.2867063492063492,0.057748469147432875
LHX,Industrials,Aerospace & Defense,56274116608,73854001152.0,2146000000.0,1332999936.0,,102.781,186294951,7926000128.0,1001000000.0,41195000000.0,3910000128.0,1655000064.0,,0.0678889705118411,0.097270004,0.30414,,0.34574,12856000512.0,1.9,-0.061,,73854001152.0,19635000000.0,6925000128.0,0.029057328872179666,0.023687620816610012,0.0,0.3489170720666393,0.09491443447020269,0.0,0.08619178709998354,0.12058625823381863,0.08191186253467385,0.1350822799904603,-0.03150990497174677,-0.019190019285255114,-0.015547403165093295,3.226933890027959,4.236180904522613,0.20880646445530818,0.07445023403691602
LH,Healthcare,Diagnostics & Research,23532361728,29862559744.0,2252999936.0,941500032.0,1142537472.0,106.058,82000000,7294400000.0,981100032.0,18392700000.0,4078299904.0,1813500032.0,0.05314,0.11047,0.10945,0.28834,1.726,0.83407,14144199680.0,0.058,0.329,,29862559744.0,8619800000.0,6313299968.0,0.07544564013648139,0.040008735327221975,0.04855175545940001,0.36629557626354703,0.221734704746992,1.213528872190203,0.05552020379451106,-0.07557003056834755,0.055785400334601,-0.06294390337260239,-0.025021278430193472,0.0007454159638718102,-0.014388489208633094,2.8021749433374152,5.941990182954038,0.2486153805659136,0.0855278370115356
LRCX,Technology,Semiconductor Equipment & Materials,439463149568,438446686208.0,7847764992.0,6708201984.0,4352341504.0,8.464,1250571000,3734479104.0,4750936064.0,21345260000.0,10836277248.0,6954616832.0,0.22778,0.66762,0.35042998,0.49979,2.536,0.35281999999999997,21681844224.0,0.238,0.408,,438446686208.0,9861619000.0,-1016456960.0,0.01789901768872534,0.015264538086058594,0.009903768969658612,0.022440150009606367,0.5076666785974966,0.6488089527388924,0.02285830538778799,0.28466022703325766,0.0064857778334930375,0.1931174277116664,0.030105374448284705,0.1387340483148115,0.0014606996588764944,-0.12952183978956744,34.43450446962172,1.8622722576090762,0.4152670040641315
LVS,Consumer Cyclical,Resorts & Casinos,31137329152,43996766208.0,4830000128.0,1842000000.0,1622625024.0,1.807,662637325,15781000192.0,3329999872.0,21920000000.0,11004999680.0,3228000000.0,0.099029996,0.90455,0.25439,0.80095,0.921,9.81405,13740000256.0,0.253,0.73,,43996766208.0,1590000000.0,12451000320.0,0.10978079855154795,0.059157289663737435,0.05211188846927085,0.05106410997032711,0.5020529051094891,0.8809039218241043,0.4685532350721122,,0.2850426579374694,0.5594474025039574,0.09642752402949761,0.06067937675408884,0.006729634024012668,2.5778467888272485,3.9664879356568363,0.20454977255728052,0.16719403322409312
LDOS,Technology,Information Technology Services,13690489856,20228489216.0,2404000000.0,1412999936.0,1194749952.0,39.854,125785466,6944000000.0,457000000.0,13493000000.0,3103000064.0,1992999936.0,0.09232,0.30579,0.12227,0.17906,1.397,1.37125,17329000448.0,0.037,-0.076,,20228489216.0,4916000000.0,6487000000.0,0.11884229090616037,0.10321032708561104,0.08726860503653844,0.3590813807035189,0.22997110086711628,0.8455414056013092,0.06057944749313893,0.23484995391535723,0.06004711795193969,0.21809002944888514,0.035684753599729585,0.03712528823981553,-0.03646767164187457,2.6984193011647255,10.403940886699507,0.2870103594470046,0.19801237577348585
LEN,Consumer Cyclical,Residential Construction,21249359872,25785954304.0,2285495040.0,1598947968.0,1077926016.0,89.751,210506003,6245007872.0,1853501952.0,34430437000.0,5356951040.0,882990976.0,0.03943,0.07368,0.052750003,0.16363001,8.508,0.28692,32737234944.0,-0.052,-0.315,,25785954304.0,21959417000.0,4391505920.0,0.0886333316601537,0.07524687697095819,0.05072745826194834,1.033415459678653,0.15558765751361214,0.6741470251519779,0.005081632765289168,-0.7936693239469426,0.008015131696402635,-0.4697893491860227,-0.11482087983058238,-0.16659115734668165,0.005394147942238771,1.9214681472246817,,0.141391491267603,0.08432187636054292
LII,Industrials,Building Products & Equipment,19837026304,21741725696.0,1153799936.0,793400000.0,187137504.0,34.872,34799968,1954899968.0,50200000.0,4081800000.0,1745200000.0,809500032.0,0.16740999,0.76791,0.14316,0.33193,1.572,1.61043,5257800192.0,0.058,-0.077,,21741725696.0,1163100000.0,1904699968.0,0.053068461636063866,0.0399959140972665,0.009433747837611377,0.058632780043522396,0.4275564701847224,0.2358677892614066,0.032615465451786285,0.46975736014164404,0.03538288967183709,0.3052796356909065,0.06164269455678362,0.12756906077348065,0.0,1.650806096075221,22.482758620689655,0.4140877002664108,0.3609688581314879
LLY,Healthcare,Drug Manufacturers - General,1082493829120,1120581844992.0,36215001088.0,25276999680.0,9156599808.0,34.917,891741406,43370000384.0,5281999872.0,112476000000.0,59845001216.0,20480000000.0,0.20739001,1.07459,0.49386,0.82832,1.497,1.3901499999999998,72248999936.0,0.555,1.699,,1120581844992.0,26535000000.0,38088000512.0,0.03231803303779078,0.023350710184231373,0.008458800929557026,0.024512841815986425,0.5320690744336569,0.3622502640313362,0.31687374880620434,0.09038703757109423,0.27956184198501455,0.21674687199230028,0.06272331721091462,0.42890173410404625,-0.003273541702051792,1.0517188835490778,38.04253138611325,0.4722158132042686,0.3844241922120961
LIN,Basic Materials,Specialty Chemicals,252737536000,276759412736.0,13589999616.0,7081999872.0,4694499840.0,83.368,462347310,26317000704.0,3959000064.0,86817000000.0,16899999744.0,10428999680.0,0.07237,0.18229,0.28471002,0.48766,0.828,0.65642,34654998528.0,0.082,0.134,,276759412736.0,38245000000.0,22358000640.0,0.0491040195585451,0.028021163710324374,0.01857460476310096,0.15132299145307804,0.19466233276892775,0.6628777075470695,0.006176060609136114,-0.03658229821538084,0.0060566478240959695,-0.04519411986430456,0.0713118167735986,0.08322207942904912,0.0,1.6451803731971497,20.174568965517242,0.3962837481862006,0.1307055390329382
LYV,Communication Services,Entertainment,43421880320,46500384768.0,1493752064.0,-410320992.0,2120347904.0,-0.604,232712799,10583402496.0,9077847040.0,22912533000.0,6625440768.0,2412900096.0,0.02179,0.14927,-0.09927,0.25868,0.885,7.38269,25612318720.0,0.122,,,46500384768.0,271007000.0,1505555456.0,0.032123434493125956,0.0,0.04883132394023419,0.006241254363072226,0.28916230117377245,,0.14744538940043328,-0.4095761051289539,0.11845214771212659,-0.36172003793285284,-0.0043272790114488036,0.1666989242860462,0.0052127990402797975,1.00790184146651,4.260820863643986,0.22798907033082758,0.11331167282062303
LMT,Industrials,Aerospace & Defense,125866975232,144669982720.0,7994999808.0,4792999936.0,3987124992.0,32.561,230563608,20696999936.0,1894000000.0,59840000000.0,7440000000.0,7368000000.0,0.07226,0.6764,0.110039994,0.09906,1.135,2.76365,75106000896.0,0.003,-0.115,,144669982720.0,6721000000.0,18802999936.0,0.05526370887507354,0.038079884951278654,0.031677292511803574,0.05339764451804571,0.12433155080213903,0.8318641863633023,0.043838941337237536,0.04051911024828336,0.04386116733298527,0.0225769669327252,-0.024069359593048303,0.07593002139633566,-0.02127659574468085,2.3518449515389905,6.29695885509839,0.3559936233649124,0.19285029448020818
L,Financial Services,Insurance - Property & Casualty,23976189952,27290189824.0,3182000128.0,1634000000.0,2084000000.0,90.898,205768873,8933999616.0,6506999808.0,86348000000.0,6672999936.0,2615000064.0,0.019,0.09217,0.11833,0.36041,0.503,0.45603,18514999296.0,0.014,-0.063,,27290189824.0,18686000000.0,2426999808.0,0.11659868064390053,0.06815094488620775,0.08691956495890878,0.7793565215077589,0.07728030685134572,1.2753977968176256,0.08961731661273986,0.0057443817476718895,0.08559016317946672,-0.02516411378555799,,0.053756879782287686,-0.041452181990543645,0.7627277531020892,6.224256292906179,0.29270205690593126,
LOW,Consumer Cyclical,Home Improvement Retail,127627501568,169330851840.0,12597000192.0,6623000064.0,4816124928.0,-16.524,561000000,42555998208.0,786000000.0,54144000000.0,29442000896.0,9834999808.0,0.12792,-0.6678431041645659,0.11067,0.33293,1.093,-4.2912169212463445,88433999872.0,0.103,-0.007,,169330851840.0,,41769998208.0,0.07439282360607771,0.05189320469829351,0.03773579259039218,,0.5437721796690307,0.7271817728310986,-0.038458186348783285,0.0421346483675451,-0.03964051658762408,0.059324730422485414,0.0024145810793167466,0.2561830077490604,0.0016990303571428572,3.3158686648688747,6.72822527832351,0.23110725214174724,0.2962428995703699
LULU,Consumer Cyclical,Apparel Retail,13448190976,14069469184.0,2565969920.0,1459659008.0,1133960960.0,42.173,108437957,2136007936.0,1514728960.0,8456743000.0,6239823872.0,1935870976.0,0.16045,0.32027,0.11205,0.55695,2.226,0.44264000000000003,11203543040.0,0.043,-0.35,,14069469184.0,4961840000.0,621278976.0,0.1823785877379125,0.10853943185406471,0.0843207061844747,0.3689596622218581,0.7378518978287504,0.7768670311251216,0.11034694078962404,0.41141145031074133,0.10091285955066755,0.15373586663810754,0.012114800876311338,0.11224756329232127,-0.03946176299045824,0.24212247039902945,,0.9063032694650063,0.3365123123913965
LITE,Technology,Communication Equipment,56663298048,52361945088.0,508800000.0,439000000.0,93350000.0,41.47,77800000,3313700096.0,3172300032.0,4218700000.0,1016200000.0,452400000.0,0.028900001,0.22834998,0.21771,0.40837002,1.137,1.11445,2488399872.0,0.901,,,52361945088.0,1134700000.0,141400064.0,0.009716980512181237,0.0077475193842073764,0.0016474508758901106,0.02002530807576335,0.24087989190983003,0.21264236902050113,-0.013334398405285608,,-0.03766926802183904,-0.994343180389692,-0.18089499355217026,0.07294183473638699,0.027982326951399118,0.2779089308176101,-6.752252252252252,0.13652412315347925,-0.03918032358399331
LYB,Basic Materials,Specialty Chemicals,17223794688,29045794816.0,2220999936.0,-681000000.0,987000000.0,31.106,322784773,14357000192.0,2660000000.0,34003000000.0,2737999872.0,2572000000.0,0.017439999,-0.060089998,0.03474,0.09227,1.538,1.4124,29673000960.0,-0.063,-0.295,,29045794816.0,10082000000.0,11697000192.0,0.07646545567334768,0.0,0.05730444526766528,0.5853530062701128,0.08052230309090375,,-0.15766098558982566,-0.5505329635739951,-0.16516486350740495,-0.5184326269492203,-0.04543515549636813,-0.04876070049795781,0.0,5.26654683883791,-0.4681724845995893,0.17914605875906922,-0.008179665638229174
MTB,Financial Services,Banks - Regional,34982797312,40210796544.0,,2772000000.0,,173.831,146445060,19451000832.0,16657000448.0,213510000000.0,9310000128.0,3380000000.0,0.013789999,0.102910005,0.38896,0.0,,0.6666552706583954,9310000128.0,0.057,0.244,,40210796544.0,29177000000.0,2794000384.0,0.0,0.0792389463677661,0.0,0.8340385058341672,0.04360451561051005,0.0,0.06326236932550966,-0.13111990543634156,0.05171748359706677,-0.13335202972726634,,0.025972465822541504,0.0,,,0.1737699786861024,
MPC,Energy,Oil & Gas Refining & Marketing,77757325312,116606320640.0,10257999872.0,4627999744.0,3518749952.0,57.177,291936635,34325999616.0,2151000064.0,83955000000.0,14599000064.0,9438000128.0,0.051459998,0.27458,0.03556,0.10739,1.176,1.46523,135946002432.0,0.088,,,116606320640.0,17314000000.0,32174999552.0,0.08797121644605903,0.05951850485379,0.04525297054497532,0.2226671240365825,0.1738907755821571,0.7603176634920747,-0.09232974945771899,-0.3007211254712685,-0.09626930255526076,-0.3627701189737502,-0.05179811194900173,0.06463516700905425,-0.000399920523138833,3.136576326133922,5.968130311614731,0.2749519382853098,0.13110443860167711
MAR,Consumer Cyclical,Lodging,98342674432,115294674944.0,4735000064.0,2584000000.0,1796875008.0,-15.459,263688623,17405999104.0,454000000.0,27540000000.0,5678000128.0,3423000064.0,0.09765001,-0.6852293821267569,0.59006,0.79037005,0.46,-4.615751552373376,7184000000.0,0.126,0.017,,115294674944.0,,16951999104.0,0.04106867959252972,0.026275470083811193,0.018271569472543343,,0.20617284415395787,0.6953850650154799,0.0802476100443279,0.0869241072402176,0.07361650586810341,0.043266353142368534,-0.01999990153719955,0.05186769536322664,-0.03906051327040267,3.5801475976495363,5.195302843016069,0.19665633920510628,0.21956953296416257
MRSH,Financial Services,Insurance Brokers,86019588096,107096588288.0,7632000000.0,3924999936.0,4965374976.0,30.215,481794501,22450999296.0,1611000064.0,58710000000.0,12067000320.0,5225999872.0,0.07271,0.27571,0.24339001,0.43853,1.112,1.5163399999999998,27516999680.0,0.076,-0.154,,107096588288.0,15100000000.0,20839999232.0,0.07126277430496965,0.0456291412558219,0.05772377066556652,0.17554141253441047,0.20553568932038835,1.2650637087806567,0.09200031494213934,0.18636959902578942,0.08643237262237209,0.1557633973710819,0.005245023346187094,0.03946459871461199,0.0,2.7306078658280923,6.769791666666666,0.2327735974287387,0.17261620185922974
MLM,Basic Materials,Building Materials,35992711168,41409712128.0,2110000000.0,965000000.0,841750016.0,188.106,60045900,5688000000.0,273000000.0,18711000000.0,1888999936.0,1794000000.0,0.04775,0.0947,0.12702,0.29748,2.279,0.5035000000000001,6350000128.0,0.172,12.208,,41409712128.0,10032000000.0,5415000000.0,0.050954230096501484,0.02681098390992984,0.023386679932807443,0.27872309905120846,0.1009566530917642,0.8722798093264249,-0.0005954960264881182,0.24319815658049349,-0.003727333781061115,0.1526439878747053,0.07618547300551723,0.029774353329664282,-0.013364171821238155,2.566350710900474,6.3304347826086955,0.3154008438818565,0.08172429277054333
MRVL,Technology,Semiconductors,214764421120,216013291520.0,2712000000.0,2526700032.0,2269700096.0,20.804,875553173,5277199872.0,3843599872.0,22285300000.0,4489600000.0,2056400000.0,0.03808,0.16028,0.14479999,0.51502997,3.278,0.2897,8717100032.0,0.276,-0.804,,216013291520.0,14308400000.0,1433600000.0,0.012554782999308654,0.011764984250292565,0.010568324511869688,0.06662369830804124,0.20146015534904174,0.8982863289091849,0.11449587642355707,0.09111858496749736,0.11161596269279851,0.10920731331951655,0.0054980636921803105,0.10298695835086243,-0.02163980715935335,0.5286135693215339,16.03751233958539,0.38967635296721237,0.17042927279593806
MAS,Industrials,Building Products & Equipment,16697558016,19880558592.0,1448000000.0,837000000.0,738499968.0,-1.2,201734437,3302000128.0,388000000.0,5201000000.0,2740000000.0,1100999936.0,0.15679,84.57143,0.16528,0.35682,1.751,122.29629999999999,7679000064.0,0.065,0.2,,19880558592.0,,2914000128.0,0.07283497560187668,0.05012709039237753,0.04422802228280037,,0.5268217650451836,0.8823177634408602,-0.04492168924034623,0.12024339837745224,-0.04361207353996941,0.05473447597639786,0.041713753097283646,0.036881977671451356,-0.038588235294117645,2.0124310276243094,12.237623762376238,0.33343424994561355,0.340683572216097
MA,Financial Services,Credit Services,476596305920,487340310528.0,21376999424.0,15569999872.0,16148124672.0,7.576,877036230,18959998976.0,8218999808.0,54157000000.0,33938999296.0,18267000832.0,0.25032,2.32076,0.60836,1.0,0.981,2.82059,33938999296.0,0.158,0.212,,487340310528.0,7737000000.0,10740999168.0,0.0438646238823123,0.0326691576887999,0.03388218597462351,0.016233864811572227,0.6266779787654412,1.03713068752426,0.1382198495222513,0.17623427286242377,0.12828530006556288,0.1701582073751691,0.015549860922188463,0.12637008381689233,0.0011611351389676687,0.5024558851763385,26.73130193905817,0.9634494630048656,0.6147475712693103
MKC,Consumer Defensive,Packaged Foods,14370115584,19550115840.0,1451500032.0,1618400000.0,714025024.0,26.02,254055150,4933499904.0,331200000.0,13200400000.0,2869600000.0,1231500032.0,0.05136,0.24728,0.17422001,0.38853002,0.781,0.65143,7385800192.0,0.167,-0.142,,19550115840.0,5736500000.0,4602299904.0,0.0742450860076336,0.11262261535334912,0.04968818934170655,0.3991965107355952,0.2173873518984273,0.44119193277310925,0.02507523864563521,0.23875755449959213,0.02304123536782219,0.10563211286041523,0.020799212392920874,0.009953864869207288,0.0014925373134328358,3.170719808843931,5.653414882772681,0.24961995661569186,0.1094079816930027
MCD,Consumer Cyclical,Restaurants,199389265920,253114253312.0,14869000192.0,8677999616.0,5952249856.0,-1.81,710505859,54895001600.0,1170000000.0,59515000000.0,15740000256.0,10535000064.0,0.13561,-4.848044478212291,0.44252998,0.57348996,1.136,-30.667598659217877,27445999616.0,0.094,0.069,,253114253312.0,,53725001600.0,0.05874422320133747,0.04352290267963488,0.02985240869680614,,0.2644711460304125,0.6859011430497856,0.050637859467043134,0.0940177544032661,0.045462249462958945,0.06783203638960941,0.004365505696632188,0.07852198180566126,0.0,3.613222200972583,7.88811630847029,0.1919118272509532,0.22625738840337964
MCK,Healthcare,Medical Distribution,92058230784,100665442304.0,6883999744.0,4761999872.0,5657625088.0,-18.1,117077745,8785999872.0,3975000064.0,82323000000.0,14526999552.0,6154999808.0,0.04992,-2.192449296500921,0.022090001,0.03601,0.854,-4.04511964640884,403430014976.0,0.06,0.372,,100665442304.0,,4810999808.0,0.06838493515193605,0.05172812720215399,0.06145702605641768,,0.17646343733828943,1.1880775388647469,0.13391523079521161,0.055475954846180286,0.12765915781931145,0.08536895674300254,-0.008594577156709853,0.09559488953952622,0.0035842293906810036,0.6988669359253248,26.105263157894736,0.7005463120498439,0.42127270351496143
MDT,Healthcare,Medical Devices,106486964224,127024955392.0,10103000064.0,4800999936.0,4625375232.0,38.638,1280045190,29148999680.0,9219999744.0,93028000000.0,23748999168.0,7329999872.0,0.04917,0.098409995,0.22045,0.65309,2.126,0.58214,36364001280.0,0.099,0.183,,127024955392.0,49463000000.0,19928999936.0,0.07953555293778347,0.04508533012454826,0.04343606999886221,0.46449816989760745,0.2552887213312121,0.963419140524646,0.05207603643755454,0.058127749151591246,0.04969286549006682,0.04949242312785052,-0.006563361929066813,0.014703315881326352,-0.0013708460334999235,1.972582382436378,9.581818181818182,0.2514666009972662,0.08419564950227357
MRK,Healthcare,Drug Manufacturers - General,319990464512,363458461696.0,29517000704.0,8935000064.0,14049250304.0,18.576,2469824415,49116999680.0,5702000128.0,136866000000.0,50460999680.0,17890000896.0,0.12578,0.18944,0.38604,0.76725996,1.299,1.06936,65768001536.0,0.049,,,363458461696.0,52606000000.0,43414999552.0,0.08121148305714311,0.027922707251999777,0.04390521550517371,0.1643986488166969,0.36868908041441995,1.5723839063645697,0.03122213027882159,-0.05630542280676165,0.03417371679600285,0.014083158398703643,0.04170483916967105,0.16873601694191587,0.0,1.470847258072417,16.524686809137805,0.36423236379571955,0.20659854983001502
META,Communication Services,Internet Content & Information,1479647035392,1485235945472.0,109308002304.0,70586998784.0,25558249472.0,96.013,2196045588,86769000448.0,81180000256.0,366021000000.0,176141991936.0,124000002048.0,0.16395001,0.32930002,0.40617,0.81941,2.348,0.35607999999999995,214962995200.0,0.331,0.624,,1485235945472.0,217243000000.0,5589000192.0,0.0735963889355388,0.04770529531409464,0.017273206961299997,0.14682082605088737,0.481234661224356,0.362081543517803,0.19893831442939258,0.33708391235753266,0.18326099147781608,0.2212672284117453,0.036521453133801285,0.3259036275511313,-0.0019133389649935491,0.05113075048665012,74.76137339055794,1.4290818311582631,0.268664497123556
MET,Financial Services,Insurance - Life,57947918336,80280920064.0,5943000064.0,3433999872.0,-17429749760.0,42.296,643436779,49491001344.0,27634999296.0,745166000000.0,18429999104.0,15516999680.0,0.00453,0.13014,0.09919,0.23754999,2.086,1.7801900000000002,77583998976.0,0.027,0.359,,80280920064.0,28398000000.0,21856002048.0,0.07402755298845898,0.059260107534641775,0.0,0.490060744466084,0.02473274291097554,-5.0756407716022185,0.039213237633995535,,0.0383199112148203,,,0.09994582682000482,0.0011879076093095958,3.677604208755398,5.3930254476908575,0.3135317382678334,
MTD,Healthcare,Diagnostics & Research,26440230912,28608294912.0,1217576960.0,875059968.0,615044352.0,-2.073,20207601,2228637952.0,60574000.0,3712646000.0,2420582912.0,901116992.0,0.20573999,-37.02233745134541,0.23291999,0.59186,1.202,-94.28997935352852,4089782016.0,0.072,0.067,,28608294912.0,,2168063952.0,0.04256027714148307,0.03309577631573749,0.023261686104294185,,0.6519832249021318,0.702859660470721,0.008991856613079108,0.04775050536745962,0.010357602318684869,0.04063001570600153,0.004913008898896343,0.14587874872800888,0.0,1.780638122455931,16.309187769101655,0.4043352986927865,0.44438682378018957
MGM,Consumer Cyclical,Resorts & Casinos,12050592768,42137800704.0,2273850880.0,187731008.0,528360256.0,9.511,255851235,31693570048.0,2504945920.0,41373786000.0,7823121920.0,2550087936.0,0.01844,0.13488,0.06856,0.4416,1.335,9.51186,17715318784.0,0.042,-0.059,,42137800704.0,2429917000.0,29188624128.0,0.05396225816275577,0.015578570416761096,0.043845167301897824,0.20164294377722017,0.1890840233958768,2.814453838121404,0.10136235579297104,0.13783709626282703,0.08932042132317794,0.06344496005322794,-0.04900815700951716,-0.0203127622812164,-0.12246673569604297,12.836648341688967,1.670049780212962,0.08046073484741179,0.01848362297931901
MCHP,Technology,Semiconductors,45881589760,51283488768.0,1219100032.0,118800000.0,1139912448.0,11.866,542079281,5642200064.0,240300000.0,14370100000.0,2721100032.0,962099968.0,0.02226,0.03405,0.17068,0.57735,2.092,0.87715,4713099776.0,0.351,,,51283488768.0,6432400000.0,5401900064.0,0.023771784277685434,0.0025892738377511705,0.024844658913579894,0.14019566526894467,0.1893584618061113,9.595222626262625,-0.1764745300112236,-0.3474665604692184,-0.22883459452592128,-0.46723444587367136,-0.09786239457581825,-0.06533503310655236,0.000738848234164018,4.431055633013059,2.2697307335190344,0.1705185844328118,0.03694328159712252
MU,Technology,Semiconductors,1101790838784,1082144784384.0,68222001152.0,50468999168.0,7639499776.0,64.237,1129393151,6376000000.0,26022000640.0,82798000000.0,65510998016.0,51432001536.0,0.3487,0.66638,0.80370003,0.72569,3.425,6.33,90273996800.0,3.457,13.685,,1082144784384.0,54165000000.0,-19646000640.0,0.06304332113085467,0.04580633400773281,0.006933711469621033,0.04916087345560036,0.7912147396797025,0.15137014606867505,0.06713489726936261,-0.18786951546609,0.10821513599970585,0.06896551724137931,-0.05394206498406323,0.1927797625907572,0.010503065094453949,-0.287971626575836,21.238993710691823,8.066499613550816,0.14200213052253868
MSFT,Technology,Software - Infrastructure,2900729528320,2947933536256.0,184457003008.0,125215997952.0,37011251200.0,55.777,7428434704,125431996416.0,78227996672.0,619003000000.0,217409994752.0,170141007872.0,0.14814,0.34013999,0.46326,0.68309,1.283,0.30271000000000003,318272995328.0,0.183,0.234,,2947933536256.0,343479000000.0,47203999744.0,0.06257162881706899,0.04316707115555192,0.012759290667625812,0.11841124677312845,0.3512260760480967,0.29557925349273506,0.12423114652863054,0.03202605420584792,0.12104999727863859,0.05028671209666082,0.004220679018760887,0.20860546349502013,2.6628504491861013e-06,0.25590787540851856,52.835220125786165,1.3564402443832662,0.26374205971305087
MAA,Real Estate,REIT - Residential,16967055360,22307258368.0,1239638016.0,385695008.0,909082496.0,47.619,116384802,5680351232.0,71529000.0,11975383000.0,1294867968.0,1031201024.0,0.03188,0.06711,0.26567,0.58497,0.076,0.9982500000000001,2213555968.0,0.008,-0.315,,22307258368.0,5683253000.0,5608822232.0,0.05557106102192612,0.0227319944337118,0.05357927328646377,0.33495812204387126,0.10812747851154322,2.356998346216604,0.030305400060254506,-0.019789006491844785,0.028491744446940675,-0.020070095471250667,-0.03526463813655789,0.013800280028502327,-4.572076992852562e-05,4.5245645580459515,3.4781033915047743,0.18153825034458715,0.06055369240100466
MRNA,Healthcare,Biotechnology,31647674368,27740672000.0,-2299000064.0,-3193999872.0,-20000000.0,18.66,396786259,1298000000.0,5205000192.0,12338000000.0,-1555000064.0,-1466000000.0,-0.13093,-0.36556998,-1.3110499,-0.69888,2.409,17.522,2224999936.0,2.602,,,27740672000.0,8650000000.0,-3907000192.0,0.0,0.0,0.0,0.2733218213577898,-0.12603339795752957,,-0.5330301860051326,,-0.7078243902439024,-0.5558062740781508,-0.16467250587481308,-0.1275632866638382,0.02072538860103627,,-275.8,-1.1294298921417565,-0.26644768621389237
TAP,Consumer Defensive,Beverages - Brewers,7460792832,13786093568.0,2444699904.0,-2109299968.0,774062528.0,53.545,175215417,6485300224.0,469500000.0,22738400000.0,4320900096.0,1877600000.0,0.04492,-0.18080999,0.124239996,0.38622,0.535,0.62567,11187800064.0,0.02,0.356,,13786093568.0,10230300000.0,6015800224.0,0.1773308654798766,0.0,0.10375070658442323,1.3712081584843556,0.1900265672166907,,0.013516144991544188,0.08301260238062524,0.011018598256842347,0.04484084268799016,0.04211322988372884,-0.12760365710953298,0.002140839674082955,2.460752018747574,-9.157321500605082,0.28951628068838037,-0.1302588996763754
MDLZ,Consumer Defensive,Confectioners,78187110400,98339110912.0,5216000000.0,2608999936.0,2847500032.0,20.06,1283649766,21621999616.0,1524000000.0,71487000000.0,11308000256.0,3888999936.0,0.03426,0.101610005,0.093059994,0.28771,0.542,0.8379300000000001,39303999488.0,0.082,0.413,,98339110912.0,25838000000.0,20097999616.0,0.05304095137353442,0.033368670649836424,0.03641904678958439,0.3304636770410689,0.15818261020884916,1.0914143740323956,0.06956578215167708,0.02522974770936437,0.0604898589374693,0.01856009579404281,-0.07540344224109058,0.04365154678307079,0.0,3.8531440981595093,6.031719532554257,0.17986310263007269,0.07280897970699071
MPWR,Technology,Semiconductors,63287304192,61940158464.0,857198976.0,679657024.0,491719136.0,74.852,49130000,19968000.0,1367108992.0,4194199000.0,1631576064.0,832067968.0,0.121300004,0.19574,0.29986998,0.55175,4.787,0.543,2957090048.0,0.261,0.395,,61940158464.0,3531497000.0,-1347140992.0,0.01383914728759064,0.010739231709697534,0.007769633140135507,0.055801033794806644,0.38900778527675967,0.7234812834068496,0.1586149467868072,0.5227866597850186,0.15674202252257952,0.2859695580014826,-0.03264121563982714,0.19294975684206994,0.01852665035652301,-1.5715615973857626,,41.670070512820516,0.19050133940453365
MNST,Consumer Defensive,Beverages - Non-Alcoholic,95453593600,92563070976.0,2822268928.0,2031923968.0,1684340480.0,8.924,978008110,94469000.0,2984993024.0,9988945000.0,4877581824.0,2195563008.0,0.17725,0.26654,0.31019,0.55471003,3.257,1.082,8793075712.0,0.269,0.289,,92563070976.0,8254108000.0,-2890524024.0,0.03049022572654018,0.021287034792161035,0.01764564765427543,0.08647246990604658,0.4882979958343949,0.8289387332036235,0.09536818669323455,0.4215559171240728,0.08622386199883036,0.27506761549166436,0.055459174295310776,0.29405749823586697,0.005839324034096609,-1.024184476299489,,23.24109504705247,0.2832580801330966
MCO,Financial Services,Financial Data & Stock Exchanges,85680537600,91722539008.0,3814000128.0,2495000064.0,2266125056.0,17.14,174676438,7402999808.0,1510000000.0,15830000000.0,5859999744.0,3083000064.0,0.14818,0.71361,0.45743,0.74432,1.157,2.35539,7872999936.0,0.081,0.078,,91722539008.0,4054000000.0,5892999808.0,0.0415819292536957,0.029119799360362558,0.02644853918376908,0.04731529602353942,0.3701831802905875,0.9082665322128024,0.12173969738374057,0.2930693688856634,0.12099274532264223,0.2347496020570589,0.039352851891653384,0.020960980328926154,0.0,1.545096908816884,12.138790035587188,0.41645280885572594,0.26546812981554985
MS,Financial Services,Capital Markets,337428545536,264483536896.0,,17503000576.0,,66.178,1577284817,579511975936.0,663304994816.0,1420270000000.0,63944998912.0,-1011000000.0,0.0127,0.16388,0.40616,0.87388,1.961,5.02246,73173999616.0,0.163,0.319,,264483536896.0,111632000000.0,-83793018880.0,0.0,0.051871724569706325,0.0,0.3308315241162371,0.045023128638920766,0.0,0.09524171431647233,,0.09662484852804903,0.005263309767710287,,0.16887819724114886,0.0,,,-0.0017445713669110654,
MOS,Basic Materials,Agricultural Inputs,6716099584,12350599168.0,1993100032.0,45000000.0,-289787488.0,37.137,317846644,5762500096.0,281800000.0,24480100000.0,1654099968.0,886099968.0,0.02,0.0059399996,0.00791,0.13307999,1.246,0.4819,12429500416.0,0.144,,,12350599168.0,12084900000.0,5480700096.0,0.1613767886795369,0.006700317563367446,0.0,1.7993926160342055,0.06756916711941537,-6.439721955555555,-0.1426545439066701,,-0.16995133624422956,-0.9942413397890206,-0.143151120182991,0.06788082359099634,0.0012076564690373934,2.7498369414506136,6.022360248447205,0.15377005696105414,0.07095568684656028
MSI,Technology,Communication Equipment,70159695872,78881693696.0,3494000128.0,2090000000.0,1815124992.0,15.307,165995582,9589000192.0,886000000.0,19389000000.0,6112999936.0,2777999872.0,0.11216,0.99289,0.19823,0.51508,1.071,3.74132,11868000256.0,0.074,-0.138,,78881693696.0,2410000000.0,8703000192.0,0.04429418239250074,0.029789182721273698,0.025871334951501655,0.03435020591304766,0.3152818575480943,0.8684808574162679,0.08634515122371456,0.1795978960376441,0.08222366491139484,0.1665674603174603,0.052493488177108916,0.32846865364850975,-0.0071174377224199285,2.4908414061740984,8.811111111111112,0.2897069367375397,0.23829915107805574
MSCI,Financial Services,Financial Data & Stock Exchanges,43862736896,50097508352.0,1898999040.0,1319704960.0,1206103936.0,-38.053,72727592,6572800000.0,381700000.0,5702459000.0,2684092928.0,1593545984.0,0.20547001,-0.49715015030852805,0.53701997,0.82856005,0.864,-2.4760598823148268,3239459072.0,0.141,0.491,,50097508352.0,,6191100000.0,0.03790605765574343,0.030087154915322864,0.027497233901744716,,0.47069043863357896,0.9139193778585177,0.11707823751600754,0.1257099113843947,0.11087525613838276,0.12365789130348914,0.004233515098793883,0.04719913307265034,0.0017898139880894114,3.2601912215816604,8.119267803458019,0.24244553067185978,0.44003531344425895
NDAQ,Financial Services,Financial Data & Stock Exchanges,47878684672,56869683200.0,3216000000.0,1912000000.0,1559624960.0,21.307,565540798,9516999680.0,531000000.0,31053000000.0,5418999808.0,2280999936.0,0.055549998,0.162,0.48401,1.0,0.996,0.7905800000000001,5418999808.0,0.137,0.338,,56869683200.0,12227000000.0,8985999680.0,0.05655034139525504,0.03993426329688124,0.0325745155842196,0.2553746011145224,0.17450809287347438,0.8157034309623431,0.09890131082105791,0.08574521208033947,0.10652547223812249,0.08800821958021429,0.04661222259781117,0.02164829741733838,-0.007179682238162215,2.7941541293532337,7.059322033898305,0.23967636993763144,0.10821929672613892
NTAP,Technology,Software - Infrastructure,30204973056,29353975808.0,1884000000.0,1276000000.0,1295250048.0,6.893,195919927,2732999936.0,3584000000.0,10744000000.0,4898999808.0,2067000064.0,0.09824,1.06734,0.27259,0.70744,1.436,2.02295,6925000192.0,0.125,0.234,,29353975808.0,1351000000.0,-851000064.0,0.06418210644864479,0.042244699163753494,0.04288201302476275,0.04472773398920923,0.4559754102755026,1.0150862445141067,0.028668334111952687,0.29130805092928047,0.030512496650974087,0.20060660124888494,0.04585241568564247,-0.0072992700729927005,-0.024875621890547265,-0.4516985477707006,16.119266055045873,0.7563117864632105,0.26134166294808864
NFLX,Communication Services,Entertainment,326968508416,331577229312.0,14288497664.0,13373640704.0,25993676800.0,7.389,4210798528,16742200320.0,12288449536.0,55596993000.0,22989572096.0,12650278912.0,0.15402001,0.48494998,0.32303002,0.49029,1.407,0.5378799999999999,46889992192.0,0.162,0.864,,331577229312.0,26615488000.0,4453750784.0,0.04309251782351777,0.04090192284507351,0.07949902247750541,0.08140076892707135,0.4135038759380386,1.9436500034149564,0.12639718371360664,0.8013844914210326,0.12300495157098029,0.3774783132098985,0.09115870564072703,0.0366698729343189,0.009565922454901215,0.3117018239938035,17.384273222495526,0.7555923755665588,0.30256058227280164
NEM,Basic Materials,Gold,103595319296,100520321024.0,16339000320.0,8456000000.0,9804874752.0,32.55,1067552764,5532000256.0,8778999808.0,57121000000.0,16816000000.0,12088000512.0,0.14887,0.25832,0.61379004,0.67356,2.443,15.762,24966000640.0,0.458,0.786,,100520321024.0,33867000000.0,-3246999552.0,0.16254425128724906,0.08162530949722649,0.09464592433934979,0.32691631465735216,0.2943926051714781,1.1595168817407757,0.23911830284606483,0.8854361425713237,0.24052367927717508,0.7511445046304386,0.25836384212158164,0.013700331860370193,-0.03349334115625234,-0.19872694096379087,50.52838427947598,2.1851048359749026,0.22507732109163764
NWSA,Communication Services,Entertainment,14485846016,16032982016.0,1252000000.0,447000000.0,1744000000.0,15.601,362370055,2928999936.0,2176999936.0,15504000000.0,5031000064.0,997000000.0,0.04113,0.06524,0.10114,0.5717,1.702,0.31559000000000004,8800000000.0,0.088,-0.104,,16032982016.0,8774000000.0,752000000.0,0.07808902914944803,0.030857707551652604,0.12039338248340524,0.6056946891682325,0.3244969081527348,3.901565995525727,-0.06634951064998074,-0.12590896795592,-0.0633486225463662,-0.12387312186978297,,-0.07072644449772236,-0.005494554440010749,0.6006389776357828,11.24705882352941,0.34038921877258793,0.07413151364764269
NWS,Communication Services,Entertainment,16405329920,17965469696.0,1252000000.0,447000000.0,1744000000.0,15.601,181392937,2928999936.0,2176999936.0,15504000000.0,5031000064.0,997000000.0,0.04113,0.06524,0.10114,0.5717,1.702,0.31559000000000004,8800000000.0,0.088,-0.104,,17965469696.0,8774000000.0,752000000.0,0.06968924393213928,0.027247242340128444,0.10630691418609398,0.534826184099076,0.3244969081527348,3.901565995525727,-0.06634951064998074,-0.12590896795592,-0.0633486225463662,-0.12387312186978297,,-0.07072644449772236,-0.005494554440010749,0.6006389776357828,11.24705882352941,0.34038921877258793,0.07413151364764269
NEE,Utilities,Utilities - Regulated Electric,184242372608,298034069504.0,14158999552.0,8184000000.0,-18453374976.0,26.481,2085605358,104403001344.0,1998000000.0,212721000000.0,17109999616.0,12330000384.0,0.02412,0.10325,0.30175,0.61401004,0.542,1.5668600000000001,27865999360.0,0.073,1.6,,298034069504.0,54608000000.0,102405001344.0,0.04750798986023297,0.044419749290856896,0.0,0.29639218832784864,0.08043399389811066,-2.254811214076246,0.09364770128221722,,0.06324690077542353,0.6100446827524576,0.13886024756741572,0.1187363261528105,0.012639766650461837,7.2325026191229025,1.9908136482939633,0.11810005675386266,0.04792948015839582
NKE,Consumer Cyclical,Footwear & Accessories,65292308480,67373834240.0,4535666688.0,3108000000.0,,10.026,1199499281,11032999936.0,9027000320.0,36579000000.0,19911000064.0,,0.06329,0.22138001,0.119490005,0.42913,1.961,0.74221,46398001152.0,-0.011,4.283,,67373834240.0,13213000000.0,2005999616.0,0.06732089303160313,0.0476013189356297,0.0,0.20236686843515936,0.5443287149457339,0.0,-0.002869856686446237,-0.09643491560240325,-0.0021636213049213184,-0.036295408349403244,,-0.040173182891629494,-0.017964071856287425,0.44227227307228445,,0.0,0.14231345865528774
NI,Utilities,Utilities - Regulated Gas,22926784512,41930985472.0,2982700032.0,962499968.0,-1562412544.0,20.148,479439245,16806800384.0,71900000.0,35858700000.0,3458700032.0,2118200064.0,0.033859998,0.091120005,0.34759,0.50698,0.646,1.4090799999999999,6822099968.0,0.082,0.06,,41930985472.0,9450100000.0,16734900384.0,0.0711335543017881,0.04198146353651217,0.0,0.41218601740919086,0.09645358119507957,-1.623285813968983,0.04320705110154299,,0.03964474082538491,-0.019128398265658132,0.11929405520866443,0.12805420896499004,0.026760290853009686,5.610654844422518,2.837739839854963,0.1260323211797361,0.05796989626959412
NDSN,Industrials,Specialty Industrial Machinery,16179378176,18049988608.0,911212992.0,528116000.0,574589504.0,57.472,55717948,1973748992.0,103139000.0,5917681000.0,1603318016.0,761984000.0,0.079239994,0.1714,0.23516001,0.55218,2.597,0.61637,2903636992.0,0.085,0.061,,18049988608.0,3043571000.0,1870609992.0,0.050482746099692166,0.03264130390272917,0.035513695133990296,0.18811421346926305,0.27093687814534106,1.0879986669595316,0.02527440495521427,0.1271233272754797,0.02487789843444962,0.08703371899338225,0.0008334129698013282,-0.013878598878913828,0.0,2.0528789738766147,6.7380083720572985,0.3860592218607704,0.13602379026638842
NSC,Industrials,Railroads,72478728192,88772730880.0,5586999808.0,2667000064.0,1298749952.0,70.367,224594001,17635000320.0,1340999936.0,45236000000.0,5586999808.0,3755000064.0,0.05888,0.17615,0.32255,0.45851,0.907,1.11586,12184999936.0,0.002,-0.266,,88772730880.0,15547000000.0,16294000384.0,0.06293599118351241,0.036797004176659605,0.017919049966764626,0.2145043157878705,0.12350782138120081,0.48697034901908426,-0.015000939727698559,-0.017453239159464617,-0.01404763840338184,0.026919758412424503,-0.04759846580100635,0.03557529417151229,-0.0077042739464735464,2.916413270798523,5.627525252525253,0.21292883446911104,0.10749861315453077
NTRS,Financial Services,Asset Management,32660842496,39157940224.0,,1811800064.0,,65.402,185047258,17407500288.0,11795300352.0,177132700000.0,8363500032.0,2463699968.0,0.01101,0.14462,0.31721002,0.0,,1.3433889972912278,8363500032.0,0.139,0.426,,39157940224.0,12957900000.0,5612199936.0,0.0,0.05547315762665622,0.0,0.3967411435141933,0.04721601393757335,0.0,0.06147673310710999,0.4180915053147298,0.07345001086538622,0.2534949789271034,,0.13905551082771092,0.0,,,0.1415309451236012,
NOC,Industrials,Aerospace & Defense,77977796608,93461798912.0,7306999808.0,4576000000.0,2071624960.0,120.5,142033476,17574000640.0,2090000000.0,51377000000.0,8693000192.0,4665999872.0,0.07362,0.28511998,0.11689,0.20517999,1.152,1.02682,42367000576.0,0.044,0.849,,93461798912.0,16674000000.0,15484000640.0,0.07818167307992849,0.05868337140896506,0.02656685685047255,0.21383009940408293,0.16920022951904548,0.4527152447552448,0.04654085181148626,0.3114953090180621,0.04481146029368261,0.2546450389719823,-0.006050903969993193,0.040884134605644364,-0.020384896172475714,2.119064054586054,8.621052631578948,0.26550584397839194,0.1529003867182291
NCLH,Consumer Cyclical,Travel Services,9081198592,24978804736.0,2619822080.0,568206976.0,-1500744960.0,5.296,459110140,16082653184.0,185047008.0,22541401000.0,4318154240.0,2221976064.0,0.044439998,0.29533002,0.10515001,0.43047002,0.21,6.614439999999999,10031259648.0,0.096,,,24978804736.0,2209888000.0,15897606176.0,0.1048818031002202,0.06256960138505911,0.0,0.24334761294029852,0.19156547723009762,-2.6411941834378325,0.2659644216614605,,0.19426021776079927,0.25840632868800634,0.3071357381960665,0.12877387772973917,0.035002417046114134,6.068200698575684,1.44962590691616,0.13815979481610388,0.08088485199449652
NRG,Utilities,Utilities - Independent Power Producers,28841848832,52671848448.0,2257999872.0,172000000.0,431624992.0,19.853,210986470,23357999104.0,178000000.0,29140000000.0,5326000128.0,889000000.0,0.022449998,0.062480003,0.03637,0.16445999,0.838,4.79237,32384000000.0,0.195,-0.856,,52671848448.0,1681000000.0,23179999104.0,0.04286919746568602,0.005963556670790334,0.014965233141403632,0.05828336490464274,0.18277282525737817,2.509447627906977,-0.008849172407267458,,-0.010680401647526613,0.5810881582775677,0.0638128634506851,0.21305469985846306,-0.025530768536727193,10.265722062893014,2.5303643724696356,0.03805976685082418,0.08881625692766804
NUE,Basic Materials,Steel,50273812480,56011812864.0,4953999872.0,2320999936.0,-384100000.0,94.199,227740950,7123999744.0,2480999936.0,35104000000.0,4803999744.0,3756000000.0,0.06146,0.12285,0.11826,0.14062999,2.901,0.31595,34160001024.0,0.213,3.821,,56011812864.0,20936000000.0,4642999808.0,0.08844562635436573,0.04616717574230805,0.0,0.4164394734998224,0.1368504940747493,-0.1654890179195593,-0.0783985002595462,,-0.08901573278643854,-0.8284246575342465,-0.18184490747794546,0.034295816146140246,9.323250920568122e-05,0.9372224319669906,16.105882352941176,0.527231911141405,0.08803858520900322
NVDA,Technology,Semiconductors,4718977351680,4674528215040.0,165514002432.0,159612993536.0,46335873024.0,8.07,24221000000,12814000128.0,53171998720.0,206803000000.0,187952005120.0,125648003072.0,0.52727,1.14288,0.65596,0.74144995,3.441,6.555,253491003392.0,0.852,2.145,,4674528215040.0,157293000000.0,-40357998592.0,0.03540763790867047,0.03382364051380248,0.009819049673443336,0.03333200994151884,0.908845641117392,0.29030138460218247,1.0004509499443963,1.9390518269164572,0.5861584828161011,0.6634939848586203,0.14139189866555757,0.8530568722502486,-0.007067859623319852,-0.2438343463332097,547.1389961389962,9.80552534859472,0.8114349519010536
NVR,Consumer Cyclical,Residential Construction,18222354432,17667418112.0,1664343040.0,1238599040.0,1250691712.0,1279.01,2699292,1090850944.0,1645785984.0,5856930000.0,2230394112.0,1253224960.0,0.17388001,0.33257,0.13517,0.22489999,5.576,0.3122,9917295616.0,-0.214,-0.285,,17667418112.0,3864869000.0,-554935040.0,0.0942040896665909,0.0679714053758561,0.06863502280493892,0.21209493067553126,0.380812834027383,1.0097631853485047,-0.006252610482764043,-0.16017403086573778,0.004095414217363722,-0.16594491517120868,-0.04196164111169798,-0.08212803409127238,0.0,-0.3334258783573848,62.10393618865962,1.1488507819451454,0.3641426730289103
NXPI,Technology,Semiconductors,69015486464,77378494464.0,4160999936.0,2652999936.0,2727124992.0,43.254,252471079,11724000256.0,3708000000.0,26560000000.0,7017999872.0,3048000000.0,0.08144,0.25812998,0.27664,0.55632,2.241,1.03991,12615000064.0,0.122,1.307,,77378494464.0,10056000000.0,8016000256.0,0.05377463033912978,0.0384406467580847,0.0395146818739375,0.14570642786449722,0.2642319228915663,1.0279400896299156,-0.02420874805294959,-0.050620108683797294,-0.027022817537574954,-0.07501067919692439,-0.021858194643370688,0.08919417674800081,0.0,1.9264600767347861,6.714592274678112,0.2599795234941353,0.13796904625424403
ORLY,Consumer Cyclical,Auto Parts,74791534592,83270131712.0,4085121024.0,2603905024.0,1330813184.0,-1.282,828715079,8731225088.0,252632000.0,16538253000.0,9399867392.0,3039785984.0,0.13809,-3.411145872415347,0.18454,0.51632,0.755,-11.43800643477714,18205607936.0,0.102,0.161,,83270131712.0,,8478593088.0,0.049058659329720936,0.03481550469855614,0.017793633881960074,,0.5683712416299351,0.5110836116271498,0.07260598606028323,-0.1489800587416853,0.0680709984353738,-0.14464463784735235,0.0036554205349572655,0.11041631514875946,-0.02357080702895121,2.0754814944743236,14.784207705135623,0.3481511418343588,0.4476992519870061
OXY,Energy,Oil & Gas E&P,48647581696,70362587136.0,10826999808.0,736000000.0,3033374976.0,30.917,994634701,16611000320.0,3811000064.0,84186000000.0,14732000256.0,9665000448.0,0.02497,0.04053,0.17725,0.69757,1.21,0.41989,21119000576.0,-0.083,3.156,,70362587136.0,36034000000.0,12800000256.0,0.1538743847930589,0.015129220699998678,0.06235407537738749,0.7407151341083592,0.1749934698881049,4.121433391304348,-0.16155184276526158,-0.3066011868022466,-0.17895205121757798,-0.36956675884563567,-0.13233021426094338,-0.014734624612323718,0.040769360680234706,1.1822296557668879,3.8285449490268766,0.5818433725730011,0.05525830011503786
ODFL,Industrials,Trucking,45264297984,45016211456.0,1708194944.0,1007300992.0,861986240.0,21.138,207968283,39996000.0,288081984.0,5470160000.0,2124992000.0,1407248000.0,0.15029,0.23331,0.23775999,0.38946,1.565,0.909,5456226816.0,-0.029,-0.042,,45016211456.0,4311057000.0,-248085984.0,0.03794621734593622,0.022253763713646024,0.01904340238093816,0.09524188360380338,0.3884698070988783,0.8557385000569919,-0.042440148127076416,0.013870295026255919,-0.03997718520991297,0.021519638095003422,-0.03011605371446119,-0.003866959124229818,-0.020790028686889957,-0.1452328288825564,4600.013513513513,35.184718471847184,0.2730715282454524
OMC,Communication Services,Advertising Agencies,22407188480,30613886976.0,3156300032.0,63000000.0,5066650112.0,33.112,285006196,11516600320.0,4288100096.0,54415300000.0,3654000128.0,3171800064.0,0.04467,0.02015,0.11918,0.18431999,0.912,1.10574,19824400384.0,0.692,-0.069,,30613886976.0,12045800000.0,7228500224.0,0.10310027062144728,0.0028115977181265715,0.2261171729118244,0.5375864094128422,0.06715023399668843,80.42301765079365,0.06523414722082599,0.4868547194474533,0.06422299462564354,0.3693660525475042,-0.10269809276271585,0.8370700219778736,0.41849011282783405,2.2901815894288213,2.0565894417014814,0.27541114355525365,0.02176700660446756
ON,Technology,Semiconductors,35501510656,36610707456.0,2047800064.0,573699968.0,1282174976.0,18.633,389185602,3245799936.0,2403599872.0,12524100000.0,2586800128.0,1396600064.0,0.06827,0.074939996,0.18232,0.42665002,4.873,0.44337000000000004,6063000064.0,0.047,,,36610707456.0,7673300000.0,842200064.0,0.05593445760263213,0.016159874816567582,0.036116068085776054,0.2161400982158814,0.206545789956963,2.234922516153949,-0.10369233936412636,-0.038736138805608444,-0.11010051623736804,0.020443587270973965,-0.1587794759613158,-0.11112293999914832,0.003704532929781805,0.41127065029723525,2.851904090267983,0.4302791581544969,0.017995087394539176
OKE,Energy,Oil & Gas Midstream,55335784448,88946786304.0,7506999808.0,3531000064.0,454375008.0,35.486,630032852,33652000768.0,172000000.0,66641000000.0,10433000448.0,5629000192.0,0.05657,0.15903,0.1492,0.29636,0.71,1.49644,35204001792.0,0.196,0.18,,88946786304.0,22485000000.0,33480000768.0,0.08439877504222325,0.06381042754202107,0.008211232795063817,0.40633742205515394,0.15655528050299367,0.1286816765121418,0.1452650774509614,0.12820527588251318,0.1582832762000608,0.09223892726533929,0.08793473060257387,0.04014421951333718,0.0757653532263465,4.459837701383887,3.5182277061132923,0.16727089217686777,0.10407127214811865
ORCL,Technology,Software - Infrastructure,404043694080,545083654144.0,30493999104.0,16984000512.0,-24536750080.0,13.04,2880471000,167431995392.0,31893999616.0,261759000000.0,44336001024.0,31977000960.0,0.06505,0.53376,0.36202,0.65822,1.115,3.8887,67356999680.0,0.206,0.219,,545083654144.0,42508000000.0,135537995776.0,0.05594370491972982,0.04203505898210404,0.0,0.10520644331992343,0.16937717909985903,-1.4446979121711416,0.10476732816565715,,0.09952431359285988,-0.9799490497553938,-0.07024610302448908,0.5547484274861756,2.000995367652298,4.444743220256114,5.251793868232224,0.1909850078841495,0.10978885883770086
OTIS,Industrials,Specialty Industrial Machinery,28064993280,35693993984.0,2492999936.0,1480999936.0,1682125056.0,-14.726,383716076,8217999872.0,834000000.0,10653000000.0,4473999872.0,1819000064.0,0.13346,-0.2746661602373887,0.15395,0.30546,0.837,-1.5241097685459941,14647000064.0,0.064,0.426,,35693993984.0,,7383999872.0,0.06984368118394088,0.05277036488925181,0.059936770310888884,,0.4199755817140712,1.1358035980360772,0.017850220319947985,-0.00023073374146198589,0.016187749620047362,-0.003783319002579536,0.01637530458459968,-0.058589607635206785,0.001823985408116735,2.961893325937093,,0.22134340378826425,0.740407073740407
PCAR,Industrials,Farm & Heavy Construction Machinery,62891204608,69343100928.0,3216600064.0,2476000000.0,1481787520.0,37.542,526286229,15047300096.0,8595399680.0,44336200000.0,3773299968.0,4477300224.0,0.04141,0.13108,0.10373,0.13583,5.558,0.7616299999999999,27779600384.0,-0.089,0.197,,69343100928.0,19264000000.0,6451900416.0,0.04638673524767583,0.03936957505318706,0.02356112479059609,0.3063067422554909,0.08510652622462006,0.598460226171244,-0.004355093626742135,0.2278273774886752,-0.008213194643320373,0.15811221814368118,-0.014800992389955747,0.021126744344052935,0.0018305239874914195,2.005813681411405,,0.2975484103749744,0.08925864422819015
PKG,Consumer Cyclical,Packaging & Containers,21223297024,24914608128.0,1963299968.0,736300032.0,391424992.0,51.812,89098647,4366900224.0,543699968.0,10725500000.0,2004800000.0,1547699968.0,0.08369,0.16313,0.13447,0.21753,3.071,0.95185,9216100352.0,0.106,-0.155,,24914608128.0,4598000000.0,3823200256.0,0.07880115785540161,0.034693008874510295,0.018443175514028937,0.2166487136659507,0.18691902475409072,0.5316107225158996,0.019711899650188602,0.027934331239297228,0.025136540575877338,-0.02176192025449156,-0.036385710665365584,0.21422587510754879,-0.006547738357720318,1.9473337331608411,13.993678887484197,0.35441615072723953,0.1139911847091778
PLTR,Technology,Software - Infrastructure,309972434944,302264614912.0,2018253056.0,2281529088.0,1752997120.0,3.525,2296071334,211976992.0,8026413056.0,8900392000.0,4392168960.0,2723375104.0,0.14702,0.32587,0.46183997,0.84073997,6.907,2.477,5224174080.0,0.847,3.25,,302264614912.0,7387268000.0,-7814436064.0,0.00667710660272816,0.007360425737250423,0.0056553322888749724,0.02383201590597755,0.4934803950208036,0.768343094646532,0.32917125287657845,1.2528705320847138,0.2911206192278202,0.6010579243540668,0.03802857868895537,0.4036516044135171,0.022403334085871796,-3.871881199817195,407.4971181556196,12.847503298848585,0.18304849141292906
PANW,Technology,Software - Infrastructure,283668905984,282687897600.0,1483500032.0,842899968.0,3579375104.0,34.032,815000000,2130000000.0,3111000064.0,23576200000.0,7632900096.0,4216999936.0,0.017719999,0.048309997,-0.02465,0.71963996,0.856,7.698,10606499840.0,0.311,,,282687897600.0,7824400000.0,-981000064.0,0.005247837083210173,0.002971421788638134,0.012618143999899271,0.027582860986679048,0.3237544683197462,4.246500462555481,0.18788250033170906,0.24641755674072519,0.16590381605224808,0.20023467986210283,0.04654874283225385,0.17934660270423042,0.027222393109812365,-0.6612740430328484,840.8421052631579,1.9798121765258216,0.10248777921761332
PSKY,Communication Services,Entertainment,11628209152,27326208000.0,3089999872.0,-605000000.0,16400374784.0,10.47,1087672971,16595000320.0,1940999936.0,43342000000.0,9457000448.0,654000000.0,0.02812,-0.0076800003,0.095410004,0.32558998,1.1,1.30167,29045999616.0,0.022,-0.318,,27326208000.0,11693000000.0,14654000384.0,0.11307825337492856,0.0,1.4103955793725305,1.0055718681314616,0.218194832910341,,0.007258458559833203,-0.06539662374926569,0.0046902767739466856,-0.012809315866084425,-0.08290166736492477,-0.061292558260417566,-0.05642235445428849,4.742395142727048,-6.182558139534883,0.03940945992099867,-0.16238585346486273
PH,Industrials,Specialty Industrial Machinery,121407324160,130521325568.0,5479000064.0,3480000000.0,2774481920.0,115.865,126086389,9582000128.0,476000000.0,29494000000.0,7857999872.0,4095000064.0,0.095410004,0.24841999,0.21528,0.37442002,1.129,0.65554,20987000832.0,0.106,-0.042,,130521325568.0,13682000000.0,9106000128.0,0.04197781504406733,0.02866383905647888,0.022852673339077735,0.11269501320998392,0.2664270655726588,0.7972649195402299,0.07763353923653371,0.14740745935488442,0.06869633808029404,0.13552616336344253,0.03366135975614781,0.0066898764420779576,0.0,1.6619821174727403,11.04156479217604,0.42736380810868635,0.19074973600844772
PAYX,Technology,Software - Application,37818060800,41301860352.0,1608000000.0,,,11.202,355600000,4608300032.0,1124499968.0,16564100000.0,2666400000.0,1179200000.0,,0.0,0.38325,0.67197996,1.152,1.23378,3968000000.0,0.125,0.426,,41301860352.0,4128000000.0,3483800064.0,0.03893287097229106,0.0,0.0,0.10915419544727159,0.16097463792177058,,0.06506364053715852,0.05490166075087788,0.06158055186430079,0.05771212004021966,,0.5952942762758714,0.0011108025548458762,2.166542328358209,21.644212523719165,0.2558861167483984,0.23744249463977185
PYPL,Financial Services,Credit Services,40109338624,42437337088.0,6572000256.0,5058999808.0,4083500032.0,22.448,882105493,11669999616.0,9342000128.0,80173000000.0,13806999552.0,6390000128.0,0.04738,0.25120002,0.17969999,0.40929002,1.259,0.5828,33734000640.0,0.072,-0.062,,42437337088.0,20256000000.0,2327999488.0,0.15486363440693746,0.1261302225754696,0.10180920882990026,0.5050195464424719,0.17221507929103314,0.8071753680525144,0.06426945232818149,0.028980365440431477,0.06212435996008441,0.07236125219318497,-0.03430231873835615,0.01839314067958082,0.009774436090225564,0.35422997524606303,15.267573696145124,0.5475578696025897,0.19961458642158317
PNR,Industrials,Specialty Industrial Machinery,12398376960,14412276736.0,1100499968.0,655400000.0,574212480.0,23.577,161605541,2081600000.0,67700000.0,6868800000.0,1732300032.0,786300032.0,0.08878,0.1761,0.22687,0.41222998,1.877,0.54634,4202299904.0,0.026,0.13,,14412276736.0,3869200000.0,2013900000.0,0.07635850935689388,0.05286175780220833,0.04631352005609612,0.3120731054139525,0.25219835080363384,0.8761252364967959,0.004364124986398155,0.3894596719051755,0.0034188448963002956,0.27488050982474777,0.0736963752119606,0.06550841541921973,-0.009595340553781945,1.829986423043676,11.90057636887608,0.3777382936202921,0.13975801675268634
PEP,Consumer Defensive,Beverages - Non-Alcoholic,197140217856,239168323584.0,18695999488.0,8732999680.0,8746250240.0,15.631,1366768315,52728000512.0,10828000256.0,107399000000.0,51908001792.0,13100999680.0,0.090909995,0.43879002,0.16961999,0.54383,0.897,2.4483699999999997,95448997888.0,0.085,0.278,,239168323584.0,20406000000.0,41900000256.0,0.07817088487235914,0.044298417517114504,0.04436563140246021,0.1035100814127407,0.48331922822372647,1.0015172976623767,0.028259092561689236,0.11037622910555944,0.025279808162973472,0.07705801542851104,0.011158345456478314,0.07974504106889722,0.00018805520294903715,2.241121170488556,10.138269402319358,0.2484638058106989,0.15227440209017218
PFE,Healthcare,Drug Manufacturers - General,138610475008,190563483648.0,25460000768.0,7479000064.0,12376625152.0,15.81,5699444169,64731000832.0,13080999936.0,208160000000.0,47360000000.0,11984000000.0,0.05687,0.083100006,0.31617,0.74801004,1.247,0.71602,63315001344.0,0.054,-0.101,,190563483648.0,86476000000.0,51650000896.0,0.13360377487131023,0.05395696150358293,0.08929069142347051,0.6238778129503486,0.2275172943889316,1.6548502535218055,-0.14797605157261928,-0.2961956817150133,-0.1557356195654068,-0.36856878594120723,0.08270397431878873,-0.02453654239067274,0.002919836765993263,2.0286724013346267,3.8154249344814675,0.18513540414897567,0.059535215217086504
PCG,Utilities,Utilities - Regulated Electric,37547929600,101188935680.0,10312999936.0,2844000000.0,-5572125184.0,14.381,2202224728,62940999680.0,1131000064.0,141611000000.0,10165999616.0,8297999872.0,0.02528,0.08826999,0.23921,0.39353,1.199,1.8787200000000002,25833000960.0,0.15,0.398,,101188935680.0,32540000000.0,61809999616.0,0.10191825683999525,0.07574319091085117,0.0,0.8666256794089653,0.07178820583146789,-1.959256393811533,0.04773157336794509,,0.0408790932517651,0.27124114567292884,0.07225904510398623,0.05948675744426156,0.0016356493047841897,5.993406380255794,1.8001981505944518,0.1318377514527586,0.04349977256585615
PM,Consumer Defensive,Tobacco,284078538752,332569509888.0,18594000896.0,11064999936.0,8575249920.0,-5.954,1558558846,51975000064.0,5463000064.0,69185000000.0,27917000704.0,12184000512.0,0.15456,-1.107164292175305,0.36044,0.67280996,0.976,-5.2006203786271765,41493000192.0,0.091,-0.093,,332569509888.0,,46512000000.0,0.055910119067325,0.03895049581925555,0.03018619413375037,,0.40351233221073934,0.7749887003704724,0.08570152245500418,0.031166092283765767,0.08074136200519723,0.05843364237053732,0.03015936551125964,0.11978829470413052,0.0,2.5014519607776187,9.74606175173283,0.23442040398262806,0.35346679464326525
PSX,Energy,Oil & Gas Refining & Marketing,70732955648,93859954688.0,7040000000.0,4113999872.0,-1134499968.0,71.154,400935020,27124000768.0,5150000128.0,73680000000.0,16837000192.0,2511000064.0,0.038,0.14547,0.0063899998,0.1252,1.132,0.91385,134485999616.0,0.069,-0.568,,93859954688.0,29093000000.0,21974000640.0,0.07500536329259558,0.05816241996832667,0.0,0.4113075684943842,0.22851520347448426,-0.2757656789737499,-0.0799841840778086,-0.32630223957560045,-0.07899102405391639,-0.44814422057264053,-0.009965411173373129,0.015127717615937836,0.003658550093058721,3.121306909090909,5.990791896869245,0.09257484120714209,0.10779732909169235
PNW,Utilities,Utilities - Regulated Electric,13254241280,28433928192.0,2133831040.0,654094976.0,-831102848.0,58.325,121187166,15143285760.0,6409000.0,30031599000.0,2347365120.0,1638496000.0,0.024920002,0.09559,0.11757,0.43014,0.599,2.1295699999999997,5457255936.0,0.114,,,28433928192.0,7046458000.0,15136876760.0,0.07504524262674202,0.04934986184286514,0.0,0.531637975433023,0.07816317472805893,-1.2706149389534525,0.07284582276575913,,0.0713481134171883,-0.16556622927683814,0.021044853184873202,0.15051431342892477,0.01516702734851912,7.09375600797334,2.7498222614037084,0.10819950346099788,0.04318244348566739
PNC,Financial Services,Banks - Regional,100186365952,160679362560.0,,6851999744.0,,143.638,401564632,68487999488.0,13921999872.0,573572000000.0,23042000896.0,6821000192.0,0.012560001,0.12104,0.36725,0.0,,1.1304448211273417,23042000896.0,0.138,0.177,,160679362560.0,60585000000.0,54565999616.0,0.0,0.06839253703725356,0.0,0.6047230022199498,0.04017281334514237,0.0,0.030076812103055017,,0.023992879353593267,,,0.024166217292398016,0.00034477513256752935,,,0.09959409302348113,
PPG,Basic Materials,Specialty Chemicals,27936057344,34199056384.0,2712999936.0,1578000000.0,729000000.0,36.357,222900000,7736999936.0,1624000000.0,22098000000.0,6720999936.0,1992000000.0,0.06277,0.20748,0.1374,0.41691002,1.609,0.9373600000000001,16120999936.0,0.067,0.042,,34199056384.0,7941000000.0,6112999936.0,0.07932967230257484,0.05648613834689586,0.02609530725911729,0.2842562893616603,0.30414516861254415,0.4619771863117871,0.005541161450504539,0.34592371445445624,0.0024285894048068453,0.08143599433160133,0.052015104554866465,0.1371378582823033,0.0,2.253225241506235,9.485477178423237,0.25746413551476083,0.13292243284102803
PPL,Utilities,Utilities - Regulated Electric,27754203136,46806204416.0,3652000000.0,1216999936.0,-1615124992.0,19.967,752350362,20292999168.0,1240999936.0,45244000000.0,4031000064.0,2672999936.0,0.031170001,0.08316,0.27181,0.43287998,1.003,1.3511600000000001,9312000000.0,0.108,0.073,,46806204416.0,14881000000.0,19051999232.0,0.07802384417976047,0.04384921195670822,0.0,0.5361710414484155,0.0890946880028291,-1.3271364642043826,0.045945748857909585,,0.04235126638590664,-0.37783099555251454,0.06198854010735694,0.10165818500572207,0.0009906324857345027,5.21686725958379,2.8217821782178216,0.13172029988623118,0.056022408963585436
PFG,Financial Services,Asset Management,23949293568,23354693632.0,2187099904.0,1561600000.0,1457624960.0,54.587,216012384,4166899968.0,5338999808.0,341376500000.0,7360399872.0,3746500096.0,0.00375,0.13385999,0.148,0.47612998,1.526,0.33624000000000004,15458700288.0,-0.045,8.19,,23354693632.0,11883900000.0,-1172099840.0,0.09364712457641886,0.06520442849665269,0.060862962653212234,0.49621087846527334,0.021560944798484957,0.9334176229508196,-0.0377225619285263,0.1324152991673475,-0.020776076918311622,0.12697362561864656,,0.08835229844967667,0.004344395281684873,-0.5359150891353155,,0.8991096798030934,
PG,Consumer Defensive,Household & Personal Products,352573194240,378278182912.0,25041999872.0,16323000320.0,12733750272.0,23.081,2328598978,37026000896.0,12305999872.0,125231000000.0,44211998720.0,19409999872.0,0.10925999,0.31112,0.23047,0.50984,0.732,0.67651,86716997632.0,0.074,0.058,,378278182912.0,52012000000.0,24720001024.0,0.0661999581345816,0.04629677067533607,0.03611661487609297,0.1475211412827798,0.3530435652514154,0.780110887849324,0.01674893047051751,0.0115848859193739,0.017335318108654345,0.028790939382952643,0.03733722355179808,0.023379913377461797,-1.7247610954277228e-06,0.9871416480454489,23.2348401323043,0.5242262032704943,0.23632713938075425
PGR,Financial Services,Insurance - Property & Casualty,135198482432,141792608256.0,15148999680.0,11559000064.0,15501625344.0,54.861,582200000,8385999872.0,2288000000.0,123039000000.0,16597000192.0,16771999744.0,0.07935,0.37903,0.16393,0.18562001,0.301,0.26174,89415000064.0,0.087,0.098,,141792608256.0,30323000000.0,6097999872.0,0.10683913545513728,0.08549652226912949,0.11465827918443362,0.22428506189225447,0.13489219021611035,1.3410870540851656,0.2090378284670047,0.3791380935865807,0.1855598033861278,0.29702339634967945,,0.1635443756205967,0.0007088796992481203,0.4025348208337938,52.16187050359712,2.0,
PLD,Real Estate,REIT - Industrial,133029601280,168943910912.0,6560574976.0,3711323904.0,4854310400.0,57.321,932338000,35310190592.0,871209984.0,98724256000.0,7088380928.0,5135817216.0,0.024820002,0.06844,0.38491002,0.756,0.531,0.60934,9376112640.0,0.083,0.652,,168943910912.0,53193178000.0,34438980608.0,0.0388328584355863,0.027898481753609296,0.036490452901401044,0.39985971158433586,0.07179979080318417,1.3079727142026352,0.13741104437395912,,0.11136176575236718,,-0.00159983982878531,0.035617180933015816,0.003098405131045264,5.249384502728073,4.876864086627123,0.1454485838194141,0.04936918960041742
PRU,Financial Services,Insurance - Life,39230369792,58985648128.0,5103249920.0,3425999872.0,10378999808.0,92.061,347325107,55523999744.0,38684000256.0,773740000000.0,18325999616.0,9784999936.0,0.00409,0.10711,0.04721,0.28956,0.81,1.58972,63288999936.0,0.153,-0.143,,58985648128.0,32438000000.0,16839999488.0,0.08651680674807283,0.08733029767918839,0.26456543394899434,0.8268593992864904,0.023684958275389665,3.029480500809546,0.02276427669035508,,0.04669216486271733,,,0.05186742016919821,0.0,3.2998578850710096,,0.17623009835593445,
PEG,Utilities,Utilities - Regulated Electric,40672993280,64667992064.0,4794999808.0,2263000064.0,-171750000.0,34.745,498321402,24398999552.0,404000000.0,57576000000.0,4524000256.0,3520000000.0,0.03662,0.13441,0.2843,0.3536,0.969,1.4101,12794000384.0,0.194,0.254,,64667992064.0,16982000000.0,23994999552.0,0.07414796184261498,0.05563888667895947,0.0,0.41752520851103686,0.07857441044879811,-0.07589482772546664,0.07480837487525593,,0.056622600298884926,0.31920993947116916,0.08249412980182208,0.053733528550512444,-0.0001337356800922433,5.004171118415194,3.470343392299688,0.1442682103623984,0.06433752604367621
PTC,Technology,Software - Application,14386246656,15328186368.0,1319337984.0,1246361984.0,986047232.0,33.419,115505791,1381052032.0,439112000.0,6617172000.0,2539571968.0,938620032.0,0.119899996,0.344,0.41625,0.84713,1.234,0.3578,2997860096.0,0.217,2.689,,15328186368.0,3826229000.0,941940032.0,0.08607267372181261,0.08663566069751669,0.0685409652411843,0.2659643680170195,0.38378509248361686,0.7911403305446133,0.12315411374311114,0.2790839249823618,0.11552835004650369,0.23030470657313268,0.03719497284836437,0.03659880361091068,-0.0051516790811868005,0.7139489982272806,12.947402588971553,0.6796413243320871,0.18536040959387096
PSA,Real Estate,REIT - Industrial,57878077440,72209940480.0,3436876032.0,1704142976.0,2338522624.0,27.767,175579656,10032266240.0,134608992.0,20208604000.0,3642289920.0,3176186880.0,0.072119996,0.20175,0.46252,0.74767995,0.188,1.07646,4871482880.0,0.032,0.328,,72209940480.0,9248128000.0,9897657248.0,0.04759560815524993,0.029443669371475238,0.040404289973595915,0.15978637178450134,0.18023461294011203,1.3722572911628748,0.048750479098311095,0.029206402695491906,0.04618714084659022,0.02323745420173692,-0.019785979681093635,0.022964895757181473,0.000523635148974884,2.879841215058408,6.8779421665380385,0.31659714804379036,0.10687535514779634
PHM,Consumer Cyclical,Residential Construction,25462310912,26107680768.0,2943536896.0,2042926976.0,1483359744.0,67.904,190486353,2453818112.0,1808448000.0,18048423000.0,4392084992.0,1896771968.0,0.0996,0.16178,0.13135,0.261,7.139,18.942,16827875328.0,-0.124,-0.304,,26107680768.0,12985442000.0,645370112.0,0.11274601226194984,0.08023336856817656,0.05825707451011114,0.5099867818313443,0.24335006953239072,0.7260953335220925,0.026553866296244344,0.4652682118091842,0.03453354298783812,0.20336940233268377,-0.03797000173324738,0.03943039305477736,-0.05020826154451969,0.21924988026377368,4813.100826446281,0.7729880053962207,0.1746313143613258
PWR,Industrials,Engineering & Construction,100286693376,106339958784.0,2659121920.0,1104744960.0,1037176768.0,60.274,150060149,6319672832.0,364760992.0,24926901000.0,4548372992.0,2378515968.0,0.04709,0.13534,0.04244,0.15100001,1.135,0.69121,30121150464.0,0.263,0.51,,106339958784.0,8938249000.0,5954911840.0,0.0250058581027031,0.011015867836603544,0.0103421175141488,0.08912696888398004,0.1824684501294405,0.9388381984562301,0.18595310976676038,0.32127016600513936,0.16428163611151836,0.25014309664664347,0.001979910065925128,0.33413842960145246,0.01593424185178596,2.2394279085932247,6.31471246342443,0.37636694671221865,0.10184320815698122
QCOM,Technology,Semiconductors,185767493632,191238504448.0,12999000064.0,9923999744.0,9589624832.0,25.758,1054000000,15269999616.0,9799000064.0,50143000000.0,24377999360.0,14284999680.0,0.12692,0.36083,0.22059,0.54799,2.366,0.55979,44486000640.0,-0.035,1.73,,191238504448.0,21206000000.0,5470999552.0,0.06797271345287362,0.05342161618253382,0.051621651584516544,0.11415344840690196,0.4861695423089963,0.9663064368575622,0.0006330832838727929,0.23330649006511273,0.008315264660125195,0.18955341333857958,-0.024107692798150726,-0.09085469775537586,-0.03504043126684636,0.4208784925812583,20.07078313253012,0.9354944360988777,0.3250567087002122
DGX,Healthcare,Diagnostics & Research,23879434240,30273433600.0,2225999872.0,1020000000.0,947875008.0,66.36,110696429,6408000000.0,393000000.0,16225000000.0,3752999936.0,1850000000.0,0.06348,0.14538999,0.14197,0.33277,1.179,0.8273699999999999,11278000128.0,0.092,0.155,,30273433600.0,7170000000.0,6015000000.0,0.07352981169602116,0.04271457982414913,0.03969419871816863,0.30025836994034244,0.2313097032973806,0.9292892235294118,0.03743568077946513,0.01128763502127228,0.0407172468907647,0.016194331983805668,-0.015239104041985363,0.004457376338760602,0.0038807059839261015,2.7021564896118737,5.758122743682311,0.2887016229712859,0.11436151143615114
Q,Technology,Semiconductor Equipment & Materials,29673832448,33626832896.0,1448999936.0,650000000.0,702374976.0,34.301,209339207,4533000192.0,857000000.0,14070000000.0,2281999872.0,1200999936.0,0.050630003,0.07481,0.22814,0.46091998,2.124,0.60756,4951000064.0,0.176,-0.217,,33626832896.0,7095000000.0,3676000192.0,0.043090586035307604,0.021904821399091293,0.023669843699186205,0.23909955050238882,0.16218904562899786,1.080576886153846,-7.010656220396427e-05,0.012804158558299639,0.006644666927680519,0.03720660678064329,0.008088689053481757,0.1464189684673674,,2.5369222597398378,15.8,0.26494592656747895,0.08077709611451943
RL,Consumer Cyclical,Apparel Manufacturing,23700598784,24644999168.0,1520300032.0,941100032.0,656187520.0,47.278,37635070,3009400064.0,2064999936.0,7739500000.0,5669199872.0,1154200064.0,0.10882,0.34664002,0.13372,0.69865,2.128,1.05913,8114500096.0,0.166,0.2,,24644999168.0,2841400000.0,944400128.0,0.06168797254308757,0.03970785888478589,0.027686537626339828,0.1198872663891596,0.7325020830803023,0.6972558683326024,0.07988555170505496,0.5386819070800346,0.07726338503988539,0.23360498901566154,0.05214860837689084,0.09822201410469257,0.007107664314781473,0.6211932566742194,22.728782287822877,0.3835316140938316,0.20833756130559783
RJF,Financial Services,Asset Management,31699675136,20876675072.0,,2140000000.0,,64.564,194883034,6112999936.0,17057999872.0,88230000000.0,13697000448.0,2576000000.0,0.024530001,0.17289,0.19323999,0.93031,2.295,0.48477,14723000320.0,0.131,0.153,,20876675072.0,12503000000.0,-10944999936.0,0.0,0.06750857826835238,0.0,0.3944204458360794,0.15524198626317579,0.0,0.08453363915489276,,0.08314754098360656,0.6293090356871678,,0.06311451706188548,0.00044799384917158504,,,0.4213970271502388,
RTX,Industrials,Aerospace & Defense,268326666240,302197669888.0,15262999552.0,7256000000.0,7233375232.0,49.217,1346683428,38934999040.0,6817999872.0,171079000000.0,18267000832.0,11116999680.0,0.040510003,0.11571,0.13182001,0.20212999,1.024,0.57229,90372997120.0,0.087,0.325,,302197669888.0,65245000000.0,32116999168.0,0.05050667517607514,0.027041665674443254,0.026957347673861966,0.2431551098303542,0.10677523735817955,0.9968819228224918,0.09723101071987417,0.1924114973812372,0.10009334010185533,0.1634881109320834,-0.003002952256286523,0.050460208398573014,0.0038149213286882847,2.1042390166218357,5.759128065395095,0.28552715947363744,0.09410926577318669
O,Real Estate,REIT - Retail,59530326016,91517313024.0,5231514112.0,1120541056.0,1797902592.0,41.982,932492530,30294552576.0,395743008.0,72795612000.0,5490278912.0,4081740032.0,0.02313,0.02831,0.45526,0.92597,2.062,0.7346699999999999,5929241088.0,0.12,0.179,,91517313024.0,39438695000.0,29898809568.0,0.05716420138589579,0.018823029050753587,0.0302014571785946,0.6624975477103895,0.07542046506869123,1.604495062785098,0.1980234435312218,,0.18238136964678514,,-0.006893120410165543,0.05753716504758572,0.04763149304944078,5.7151350312557465,2.04395131663258,0.13473511522443288,0.032682085904083315
REG,Real Estate,REIT - Retail,15134255104,20377911296.0,1050718016.0,532772000.0,574623104.0,36.519,183096790,5245984768.0,148087008.0,13001283000.0,1183419008.0,819390016.0,0.03208,0.08003,0.40727,0.71702003,1.036,0.73218,1650468992.0,0.1,0.172,,20377911296.0,6906890000.0,5097897760.0,0.0515616149632689,0.03520305402141581,0.037968377039457095,0.45637462514917576,0.09102324809020772,1.078553497556178,0.08270360067960159,,0.08065977231200472,,-0.011644158109493263,0.049170748681342684,0.011221166102914019,4.85182292715156,3.6201757275157904,0.15619374669141242,0.059843134629938455
REGN,Healthcare,Biotechnology,68593037312,60517298176.0,4382799872.0,4423399936.0,3273349888.0,308.325,103021886,2706200064.0,8753699840.0,40558700000.0,6547500032.0,5012700160.0,0.06126,0.14548,0.20658001,0.43885,3.565,8.612,14919600128.0,0.19,-0.072,,60517298176.0,31256900000.0,-6047499776.0,0.07242226609743352,0.0644875939212295,0.04772131423647199,0.4556861924312508,0.16143268970652414,0.7400076717819982,0.05620358857997587,0.03479635870110842,0.05643020339927556,0.027081985010125473,-0.018276328548913368,0.07413518223276853,0.011609585936426227,-1.3798256714013155,120.42237442922375,1.8523021363730188,0.1457434726984855
RF,Financial Services,Banks - Regional,25840332800,30167332864.0,,2135000064.0,,20.414,853379538,8105999872.0,5213000192.0,158814000000.0,7177999872.0,1982000000.0,0.01388,0.11895,0.40067002,0.0,,0.42566821782282205,7177999872.0,0.073,0.216,,30167332864.0,19043000000.0,2892999680.0,0.0,0.08262277736608717,0.0,0.7369487129825201,0.04519752586044051,0.0,0.016520184038638863,-0.08566480089709327,0.008040885860306645,-0.12549019607843137,,0.009612083762444216,-0.04366935936897344,,,0.24451024318989775,
RSG,Industrials,Waste Management,66867712000,80837713920.0,5194999808.0,2168999936.0,1808875008.0,38.896,307664087,14087000064.0,118000000.0,34366000000.0,7186999808.0,4497999872.0,0.06181,0.18346001,0.20204,0.43049,0.671,1.17578,16695000064.0,0.026,0.075,,80837713920.0,11968000000.0,13969000064.0,0.06426455618402525,0.03243717888836992,0.02705154631281537,0.1789802528311422,0.20913111237851364,0.8339672943171539,0.07084929833650078,0.11539585535776675,0.06747737278842535,0.102910020698892,0.026847778931893718,0.060613542373927534,0.0,2.68893177676129,5.519163763066202,0.31930147310035534,0.10408042578356003
RMD,Healthcare,Medical Instruments & Supplies,30408169472,29590824960.0,2119501056.0,1519565952.0,1446655104.0,44.759,145056384,843169024.0,1660513024.0,8174391000.0,3443436032.0,1889964032.0,0.14715,0.25246,0.35327,0.62181,3.008,12.988,5537788928.0,0.108,0.105,,29590824960.0,5967859000.0,-817344000.0,0.07162696744227573,0.049972292919480875,0.04757455411224564,0.1962584102767263,0.4212467977125146,0.952018635384639,0.12879187738214926,1.0377475102618,0.11721156956625696,0.551997963031183,0.02787544191057756,0.18945319491286441,0.003935244160328405,-0.38563038111550724,36.91681981272425,2.241500788340156,0.2358253097611537
RVTY,Healthcare,Diagnostics & Research,12691040256,15180898304.0,855235008.0,239107008.0,508969248.0,64.345,111559773,3350179072.0,860320000.0,12168411000.0,1576473984.0,570008000.0,0.0227,0.03227,0.12355,0.54316,1.718,0.46642000000000006,2902406912.0,0.07,0.035,,15180898304.0,7250360000.0,2489859072.0,0.05633625829471863,0.018840615361452054,0.04010461220933976,0.5712975338307839,0.12955462993483702,2.1286253893486884,-0.04815480072764722,-0.05001390101559977,-0.04669932762066464,0.06705060103531778,-0.053089305194540026,-0.018080887454470364,-0.06933507948875221,2.9113156602682007,3.910202310571134,0.17014254693547318,0.03326165099451748
HOOD,Financial Services,Capital Markets,101513945088,96222937088.0,,1896999936.0,,10.34,791184698,13610000384.0,19270000640.0,38137000000.0,4255000064.0,3033999872.0,0.05187,0.21461001,0.38519,0.92239,1.114,1.40483,4613000192.0,0.151,0.027,,96222937088.0,9140000000.0,-5660000256.0,0.0,0.018687087122419843,0.0,0.09003689091264017,0.11157144148726958,0.0,0.4878747583673768,,0.3918850380388842,0.6333678756476684,0.2664348058569055,0.4563332951464467,0.01903401081023613,,,0.22292430465812396,0.22357463164638053
ROK,Industrials,Specialty Industrial Machinery,52487925760,56172924928.0,1968999936.0,1086000000.0,974499968.0,31.652,111273953,4054000128.0,423000000.0,11219000000.0,4306999808.0,1535000064.0,0.09337,0.27183,0.20724002,0.48921,1.091,1.13367,8803999744.0,0.119,0.396,,56172924928.0,3654000000.0,3631000128.0,0.03505247302902204,0.020690472794937895,0.01856617410365732,0.06961601067468054,0.38390229146982796,0.897329620626151,0.02438220649270817,0.25807094290163546,0.01137851390002513,0.14943473792394657,0.08169766007137946,-0.0011574074074074073,-0.22017732923896244,1.8440834159580186,6.878205128205129,0.3786383856769331,0.13802418317468484
ROL,Consumer Cyclical,Personal Services,20885893120,21836490752.0,860139008.0,529295008.0,521446112.0,2.87,481463663,1067139968.0,116543000.0,3140523000.0,2022576000.0,649582016.0,0.14981,0.38671002,0.16051,0.52603,0.646,0.77235,3844969984.0,0.102,0.013,,21836490752.0,1374321000.0,950596968.0,0.03938998338921376,0.025342225250265,0.024966426333986717,0.06580139963868588,0.6440252149084722,0.9851710371695023,0.1173929088277419,0.14299827503975937,0.10871272764878075,0.134795783103264,0.012867028644046652,0.11378110043816796,-0.006562208409344165,1.1051666755706537,25.543945654457595,0.6087130418490707,0.30975992336299224
ROP,Technology,Software - Application,36754104320,46835204096.0,3194700032.0,1714099968.0,2169925120.0,183.77,100917359,10464000000.0,382900000.0,34577000000.0,5632099840.0,2603699968.0,0.04319,0.09012,0.27185,0.69404,0.534,0.55606,8114999808.0,0.113,0.592,,46835204096.0,19881500000.0,10081100000.0,0.06821151084239314,0.04663696748194897,0.059038987893910405,0.5409327847279723,0.1628857286635625,1.2659268190360295,0.13731706743631933,0.5419864981219746,0.12764190507827097,0.3102391506594429,-0.006172164692085591,0.10347314638404069,0.0036730945821854912,3.1555701314745535,6.957230769230769,0.24882453822629969,0.07329002897761527
ROST,Consumer Cyclical,Apparel Retail,68464304128,69056471040.0,3430964992.0,2315759104.0,2047583488.0,19.64,320781076,4723149824.0,4130980096.0,15548737000.0,7784265216.0,3453177088.0,0.12161,0.38981998,0.13377,0.32740003,1.541,0.74911,23776063488.0,0.206,0.374,,69056471040.0,6187443000.0,592169728.0,0.04968346833148571,0.03382432836344157,0.029907314681412136,0.09037472999699281,0.5006364964562716,0.8841953744079937,0.06761774010986832,0.2871174025271337,0.06228364679045181,0.20521057689596264,0.023015540137557966,0.04316609653511911,-0.019707250017487143,0.1725956777118873,75.90793843234411,0.7311174145806644,0.268626935434844
RCL,Consumer Cyclical,Travel Services,79466168320,100964171776.0,6902000128.0,4479000064.0,-194875008.0,36.578,268194978,21792000000.0,512000000.0,41619000000.0,9361999872.0,6672000000.0,0.0808,0.49576,0.26168,0.50914,0.199,2.17312,18388000768.0,0.113,0.289,,100964171776.0,10037000000.0,21280000000.0,0.06836088492176054,0.05636360930306398,0.0,0.12630532227981972,0.2249453343905428,-0.043508596833098864,0.2659259431555814,,0.2090099546878007,0.7819927176431645,0.2419481285578544,0.12271378473158888,0.019123135327483786,3.0831642430244823,5.408266129032258,0.30616740088105726,0.18147070761737247
SPGI,Financial Services,Financial Data & Stock Exchanges,130207440896,147329433600.0,7872999936.0,4776000000.0,5298874880.0,105.314,296000000,13900000256.0,1810000000.0,61200000000.0,11084999680.0,5735000064.0,0.06919,0.13939999,0.44282,0.7047,0.677,0.38392000000000004,15729999872.0,0.104,0.325,,147329433600.0,31127000000.0,12090000256.0,0.0534380655896311,0.03667993140126848,0.04069563800299513,0.23905699847723702,0.18112744575163398,1.1094796649916248,0.11107613003386319,0.29470163396668414,0.10654240727518695,0.25316337270494677,0.03812349546703353,0.016256787499377295,0.0,1.5356281410237775,22.696864111498257,0.412589925063092,0.12161380057128988
CRM,Technology,Software - Application,136044093440,166755090432.0,12894999552.0,8023000064.0,16552999936.0,41.801,819000000,42547998720.0,11836999680.0,112305000000.0,33254000640.0,15221000192.0,0.05703,0.16908,0.218,0.77643996,0.786,1.24282,42829000704.0,0.133,0.522,,166755090432.0,59142000000.0,30710999040.0,0.07732897099928934,0.058973527340519284,0.12167378617801167,0.4347267015019921,0.2961043643648992,2.063193294771984,0.09820006113830493,0.3164236393248525,0.09217120216440407,0.25514573123549134,0.0434106428813823,0.09110251826519508,0.016098484848484848,2.3816207915444836,,0.3577371592061569,0.11859762990942584
SNDK,Technology,Computer Hardware,258416623616,254888624128.0,5632000000.0,4506999808.0,2259500032.0,93.088,148089758,207000000.0,3735000064.0,12985000000.0,7388000256.0,4639000064.0,0.22823,0.39297,0.69983,0.56038,4.782,1.503,13184000000.0,2.51,,,254888624128.0,9216000000.0,-3528000064.0,0.022095925305680657,0.01744082770269949,0.00874363266721399,0.03566334034955399,0.5689642091644205,0.5013312909375656,,,0.09468265021886192,0.7976424361493124,,-0.03857544794905968,,-0.626420465909091,-22.476190476190474,22.410628328502415,-0.12251254542308358
SBAC,Real Estate,REIT - Specialty,19574990848,34813120512.0,1827740032.0,1017729984.0,-301849504.0,-44.8,106063017,15421450240.0,269064000.0,11575012000.0,2117656064.0,1245238016.0,0.08568,-0.20968909032806918,0.52423,0.74191004,0.196,-3.1773750633303384,2854329088.0,0.059,-0.147,,34813120512.0,,15152386240.0,0.052501470856942636,0.051991338943792285,0.0,,0.1829506581937021,-0.2965909511810158,0.02248756625700632,-0.0014795802132120395,0.01893409396160136,-0.018911562772808973,0.008457460674808126,0.013810226834000506,-0.017617909837208654,8.290230544121496,3.6051257742251455,0.08074714093815342,0.19319555282845538
SLB,Energy,Oil & Gas Equipment & Services,67471953920,76824952832.0,7510000128.0,3328999936.0,3043124992.0,17.509,1495057661,11628999680.0,3452000000.0,54868000000.0,6398000128.0,6316000256.0,0.06467,0.14066,0.12269,0.17802,1.341,0.42515000000000003,35939000320.0,0.027,-0.138,,76824952832.0,26109000000.0,8176999680.0,0.09775469884664673,0.04933901780800837,0.045102073012561125,0.3869607812300332,0.11660713217175768,0.9141258787936486,0.08326017106596773,0.31343762581279955,0.07807961087800154,0.19380701528973404,-0.0014962523760523871,0.12124246449371616,0.09832923772576721,1.088814852281185,8.689964157706093,0.5431249832143774,0.12078112934964007
STX,Technology,Computer Hardware,183903649792,186935656448.0,3513999872.0,2377999872.0,1610000000.0,4.88,224228992,4177999872.0,1146000000.0,8023000000.0,4576999936.0,2876999936.0,0.24664,17.8797,0.35668,0.41571,1.326,3.81553,11009999872.0,0.441,1.083,,186935656448.0,,3031999872.0,0.0187979112105747,0.012930683402366305,0.008754584271823608,,0.5704848480618223,0.6770395654588159,-0.0794356906329795,-0.1377480012465475,-0.09829072147119015,-0.157919621749409,0.05427696690794559,0.03669724770642202,0.011829151963337116,0.8628343717822423,5.713395638629284,0.6886069947682373,0.3412093023255814
SRE,Utilities,Utilities - Diversified,60834009088,106960396288.0,5618999808.0,1927000064.0,-28243374080.0,49.345,653707401,36432998400.0,794000000.0,110878000000.0,5754999808.0,4892000256.0,0.01809,0.05689,0.30616,0.42457,1.689,0.8526699999999999,13555000320.0,-0.039,0.137,,106960396288.0,31614000000.0,35638998400.0,0.05253346100990841,0.03167636151042553,0.0,0.5196764190613917,0.05190389263875611,-14.65665445873073,-0.017312084045800646,,-0.03959618233814561,-0.16826465172391897,0.10523876137897464,0.1531173625916489,0.0032303957711281,6.342587581024527,1.7630548302872062,0.1342738855114379,0.03035377146453295
NOW,Technology,Software - Application,109648666624,106897670144.0,2888000000.0,1756999936.0,5108125184.0,11.372,1031308000,2431000064.0,5182000128.0,26038000000.0,10688000000.0,5437000192.0,0.056560002,0.1607,0.13342,0.76562,0.845,0.20728000000000002,13959999488.0,0.221,0.023,,106897670144.0,12964000000.0,-2751000064.0,0.027016491529793168,0.016023906082004522,0.04658629549519692,0.11823217189184157,0.4104769951609187,2.9072995845572986,0.22376517864742618,0.2777385491478457,0.19874499728247444,0.24265373181035832,-0.007542076012969301,0.2774370799195408,0.02404120085899179,-0.9525623490304709,99.30434782608695,2.2365281978042764,0.14645719781981403
SHW,Basic Materials,Specialty Chemicals,86934126592,100815675392.0,4557400064.0,2599300096.0,2140024960.0,18.071,246635621,14601400320.0,216900000.0,25901700000.0,11736899584.0,3651800064.0,0.09445,0.60723,0.14163,0.49036,0.863,3.29521,23935500288.0,0.068,0.075,,100815675392.0,4598300000.0,14384500320.0,0.045205272357493345,0.029899651585608696,0.024616626909287117,0.05289407256117936,0.45313240381905434,0.8233081525650819,0.021007379883363875,0.27668817333516893,0.01882064053220947,0.16587825724893304,0.06745820723452495,0.0960156732648968,-0.10185842136619276,3.156295281958376,8.178924731182796,0.25009930444808187,0.20036456741863087
SPG,Real Estate,REIT - Retail,85898190848,103273463808.0,4915057152.0,4690144768.0,2494690560.0,14.858,324281912,28989048832.0,542955008.0,40606466000.0,5424062976.0,4142711040.0,0.05562,1.1359,0.43376,0.81582,0.196,4.57473,6648586240.0,0.193,0.164,,103273463808.0,5208268000.0,28446093824.0,0.04759264355786291,0.0546012054700824,0.029042410967821737,0.06063303485886241,0.13357633673415462,0.5319005453777925,0.0634817964117913,0.009075396688410287,0.0605558430396073,0.005702941488087524,0.008157821392417497,0.25306588895141907,0.0003348788873012149,5.787540804571299,6.539304600265686,0.14290606994414407,0.17438808447223375
SWKS,Technology,Semiconductors,9409397760,9177196544.0,909100032.0,361200000.0,687837504.0,38.336,150405963,1189600000.0,1421799936.0,7917000000.0,1661200000.0,960000000.0,0.03537,0.06171,0.07704,0.41075,2.376,0.20632,4044300032.0,-0.01,-0.449,,9177196544.0,5757100000.0,-232199936.0,0.0990607564784438,0.038387153908562156,0.0731011188541784,0.6118457468631872,0.20982695465454085,1.904312026578073,-0.09344825684967506,0.055519092406980386,-0.10344440365387522,0.03840310697355646,-0.0631773811564757,-0.044221505921553,-0.07004377736085053,-0.25541736643564433,20.435424354243544,0.8069939475453934,0.08398798871667323
SJM,Consumer Defensive,Packaged Foods,12428086272,19473872896.0,1926000000.0,-138700000.0,1005774976.0,51.975,106880690,7129800192.0,58600000.0,16219400000.0,3100600064.0,1473600000.0,0.05065,-0.02386,0.18456,0.34257,0.777,1.2860900000000002,9050900480.0,0.058,,,19473872896.0,5543800000.0,7071200192.0,0.09890174441857465,0.0,0.08092758241194159,0.44607028617832883,0.1911661383281749,,0.0199866543809879,0.17265772750455755,0.02450347833399546,0.17899000810153928,0.006775473292137735,-0.07651751094612061,0.0,3.6714435057113186,0.8363064008394544,0.20668180879086268,0.023302049527819196
SW,Consumer Cyclical,Packaging & Containers,24088635392,37662203904.0,4769999872.0,380000000.0,1360249984.0,34.478,524464078,14254999552.0,674000000.0,45157000000.0,5943000064.0,3360999936.0,0.03013,0.02113,0.06795,0.19027,1.443,0.7883100000000001,31235000320.0,0.007,-0.836,,37662203904.0,18327000000.0,13580999552.0,0.12665217054632832,0.015775073756407163,0.05646853638092544,0.7608152019307213,0.13160750413003522,3.5796052210526317,0.3215380139788915,0.3361988295555136,0.3185312620362049,0.25157446808510636,-0.04839254702295431,0.03194771361319957,0.002445933767842845,2.84716979380246,2.1416666666666666,0.23577692329905728,0.0472265245583178
SNA,Industrials,Tools & Accessories,21347051520,20919451648.0,1403900032.0,1023400000.0,1048337472.0,115.031,51801916,1300199936.0,1752800000.0,8412300000.0,2695000064.0,1151900032.0,0.099180005,0.18202,0.24566,0.51616,3.528,0.21731,5221199872.0,0.052,0.04,,20919451648.0,5931800000.0,-452600064.0,0.06710979119446564,0.0479410469891441,0.04910923979444258,0.2778744406197039,0.3203642361779775,1.0243672777017785,0.02113673668415572,0.19387902731569406,0.018617581732648044,0.139201562046492,0.011952048176227303,0.06527960692938913,6.920000656421657e-05,-0.3223876726857999,27.453465346534653,0.8859406927397356,0.18500627185139715
SOLV,Healthcare,Medical Instruments & Supplies,13554384896,18283384832.0,1124000000.0,1432000000.0,378500000.0,28.635,173174712,5289999872.0,561000000.0,14294000000.0,4432999936.0,151000000.0,0.02747,0.34794998,0.0558,0.53655,1.071,1.0646,8262000128.0,-0.03,-0.91,,18283384832.0,5050000000.0,4728999872.0,0.06147658162468633,0.10564846807785382,0.02792454271471206,0.372573159073437,0.31013012005037077,0.2643156424581006,0.007931997022665449,,0.007804047894001094,-0.5309203722854188,-0.042836120253094356,-0.011274814968527357,0.004081694166121685,4.207295259786477,5.936599423631124,0.028544424131131625,0.18462089980283206
SO,Utilities,Utilities - Regulated Electric,110452965376,188266954752.0,13973999616.0,4362999808.0,-3950000128.0,32.93,1127301098,76004999168.0,981000000.0,155720000000.0,14485000192.0,9777999872.0,0.03237,0.109910004,0.25819,0.48002997,0.65,1.9043100000000002,30175000576.0,0.08,-0.008,,188266954752.0,36016000000.0,75023999168.0,0.0742243886315984,0.039500974855203146,0.0,0.32607544647982634,0.09301952345235037,-0.9053404313145457,0.003109733900695355,,0.008277305995000405,-0.090434280767566,0.12173214057714787,0.07259953161592506,0.018397286363636363,5.3688279110941695,2.543854231006794,0.1286494306826699,0.059330701855480006
LUV,Industrials,Airlines,24560879616,27628879872.0,2212999936.0,817000000.0,-372375008.0,14.066,488773713,6396000256.0,3328000000.0,29061000000.0,6645000192.0,2400000000.0,0.01936,0.10062,0.04552,0.23006001,0.478,0.93033,28884000768.0,0.128,,,27628879872.0,7981000000.0,3068000256.0,0.08009734546794732,0.033264280953023015,0.0,0.3249476453929947,0.22865696954681533,-0.4557833635250918,0.056251281802036646,,0.05363249281656883,-0.44442930153321974,-0.02511752185700089,-0.13893333333333333,0.0,1.3863535222442953,5.982300884955753,0.375234506557218,0.03726571113561191
SWK,Industrials,Tools & Accessories,14286366720,20919166976.0,1671500032.0,371100000.0,842187520.0,57.75,155455564,6966499840.0,333700000.0,21243700000.0,4664500224.0,1002400000.0,0.03329,0.04165,0.06437,0.30622998,1.138,0.77606,15232199680.0,0.027,-0.348,,20919166976.0,9054600000.0,6632799840.0,0.07990280081026492,0.025975813674199173,0.05895043411009402,0.6337930544176875,0.2195709892344554,2.2694355160334143,-0.037097214175564996,,-0.037114667392122686,0.740888079562964,0.05046237148789845,-0.027699334977962276,0.0,3.9681721286380447,1.8094131319000581,0.1438886130800514,0.05839479934991874
SBUX,Consumer Cyclical,Restaurants,118836510720,141552123904.0,5395299840.0,1495600000.0,-1304087552.0,-7.429,1139700000,24408500224.0,1700300032.0,32019700000.0,8424000000.0,4345699840.0,0.07377,-0.1847195118938814,0.084180005,0.21897,0.922,-3.01466050243312,38471598080.0,0.088,0.326,,141552123904.0,,22708200192.0,0.038115287084346874,0.012585357740130053,0.0,,0.2630880364275743,-0.8719494196309173,0.048597955054982656,-0.01509365177616906,0.04238511440003108,-0.023317099206084463,-0.031855494532853385,0.0217107593341268,0.002999558888398765,4.208885671866571,5.620899373387394,0.17804042854411142,0.13984401149968134
STT,Financial Services,Asset Management,47241367552,,,2824999936.0,,87.008,276767033,,,366047000000.0,14392999936.0,-2640999936.0,0.00801,0.11261,0.27818,0.0,,0.0,14392999936.0,-0.028,-0.241,,47241367552.0,27841000000.0,0.0,0.0,0.05979928360224621,0.0,0.5893351831814473,0.039320087136351344,0.0,0.04822150244182688,-0.011328078472788383,0.05097931467598226,-0.16672814865794908,,0.03625580341977126,0.0,,,,
STLD,Basic Materials,Steel,31783055360,35395866624.0,2315760128.0,1371879936.0,-31788876.0,63.449,144212781,4200793088.0,556526976.0,16419780000.0,2668861952.0,1445246976.0,0.06657,0.15247,0.103369996,0.14038,3.13,0.45994,19012243456.0,0.191,0.931,,35395866624.0,8957182000.0,3644266112.0,0.06542459187677609,0.04316387837673263,0.0,0.2818225591763875,0.16253944644812537,-0.023171762459539315,-0.06533213396467008,-0.47925841179486184,-0.07037627430277921,-0.7433146485935254,-0.14321764525204397,0.09939898493716168,0.0009958447843355079,1.5736803082223203,22.315063603786246,0.34404145734492314,0.10932059154849587
STE,Healthcare,Medical Devices,21265264640,22957961216.0,1597900032.0,782300032.0,837287488.0,73.452,97457680,2087100032.0,439600000.0,10737200000.0,2625799936.0,1341400064.0,0.06652,0.11368,0.20039,0.44236,2.091,0.28998999999999997,5935900160.0,0.073,0.522,,22957961216.0,7183600000.0,1647500032.0,0.06960112951521069,0.036787693228538164,0.039373480752506636,0.3378091042651609,0.244551646239243,1.07028947175091,0.09377842934242775,0.3502805582234483,0.0858020596319969,0.2751277743659498,0.005834746833327964,0.05818583198643908,-0.005096591082491531,1.0310407403508957,18.253706754530477,0.6427100011658665,0.11551051896332437
SYK,Healthcare,Medical Devices,125182631936,137451618304.0,6918000128.0,3336999936.0,4359875072.0,59.941,383360762,15233999872.0,2964999936.0,47844000000.0,16348999680.0,5375000064.0,0.07716,0.152,0.17824,0.64697,2.112,0.66295,25269999616.0,0.026,0.142,,137451618304.0,22420000000.0,12268999936.0,0.05033043781776033,0.026657052055799973,0.03482811476778184,0.17909832740585205,0.34171473288186605,1.3065253687796294,0.10830480093614558,0.28131752716983227,0.102000969327702,0.2191933240611961,0.012064217164882374,0.1134020618556701,0.0028841111693759833,1.7734894057521475,8.43657331136738,0.35282920501261245,0.12786516853932584
SMCI,Technology,Computer Hardware,17607882752,24216895488.0,1578648960.0,1247389952.0,-7448383488.0,12.597,646873027,9151156224.0,1305032960.0,14018429000.0,2828721920.0,-6693234176.0,0.05524,0.17877,0.061100002,0.08394,2.655,1.20798,33700206592.0,1.227,3.26,,24216895488.0,6301693000.0,7846123264.0,0.06518791646031817,0.07084269980491065,0.0,0.357890445362275,0.20178594334643346,-5.971174832743883,0.6170781210288652,,0.47234225594294454,0.21447486371457858,-0.043370305405253065,0.42665354649640974,0.010286637491525282,4.970150719258068,21.343377033219745,-0.7314085796553439,0.10891969657785315
SYF,Financial Services,Credit Services,25675141120,22810494976.0,,3516999936.0,,45.267,336370242,16428000256.0,20558999552.0,119095000000.0,9891999744.0,9834000384.0,0.02957,0.2178,0.48032,0.0,,0.9798401679589646,9891999744.0,0.061,0.201,,22810494976.0,16766000000.0,-4130999296.0,0.0,0.1369807441198594,0.0,0.653005174212651,0.08305974007305092,0.0,0.0866934224036191,,0.08204127362752539,,,-0.003080451687970334,0.0004979899606885347,,,0.5986121396856156,
SNPS,Technology,Software - Infrastructure,83707101184,92063555584.0,1696253056.0,773267968.0,3538958592.0,159.201,191479325,10841960448.0,2484438016.0,48224461000.0,7169120768.0,2796464128.0,0.014939999,0.03824,0.10383,0.82598996,1.434,0.35574,8679379968.0,0.419,-0.96,,92063555584.0,28327602000.0,8357522432.0,0.018424804964786705,0.009237782184097477,0.04227787776596003,0.3384133675556622,0.1486615012244512,4.576626394021277,0.15186745455184925,-0.05522081722072214,0.14059604223030747,-0.06954770753181809,-0.03559864479466479,2.688701265095256,0.19048709144092585,4.927049299889368,4.118539427706731,0.2579297481679948,0.041343588250829455
SYY,Consumer Defensive,Food Distribution,40564232192,54062231552.0,4565000192.0,1736999936.0,1868375040.0,4.804,478182608,15399999488.0,1902000000.0,26774000000.0,15491000320.0,2656000000.0,0.08294,0.81894994,0.03748,0.18537001,1.329,6.704400000000001,83567001600.0,0.047,-0.135,,54062231552.0,1830000000.0,13497999488.0,0.0844397291963269,0.04282097409802737,0.04605966732358063,0.04511363585875808,0.5785837125569583,1.075633338422875,0.058369827149891584,0.11471865245092183,0.053373965757352336,0.0812124678295682,0.0044645084892771525,0.07452743107115624,0.0,2.95684532755437,4.803149606299213,0.17246753820151817,0.18092300391505517
TMUS,Communication Services,Telecom Services,192112984064,310726983680.0,33884999680.0,10542999552.0,11147374592.0,51.46,1082204717,122134003712.0,3520000000.0,219237000000.0,57287999488.0,28324999168.0,0.05865,0.18024999,0.2401,0.63281,1.087,2.1856899999999997,90529996800.0,0.106,-0.12,,310726983680.0,59203000000.0,118614003712.0,0.1090507148065912,0.05487916188157139,0.058025097295279084,0.3081676144298361,0.26130625527625356,1.0573247714769514,0.03534093085617829,,0.035451656000829675,0.5947679425126942,0.08388636750028777,0.05384670848655274,0.0036975578558675107,3.5004870837289617,4.78404875463699,0.23191738833676662,0.09271478969071106
TROW,Financial Services,Asset Management,25401307136,23228905472.0,2928600064.0,2044099968.0,1880349952.0,50.156,214266606,459600000.0,3729799936.0,14341800000.0,3852000000.0,1944800000.0,0.10848,0.18688999,0.37183997,0.51999,5.545,3.87,7407900160.0,0.053,0.037,,23228905472.0,10860100000.0,-3270199936.0,0.12607568047190681,0.080472235426932,0.07402571615438933,0.42754098999135853,0.2685855331966699,0.919891385664363,0.04077043516925727,-0.11330522151375211,0.045505952707321266,-0.10922693266832918,-0.03689592356696869,0.06456353919239904,-0.019738435456527006,-1.1166427182048986,,4.231505657093124,0.17779276887083578
TTWO,Communication Services,Electronic Gaming & Multimedia,47343140864,48312143872.0,788499968.0,-298200000.0,1447787520.0,18.937,185666663,2958299904.0,1989299968.0,9383200000.0,3838799872.0,624300032.0,-0.00535,-0.105579995,0.02328,0.57671,1.236,0.8426,6656399872.0,0.061,,,48312143872.0,3510900000.0,968999936.0,0.01632094758802427,0.0,0.030580723914346505,0.0741585779043593,0.40911414783869043,,0.07555159639473397,,0.07313773679288371,0.7471552555448409,0.14516953512098418,0.02205714161229536,0.041104374044434476,1.2289156313573877,-0.22628642281463113,0.21103338142149364,-0.005372071117390792
TPR,Consumer Cyclical,Luxury Goods,29136871424,31991468032.0,1970400000.0,662800000.0,1529737472.0,3.373,202044714,3923200000.0,1068600000.0,6580500000.0,5980499968.0,1903100032.0,0.16443,0.60914004,0.22415,0.76177,1.841,5.7491200000000005,7850800128.0,0.212,0.737,,31991468032.0,857800000.0,2854600000.0,0.061591421751233,0.02274780948012327,0.05250177514734672,0.02944036054926032,0.908821513258871,2.3079925648762822,0.016008836697691153,0.12941809318441178,0.014635572180720974,0.1434487852488855,0.05870497732272373,-0.5087822757029926,-0.09600347523892268,1.4487413723101907,3.530444964871194,0.48508871125611747,0.06001672107651883
TRGP,Energy,Oil & Gas Midstream,55567015936,74731216896.0,5217399808.0,2119699968.0,-318550016.0,14.607,214643903,19131799552.0,100100000.0,25218400000.0,6917000192.0,3702500096.0,0.09126,0.74097997,0.20899999,0.41766,0.718,5.85249,16561500160.0,-0.102,1.429,,74731216896.0,3067900000.0,19031699552.0,0.06981553391885503,0.038146730255254134,0.0,0.055210810735877774,0.2742838638454462,-0.1502807099160177,-0.06645468273311061,-0.17665347312597357,-0.06467793278115452,-0.19479733817301875,0.15290563413702693,0.10927637337743742,0.00416152761800599,3.647736468809254,3.9155722326454034,0.19352597156041956,0.15408183982723933
TGT,Consumer Defensive,Discount Stores,59140227072,74878222336.0,8344000000.0,3449999872.0,3141250048.0,36.098,454191112,19271999488.0,3534000128.0,59490000000.0,29933000704.0,7002999808.0,0.056750003,0.22015,0.0452,0.28139,0.932,1.17548,106377003008.0,0.067,-0.247,,74878222336.0,16165000000.0,15737999360.0,0.11143426940022809,0.058335925355846426,0.05311528554287929,0.2733334111199809,0.5031602068246764,0.9105072940709953,-0.013437328806924498,,-0.01296257344383212,0.43355492244381133,0.033608187717989235,0.0297910644117087,-0.005985525795168722,1.886145656759348,11.712359550561798,0.36337691957497836,0.13622582331416624
TEL,Technology,Electronic Components,57631907840,62530908160.0,4730999808.0,2908000000.0,2322249984.0,45.3,291895799,5861000192.0,1110000000.0,25081000000.0,6744000000.0,4419999744.0,0.0955,0.22719999,0.20341,0.36071998,1.888,0.43798000000000004,18695999488.0,0.145,71.5,,62530908160.0,12585000000.0,4751000192.0,0.07565858144734804,0.05045815953331452,0.040294518627547835,0.2183686168248842,0.2688888002870699,0.7985728968363136,0.019694347779123156,0.2351015661816338,0.016838372412949772,0.1942970297029703,0.03006757814834221,0.09744464863918789,-0.04323056295504474,1.004227517398369,42.61038961038961,0.7541374508113989,0.16437052251891188
TDY,Technology,Scientific & Technical Instruments,30210304000,32165203968.0,1538300032.0,933000000.0,760562496.0,227.645,46329138,2476300032.0,521400000.0,15285300000.0,2669100032.0,1182700032.0,0.04893,0.09049,0.19031,0.42873,1.756,0.23132999999999998,6225600000.0,0.076,0.216,,32165203968.0,10513900000.0,1954900032.0,0.04782497364326989,0.03088350252946809,0.025175598894999533,0.3480236412053318,0.17461875344285033,0.8151795241157557,0.03859891847624208,0.3966766968887352,0.035051465285517606,0.2943231441048035,0.0006719483822320016,0.07639167634942431,-0.0001695237279248103,1.2708184303021584,19.364093959731544,0.477607727947564,0.08596519977356017
TER,Technology,Semiconductor Equipment & Materials,57778143232,57614946304.0,1161465984.0,854059008.0,298311264.0,20.083,156542162,82398000.0,245596992.0,4183599000.0,2222958080.0,777902016.0,0.15835,0.2875,0.37614,0.58702,2.147,2.621,3786838016.0,0.87,3.148,,57614946304.0,2795752000.0,-163198992.0,0.020159109024794206,0.014781697026341713,0.005163046912085304,0.04838770932416522,0.5313506576514623,0.349286479278022,0.003681989032964239,0.027935316083520956,0.008395027989873027,0.03528839779005525,-0.009563100734523378,0.12804573229426697,-0.03483756075240227,-0.14051121104550574,96.42214431784984,9.440787591931842,0.21513092199432146
TSLA,Consumer Cyclical,Auto Manufacturers,1477689606144,1449522495488.0,11093999616.0,3862000128.0,5251999744.0,21.897,3755723871,15889999872.0,44743000064.0,137806000000.0,18660999168.0,16528000000.0,0.022330001,0.04901,0.04203,0.19065,2.043,18.738,97878999040.0,0.158,0.083,,1449522495488.0,82137000000.0,-28853000192.0,0.007653554636463276,0.002613539482136447,0.003554196850382526,0.05558474503609373,0.13541499766338186,1.359917030018286,0.051943257367141005,-0.062633415093298,0.0442473675125151,-0.08792261630584984,-0.0757192709914285,0.12890964200868354,0.16635572139303484,-2.600775301126529,16.615384615384617,1.0401510467677366,0.05293518832711232
TXN,Technology,Semiconductors,266729979904,275676987392.0,8664999936.0,5336000000.0,1068249984.0,18.437,910092791,14049999872.0,5103000064.0,34585000000.0,10568999936.0,7824000000.0,0.12161,0.32347,0.37824002,0.57322,4.456,0.83741,18438000640.0,0.186,0.313,,275676987392.0,16273000000.0,8946999808.0,0.03143171295498368,0.020005250260658754,0.004004986557508378,0.061009264897245105,0.305594909238109,0.2001967736131934,-0.040677564911326236,-0.23971315080528965,-0.0503231268519825,-0.345062868196606,-0.11734645469874583,-0.026021571995832042,-0.00012440382101706733,1.032544705606793,11.515653775322283,0.5568683324753841,0.19897537071214919
TPL,Energy,Oil & Gas E&P,28086388736,27856803840.0,690252032.0,503625984.0,-56057624.0,22.558,68974429,17987000.0,247571008.0,1623278000.0,782336000.0,551192000.0,0.25188,0.36466,0.77222,0.93242997,4.227,1.156,839025024.0,0.208,0.183,,27856803840.0,1458907000.0,-229584008.0,0.024778579623296798,0.017931318573344124,0.0,0.05194355934161204,0.48194825532040725,-0.11130804561505707,0.061455817167499704,-0.577562159616098,0.06657538449463617,-0.6630360270479991,-0.0962024760508291,0.30068268136728576,0.0,-0.33260895637609655,885.5347826086957,30.643909490187358,0.3942798293098898
TXT,Industrials,Aerospace & Defense,16084729856,18790729728.0,1684000000.0,936000000.0,622374976.0,46.026,173888981,4215000064.0,1508999936.0,18129000000.0,2708999936.0,1319000064.0,0.04557,0.12254,0.08011,0.17836,1.845,0.52674,15187999744.0,0.118,0.106,,18790729728.0,7875000000.0,2706000128.0,0.08961865900772749,0.058191838369660215,0.03869352992383884,0.4895947939755066,0.1494290879805836,0.6649305299145299,0.04768129392975795,-0.06430519167745119,0.04220660091184858,-0.0927033827229522,-0.025368429193532827,0.07667181375460269,-0.04891304347826087,1.606888437054632,10.023809523809524,0.31293002229477546,0.09168118466898954
TMO,Healthcare,Diagnostics & Research,194521546752,234554540032.0,11296000000.0,6848000000.0,5520625152.0,139.75,371621465,43161001984.0,3256000000.0,110343000000.0,18499999744.0,8287000064.0,0.04997,0.13523,0.17892,0.40932,1.526,0.82903,45197000704.0,0.062,0.113,,234554540032.0,53407000000.0,39905001984.0,0.04815937478105902,0.03520432627821263,0.028380532872475932,0.27455570291187237,0.16765902453259382,0.8061660560747663,-0.0026639607700198464,-0.03074299981574713,-0.0024017168165837177,-0.022103803197313674,-0.013034754040663066,0.13380462592862793,0.002971920770589051,3.5326666062322944,6.150105708245243,0.1920020315346718,0.09171448388927422
TJX,Consumer Cyclical,Apparel Retail,170411687936,179011715072.0,8835000320.0,5790000128.0,4314250240.0,9.414,1104704446,14179999744.0,5580000256.0,35767000000.0,19307999232.0,7599000064.0,0.13871999,0.6125,0.11771,0.31351998,1.139,1.3630699999999998,61583998976.0,0.092,0.293,,179011715072.0,10190000000.0,8599999488.0,0.0493543135791224,0.03397654349961312,0.025316633455448576,0.059796367980504764,0.5398271935583079,0.7451209230785012,0.06530493123671799,0.23238587451971782,0.060576317993526044,0.1675188156994464,0.03353689263700593,0.12655516709187692,-0.010940108256660587,0.9734011518405922,99.63513513513513,0.5358956418328127,0.32906364366687496
TKO,Communication Services,Entertainment,37158772736,23901763584.0,1440404992.0,226346000.0,830904512.0,45.035,74967673,4964895232.0,788891008.0,15495821000.0,2993332992.0,1817442048.0,0.03852,0.06736,0.21215001,0.59119,1.339,0.58229,5063226880.0,0.259,0.63,,23901763584.0,3737381000.0,4176004224.0,0.06026354444256225,0.0060913206581958085,0.022360924509086565,0.1005786985095761,0.19317033876423845,3.670948512454384,0.6074013472470561,0.33291351357224563,0.355954201612018,0.40270237782497575,-0.11635530289438822,0.025413217316131213,-0.04231369761578616,2.899187552940666,3.9923640022888263,0.36605848926803697,0.05929872372800315
TTD,Communication Services,Advertising Agencies,8979069952,7996729856.0,709745984.0,432623008.0,569112640.0,5.209,426999732,423575008.0,1405915008.0,6153220000.0,2310921984.0,1093092992.0,0.06573,0.16735001,0.09675,0.77832,1.682,17.264,2969120000.0,0.118,-0.2,,7996729856.0,2484391000.0,-982340000.0,0.08875452801090596,0.04818127159190217,0.06338213679616514,0.2766868966698078,0.3755630359389068,1.3154932342387116,0.2244193656887754,0.19670910627280502,0.20097745862112143,0.17676136191923586,-0.03557066364240491,0.006752181095692685,-0.040673169374784574,-1.3840726430936734,,2.5806361833321385,0.20411343356574813
TSCO,Consumer Cyclical,Specialty Retail,16656519168,22841028608.0,1952216064.0,1081241984.0,350726016.0,4.783,524449616,6408778240.0,224268992.0,10933679000.0,5700271104.0,1509603968.0,0.08229999,0.45504,0.06499,0.36425,1.38,2.54949,15649139712.0,0.036,-0.081,,22841028608.0,2581293000.0,6184509248.0,0.08546970880795808,0.06491404194924767,0.021056381135970127,0.1549719346500139,0.5213497765939534,0.3243732866370087,0.030047957019021077,0.08259320169089857,0.028971715750146596,0.08300154621912235,0.014202965059182837,0.11505743979007668,0.0016221721593438466,3.167943017192589,21.222217401365267,0.2355525361414284,0.1763851943028381
TT,Industrials,Building Products & Equipment,105693257728,109256654848.0,4233400064.0,2936199936.0,2662362624.0,38.837,221055477,4616000000.0,1074200064.0,21420700000.0,7760799744.0,3481200128.0,0.11342,0.36630002,0.15521,0.35924998,1.095,0.5359700000000001,21602799616.0,0.06,-0.021,,109256654848.0,8579200000.0,3541799936.0,0.03874729708583508,0.027780390150867203,0.025189521841133423,0.08117074054125989,0.3623037409608463,0.906737511760507,0.10063610722538807,0.32369502333960676,0.0970271043199598,0.24681578828930195,0.05114837338068429,0.06323616274625621,-0.016075035006163946,0.836632466210498,17.226731363034848,0.7541594731369151,0.2580481036077706
TDG,Industrials,Aerospace & Defense,75425882112,103545880576.0,4850999808.0,1864000000.0,1524875008.0,-164.367,55933583,32003000320.0,3891000064.0,22909000000.0,5674999808.0,2104999936.0,0.11769,-0.19244270080528597,0.46659002,0.59718,3.516,-3.304047111294652,9502999552.0,0.183,0.115,,103545880576.0,,28112000256.0,0.046848795732047414,0.024713002325012834,0.020216866747885174,,0.2477192286001135,0.818065991416309,0.17606144961795578,0.29873468078517895,0.16065311794337328,0.2503037667071689,0.030580788440159545,-0.10462753068084109,0.009053961909565283,5.795094077233161,2.672391857506361,0.06577508092841215,0.20268249143629083
TRV,Financial Services,Insurance - Property & Casualty,72790401024,74917404672.0,10574000128.0,7549000192.0,13304375296.0,150.452,212644693,9267999744.0,7141000192.0,143708000000.0,16090999808.0,11443999744.0,0.04442,0.25272,0.18744,0.32878,0.335,0.28975,48941998080.0,0.01,3.576,,74917404672.0,32894000000.0,2126999552.0,0.1411421040850869,0.1037087320004047,0.18277650773779036,0.45190024422525704,0.11197010471233335,1.7624022993268986,0.09790109129310776,,0.0941674110358738,,,0.07897799367815661,0.003160955873056012,0.20115372860339728,19.343529411764706,1.2347863681598306,
TRMB,Technology,Scientific & Technical Instruments,12364234752,13542934528.0,866899968.0,456200000.0,370112512.0,24.33,233111519,1412800000.0,234100000.0,9312000000.0,2635200000.0,505300000.0,0.046529997,0.08252,0.15874,0.71480006,1.014,0.25062,3686599936.0,0.118,0.556,,13542934528.0,5836200000.0,1178700000.0,0.06401123524651806,0.03689674364409868,0.029934122040195958,0.4720227427788003,0.2829896907216495,0.8112944147303814,-0.008135718177214146,0.012206711745256227,-0.010373263888888888,-0.0042229537972528096,0.11799256544684666,-0.018580778432385148,-0.03986981285598047,1.359672446083191,7.846774193548387,0.357658550396376,0.07476372205004739
TFC,Financial Services,Banks - Regional,63514927104,93791928320.0,,5193999872.0,,47.595,1245879275,72206000128.0,46845001728.0,547538000000.0,18656999424.0,5672000000.0,0.010190001,0.08579001,0.38990003,0.0,,1.1076408616177575,18656999424.0,0.052,0.253,,93791928320.0,65189000000.0,25360998400.0,0.0,0.08177605027390318,0.0,1.026357156850056,0.03407434629925229,0.0,0.005741435027416086,,-0.031014240678334602,,,0.030803349548925402,-0.040629635483792524,,,0.0785530286949175,
TYL,Technology,Software - Application,13086811136,13115073536.0,454520000.0,315731008.0,544489280.0,83.828,41140555,47960000.0,346353984.0,5638908000.0,1113053056.0,704646976.0,0.04676,0.08930001,0.17035,0.46754003,1.001,1.348,2380677888.0,0.086,0.022,,13115073536.0,3702789000.0,-298393984.0,0.03465630587219912,0.024125893215610626,0.041605955365412554,0.2829405086938362,0.19738805031045017,1.7245353361048403,0.08024951917670409,0.23281151705004777,0.07893813637120836,0.24066763672606034,0.04097764901524009,0.08858912570716494,0.0,-0.6565035289976239,79.14174174174174,14.692388990825688,0.10179394009933918
TSN,Consumer Defensive,Farm Products,20736901120,28422899712.0,2710000128.0,453000000.0,1029000000.0,51.396,282120397,8082999808.0,500000000.0,36658000000.0,3556999936.0,2138000000.0,0.0247,0.02619,0.0364,0.06385,1.83,0.44409999999999994,55709999104.0,0.044,36.022,,28422899712.0,18085000000.0,7582999808.0,0.0953456598538344,0.021845115496215473,0.049621686193390115,0.8721168073930614,0.09703202400567407,2.271523178807947,0.00719878201118096,0.13735356163421808,0.0073020340044784564,0.30657095527332967,-0.05971682333985813,-0.011913746630727763,0.00040039104329342624,2.798154778537339,2.712694877505568,0.2645057590975016,0.040239188608807694
USB,Financial Services,Banks - Regional,96158777344,132798464000.0,,7432000000.0,,37.537,1557731728,82372001792.0,52665999360.0,692345000000.0,26646999040.0,9617999872.0,0.0113699995,0.123500004,0.37837002,0.0,,1.2635099135183225,26646999040.0,0.046,0.148,,132798464000.0,65193000000.0,29706002432.0,0.0,0.07728883629013543,0.0,0.6779724306058664,0.038488035646967914,0.0,0.05675735260226378,,0.04585831667777038,,,0.020679091517547817,0.0,,,0.1167629736167721,
UBER,Technology,Software - Application,151509630976,158898634752.0,7020000256.0,8540000256.0,6536625152.0,12.154,2035599013,12419000320.0,6090999808.0,61802000000.0,21279000576.0,10126000128.0,0.06943,0.3531,0.14565,0.39635,1.069,0.48113,53687001088.0,0.145,-0.846,,158898634752.0,27041000000.0,6328000512.0,0.04417910995243238,0.05636605541830397,0.04314329795335215,0.17847710291290625,0.34430925497556714,0.7654127583201796,0.17730580736694201,1.9253167244957807,0.16255714398164126,0.6203233708966193,0.014257356286731915,0.20603387713683552,-0.018998526058218567,0.9014245414865124,14.181818181818182,0.8153635451391952,0.12610646295622652
UDR,Real Estate,REIT - Residential,15224487936,20057006080.0,1045686976.0,485961984.0,1007130496.0,9.95,324915653,5845310976.0,2371000.0,10605674000.0,1176950016.0,875414016.0,0.02214,0.123500004,0.21954,0.66619,0.223,1.42368,1766688000.0,0.042,1.516,,20057006080.0,3288462000.0,5842939976.0,0.05213574607442109,0.03191975888074952,0.06615201117001299,0.21599820065041825,0.11097361808405576,2.0724470826096555,0.041108595032072204,0.016774702585622414,0.03854370148410656,0.030042496563347596,0.05289132535132984,-0.02678684985830807,-0.00781504264966945,5.587656832401822,3.0575325884070206,0.14976346332886703,0.062093240928207546
ULTA,Consumer Cyclical,Specialty Retail,19832258560,21913401344.0,1889405056.0,1188896000.0,973080128.0,63.475,42989311,2302443008.0,221300000.0,6999294000.0,5488184832.0,1544653056.0,0.15326001,0.47449002,0.14168,0.43186,1.311,0.89209,12708310016.0,0.111,0.155,,21913401344.0,2803451000.0,2081143008.0,0.08622144168035915,0.05994758470918201,0.04906552246967075,0.14135813082098098,0.7841054872105673,0.818473716792722,0.06676379680111233,-0.029904259145308698,0.05889516172462009,-0.03604772789087428,-0.005217069422206455,0.16621993160929757,-0.03762097032621932,1.101480596440195,,0.6708756962204904,0.3243620040578418
UNP,Industrials,Railroads,167575552000,198045548544.0,12586000384.0,7213000192.0,4034374912.0,32.708,593713213,31505000448.0,1035000000.0,69698000000.0,13962000384.0,9520000000.0,0.09137999,0.40686,0.40357,0.56526,0.916,1.62246,24700000256.0,0.032,0.062,,198045548544.0,18467000000.0,30470000448.0,0.06355103902375142,0.04304327275615956,0.024074961197203756,0.1102010393497018,0.20032139206289995,0.5593199507293178,-0.004915242301498868,-0.014310393573741975,-0.0039445956175706365,0.007157202848274603,0.007320076514764795,0.02928450121834158,0.0001279924549122571,2.4209438676591097,8.002291825821237,0.3021742537573698,0.1619411291818688
UAL,Industrials,Airlines,43271639040,60075634688.0,7885000192.0,3664999936.0,1647000064.0,48.909,324569728,30971000832.0,14167000064.0,76448000000.0,20433999872.0,9520000000.0,0.041360002,0.25726998,0.043470003,0.33795,0.698,1.95081,60465000448.0,0.106,0.845,,60075634688.0,15282000000.0,16804000768.0,0.13125121745197332,0.08469750666509535,0.03806188303792987,0.3531643436448854,0.2672927986605274,0.449386109893782,0.09529134601036815,0.2704417524155249,0.08508368054747328,0.40638459589561693,0.05111301697273141,0.031923653199789424,-0.013507447676747539,2.131135112089037,4.689802913453299,0.30738431901637814,0.10877471926860777
UPS,Industrials,Integrated Freight & Logistics,94061699072,116949696512.0,11834000384.0,5248999936.0,4625500160.0,19.113,746581816,28661999616.0,5801999872.0,73090000000.0,19826999296.0,8355999744.0,0.07194,0.33353,0.0633,0.2245,1.213,1.81508,88317001728.0,-0.016,-0.272,,116949696512.0,16227000000.0,22859999744.0,0.10118880798280425,0.055803796739649865,0.04917517125072754,0.172514425744946,0.27126828972499656,0.8812155108397395,-0.04040260188163358,-0.2008109449541734,-0.037645777800537426,-0.198117591462214,-0.028631090799136755,0.04309975738547167,-0.00585480093676815,1.9317220721834312,8.044247787610619,0.29153582638858966,0.14235253175569862
URI,Industrials,Rental & Leasing Services,68822876160,83685883904.0,4546999808.0,2507000064.0,1870625024.0,142.961,62646557,15018999808.0,156000000.0,29866000000.0,6282999808.0,5279000064.0,0.088649996,0.28237,0.23087,0.38393003,0.802,1.67473,16364999680.0,0.072,0.066,,83685883904.0,8968000000.0,14862999808.0,0.054334131347839695,0.03642684240879014,0.027180279703091094,0.1303055103240835,0.21037299296859305,0.7461607404250947,0.11409895911958845,-0.03774599970221937,0.10020551046710091,-0.07453213995117983,-0.04749727621073008,0.060469410219081775,0.0015214532813390596,3.2687487212667152,5.662011173184357,0.35148812380889005,0.15564172457480707
UNH,Healthcare,Healthcare Plans,386288287744,440414306304.0,21464000512.0,12044000256.0,17687500800.0,107.798,908144404,77917003776.0,31228999680.0,309581000000.0,84551999488.0,23153000448.0,0.03783,0.121759996,0.080469996,0.18801,0.798,0.73982,449713012736.0,0.02,0.007,,440414306304.0,94110000000.0,46688004096.0,0.048735929339189715,0.031178787030638033,0.04578834347605645,0.24362633552681862,0.27311753462906313,1.4685735988081334,0.11352161443193465,-0.11769183678737172,0.10335929164326402,-0.1256096708825379,-0.06034702916618251,0.037894179255593775,-0.010012437158469945,2.175177179570876,4.672413793103448,0.29714952226039765,0.09604795463417641
UHS,Healthcare,Medical Care Facilities,9584720896,14731131904.0,2667874048.0,1520797952.0,650819008.0,123.312,53287606,5125816832.0,119028000.0,15527593000.0,7855912960.0,1905976960.0,0.08354,0.21369,0.111870006,0.44233,1.079,0.67405,17760290816.0,0.096,0.177,,14731131904.0,7275792000.0,5006788832.0,0.18110448439305482,0.15866898666133053,0.06790171722909603,0.7591031683600107,0.5059324365341106,0.4279457419995263,0.09025656499826118,0.4654120090227676,0.08832875585367901,0.3344004710003821,0.014492012781040398,0.07310728057549581,-0.060226016659901745,1.8766961040583576,13.952711533788266,0.371838679076701,0.17288406437764609
VLO,Energy,Oil & Gas Refining & Marketing,79506718720,88328724480.0,9203000320.0,4196000000.0,4786625024.0,80.388,296932782,11491000320.0,5733000192.0,57988000000.0,17160999936.0,6264000000.0,0.06487,0.1585,0.060510002,0.14563,1.576,0.42664,117841002496.0,0.066,,,88328724480.0,23725000000.0,5758000128.0,0.10419034548703131,0.05277541404742304,0.06020403182348814,0.29840245430770057,0.29594053831827277,1.140759061963775,-0.11397235202184985,-0.22707000635872654,-0.12268975819088505,-0.2682613185861345,-0.05120770209641292,-0.03583126880933774,0.0,0.6256655359977212,6.404676258992806,0.5451222544217978,0.08115499441646346
VEEV,Healthcare,Health Information Services,31309322240,24099667968.0,1026113024.0,941651968.0,1259549056.0,44.828,162443291,103067000.0,7312718848.0,8979343000.0,2490096896.0,1665182976.0,0.07298,0.13934,0.30932,0.75021005,4.738,1.411,3319216128.0,0.163,0.146,,24099667968.0,7214752000.0,-7209651848.0,0.04257789050714277,0.030075769790920904,0.04022920222753439,0.23043462725560424,0.27731392998351884,1.3375950975551936,0.14029684526801778,,0.1339761734031581,,0.03803911230266277,0.22338440133432227,0.0073468702343995685,-7.026177116332947,,16.156315561721986,0.12480702538595945
VTR,Real Estate,REIT - Healthcare Facilities,44980420608,57974575104.0,2288324096.0,260424992.0,1483115264.0,27.001,486169723,12726149120.0,183612992.0,27591945000.0,2475273984.0,1720189056.0,0.022119999,0.0214,0.13771,0.40493,0.206,0.9373600000000001,6112847872.0,0.219,0.1,,57974575104.0,12527253000.0,12542536128.0,0.039471166315492585,0.005789741146922092,0.03297246321738975,0.2785045766728994,0.089710021674804,5.694980549332223,0.12210436341766595,0.14584736195473558,0.11433013093552598,0.17513435036010216,-0.03333364916260079,0.053654257589651866,0.08657583765171534,5.481101278409123,1.4040336727393892,0.13516964478253732,0.03280470007829724
VLTO,Industrials,Pollution & Treatment Controls,22730213376,24172212224.0,1378000000.0,969000000.0,768249984.0,12.235,245599266,2872000000.0,1431000064.0,7693000000.0,3348000000.0,1102000000.0,0.11322,0.36463,0.23768999,0.59861,1.484,0.95542,5592999936.0,0.068,0.133,,24172212224.0,3105000000.0,1440999936.0,0.05700760804308252,0.042630484103731804,0.03379862614097442,0.13660232522403226,0.43520083192512676,0.7928276408668731,0.0415741282156441,0.0664583341799676,0.04023898576771749,0.04973456272701872,0.032756073689132026,0.20090540118638775,0.004042037186742118,1.0457183860667634,13.21875,0.38370473537604455,0.22511974454497072
VRSN,Technology,Software - Infrastructure,23335129088,24573329408.0,1172099968.0,840899968.0,807275008.0,-24.296,91000000,1794599936.0,556400000.0,1325900000.0,1487100032.0,1072200000.0,0.52069,-0.39035371274719155,0.68454003,0.8835,0.462,-0.8330702516015226,1683200000.0,0.066,0.114,,24573329408.0,,1238199936.0,0.047698052980090506,0.036035796709281094,0.03459483789250337,,1.1215778203484426,0.9600131272689024,0.05150438997980311,0.09951144244430621,0.0495368558382257,0.09681249120832747,0.02235627550006225,-0.05730536793458941,0.0011261261261261261,1.0563944798264853,13.751500600240096,0.5974590651049706,
VRSK,Industrials,Consulting Services,24677963776,28778764288.0,1508099968.0,910200000.0,944362496.0,2.233,131021840,4625200128.0,525200000.0,6195500000.0,2171000064.0,1381699968.0,0.17999001,2.9456310679611653,0.45004,0.6998,1.018,14.968285203883495,3102299904.0,0.039,0.048,,28778764288.0,309000000.0,4100000128.0,0.05240322179603933,0.03688310787153333,0.03826743991408313,0.012521292388819818,0.35041563457348074,1.0375329553944188,0.07160288137517012,0.14970353914127865,0.06925122161540673,0.14083176817815937,0.029035385307423667,0.45273993481370317,0.0,2.718652751804846,7.853715623171445,0.29873301257506146,0.34457794208256315
VZ,Communication Services,Telecom Services,177711792128,371544784896.0,51101999104.0,17340000256.0,19608500224.0,24.741,4175558910,200921006080.0,8400999936.0,404258000000.0,81968996352.0,37339000832.0,0.0508,0.17198,0.25186002,0.58909,0.64,1.9204499999999998,139146002432.0,0.029,0.043,,371544784896.0,104460000000.0,192520006144.0,0.1375392716608957,0.09757371780658519,0.1103387681211196,0.5878056754093216,0.20276406738271105,1.130824679037421,0.003292396665705022,0.23676515035658485,0.003591105357234805,0.21860412527660675,0.021376160311705972,0.05080956874121093,0.0,3.7673674126171424,4.386913654018524,0.18583920895325828,0.08589362598277799
VRTX,Healthcare,Biotechnology,134019407872,128759209984.0,4981199872.0,4338299904.0,2783225088.0,76.179,253805417,1986499968.0,7246700032.0,25643000000.0,6645499904.0,4240600064.0,0.12142,0.24197,0.38126,0.54390997,3.023,10.26,12218000384.0,0.078,0.614,,128759209984.0,18665800000.0,-5260200064.0,0.038686163674186716,0.032370684014239544,0.020767328644357375,0.13927684278255756,0.25915454135631555,0.6415474147911744,0.10352183400647985,-0.06642622784647778,0.09911408779736641,-0.22683392083263743,-0.016628665377961593,0.13800969236504357,-0.011477985581884906,-1.0560106398396696,350.1127819548872,2.1347093542968536,0.2137793938058379
VRT,Industrials,Electrical Equipment & Parts,115436216320,116200620032.0,2383000064.0,1558400000.0,1964749952.0,10.303,384108816,3264900096.0,2500499968.0,12212400000.0,4028400128.0,2577299968.0,0.111499995,0.45097,0.16364999,0.37151,1.494,0.76913,10843400192.0,0.301,1.357,,116200620032.0,3941300000.0,764400128.0,0.020507636390784796,0.013500095980969866,0.017020221336374444,0.03414266445700496,0.3298614627755396,1.2607481724845997,0.2158543401649824,,0.1917600758530218,0.6734841941613404,0.07922095585435579,0.3372460990966329,0.00485864641906785,0.3207721810619305,21.231126596980257,0.789396273153223,0.23419683808645297
VTRS,Healthcare,Drug Manufacturers - Specialty & Generic,19448031232,31657828352.0,4125199872.0,-296500000.0,2238337536.0,12.588,1164552654,14609999872.0,2400199936.0,37193100000.0,5798199808.0,2168699904.0,0.02306,-0.01957,0.06784,0.39816,1.603,0.99675,14562599936.0,0.081,,,31657828352.0,14711300000.0,12209799936.0,0.13030583861066986,0.0,0.11509327135988014,0.756441607096654,0.15589450215228093,,-0.04196777704087673,-0.09652044687534433,-0.04331388072874814,-0.1092881230227249,-0.04890630021158654,-0.10380015855077841,0.00912418010732051,2.9598080856335294,-6.7763632505834925,0.14843941978098876,-0.10610722022140417
VICI,Real Estate,REIT - Diversified,29938370560,46711922688.0,3990516992.0,3104275968.0,1285280000.0,26.369,1101080187,17701677056.0,486896000.0,46724168000.0,4005734912.0,2549996032.0,0.05381,0.11331,1.0749099,0.99141,11.12,0.61853,4040432896.0,0.035,0.601,,46711922688.0,27797640000.0,17214781056.0,0.08542823250187342,0.10368887517704638,0.0429308601623508,0.9284954217628603,0.08573154073069851,0.41403535421757964,0.15490054932774422,0.08918022563191075,0.1266270145179068,0.08436308273568562,0.00201844907805393,0.029871273166179328,0.011780649822367316,4.313922504405164,4.343921509126211,0.14405392347476345,0.07966646111234035
V,Financial Services,Credit Services,688678502400,693002895360.0,30143000576.0,22033000448.0,20839749632.0,18.642,1659709932,23975999488.0,13912999936.0,99627000000.0,42070999040.0,22755999744.0,0.19193001,0.60349,0.67346,0.97778,1.088,0.6723300000000001,43027001344.0,0.171,0.355,,693002895360.0,37909000000.0,10062999552.0,0.04349621160001267,0.03199315844943093,0.030260491011952342,0.05504600458398162,0.4222851138747528,0.945842563802593,0.10921242130254294,0.06467227726661684,0.10252594478167222,0.05185175669599846,-0.0007762282497441042,0.05413126514373988,-0.02385907408967086,0.33384199846422086,45.08658743633277,0.9491157920398434,0.4112172687715821
VST,Utilities,Utilities - Independent Power Producers,50931412992,72688410624.0,6790000128.0,2048999936.0,476875008.0,9.232,337182468,19925999616.0,658000000.0,41550000000.0,7512999936.0,4670000128.0,0.06022,0.42898,0.26578,0.38637,0.896,3.55187,19445000192.0,0.434,,,72688410624.0,5097000000.0,19267999616.0,0.09341241705122799,0.04023057314985242,0.009363082231292202,0.10007576268894416,0.18081828967509025,0.23273549189608173,0.08917866741227787,,0.09122563771289921,0.24344926155312052,0.2063751001694964,0.10007942811755362,0.008941286011860871,2.837702393633887,2.1435845213849287,0.23436716942672856,0.07078961528114071
VMC,Basic Materials,Building Materials,39340384256,44415885312.0,2350599936.0,1117900032.0,244387504.0,65.276,129754885,5191300096.0,140200000.0,16700400000.0,2232000000.0,1802599936.0,0.06059,0.13458,0.15553,0.27684,2.589,0.61249,8062400000.0,0.074,0.297,,44415885312.0,8525100000.0,5051100096.0,0.05292250552900563,0.02841609336414917,0.006212128036414063,0.2167009845283805,0.1336494934253072,0.2186130217411068,0.027743692765690886,0.2845667895921915,0.019877921847655133,0.24716668788997836,0.06090097615484247,-0.023642486319629577,-0.011065008853201982,2.148855710681003,6.799332498957029,0.34723477792950924,0.10351682831246864
WRB,Financial Services,Insurance - Property & Casualty,26833707008,27748380672.0,2580321024.0,1877048064.0,3222230528.0,26.132,372276732,3096750080.0,3445806080.0,44071071000.0,6482492928.0,3506656000.0,0.03672,0.20164,0.17093,0.43651,0.385,0.3176,14850791424.0,0.04,0.26,,27748380672.0,9700818000.0,-349056000.0,0.09298996775706335,0.06995112764108183,0.1200814530411079,0.3615161333135176,0.14709179470587405,1.7166478524441238,0.09281781410527334,0.10695624033501039,0.09173330326983516,0.10944724052500335,,0.08637019875235374,0.0,-0.1352761911224888,18.972315039561202,1.1323664840270222,
GWW,Industrials,Industrial Distribution,63406276608,65905274880.0,3084999936.0,1782000000.0,1152125056.0,83.215,47213119,2780999936.0,695000000.0,8962000000.0,7194999808.0,2108000000.0,0.19511,0.46129,0.16723,0.39150003,2.686,0.64034,18378000384.0,0.101,0.182,,65905274880.0,3736000000.0,2085999936.0,0.046809605780677686,0.02810447317411419,0.018170520611434798,0.058921611547974526,0.8028341673733541,0.6465348237934905,0.056191483803869735,0.07313440177155206,0.052873563218390804,0.05363048166786485,0.006552554407502298,0.015063993657265828,0.0,0.6761750338007139,31.0,0.7580007366098696,0.35759043007690117
WAB,Industrials,Railroads,44487704576,50931703808.0,2520000000.0,1207000064.0,1123250048.0,65.311,169677346,6917000192.0,521000000.0,22069000000.0,4055000064.0,1767000064.0,0.06041,0.11305001,0.18983,0.35239,1.024,0.6203,11507000320.0,0.13,0.128,,50931703808.0,11142000000.0,6396000192.0,0.04947802275572363,0.02713109331001866,0.02524855032880175,0.25045122256118446,0.18374190330327608,0.9306130807297124,0.10122345018267498,0.19023657219546997,0.09218801303260678,0.1941948310139165,0.037070564479467605,0.180034220938937,-0.24239753195240193,2.538095314285714,8.075555555555555,0.2554575704716129,0.10739405402210532
WMT,Consumer Defensive,Discount Stores,890031505408,961492549632.0,44837998592.0,22735998976.0,6862249984.0,11.848,7958079155,75545001984.0,10728999936.0,284668000000.0,181155004416.0,40891998208.0,0.06835,0.24132,0.042150002,0.24976,0.771,0.74816,725304999936.0,0.073,0.194,,961492549632.0,99617000000.0,64816002048.0,0.04663374522159451,0.025545161983426164,0.007710120307319089,0.11192525140369554,0.6363729130636391,0.30182311281961943,0.05272290929168877,0.07584931135670359,0.05102303997419318,0.04649733940424598,0.007862359471987879,0.0914221521874988,-0.0068544366899302095,1.4455596610764976,11.528403001071812,0.5412932309758982,0.182100350453445
DIS,Communication Services,Entertainment,172782895104,221062889472.0,19719999488.0,11224000512.0,3751375104.0,62.297,1736511424,47358001152.0,5681999872.0,197514000000.0,36143001600.0,15792000000.0,0.04449,0.1101,0.15512,0.3716,0.679,0.41069,97263001600.0,0.065,-0.298,,221062889472.0,109869000000.0,41676001280.0,0.08920538193950346,0.06496013685408006,0.021711495815265765,0.6358789157564966,0.18298956833439656,0.33422798760471045,0.045093923223104904,1.1137596974046584,0.042049657812124025,0.49905691056910567,0.03528005329543921,0.006599768625872113,0.007767147025972984,2.1133875437147274,7.624172185430464,0.3334600197612665,0.08457196728537147
WBD,Communication Services,Entertainment,66388979712,96687980544.0,7584000000.0,-1735000064.0,18466875392.0,12.995,2507136702,32465999872.0,3296000000.0,100085000000.0,17022999552.0,3558000128.0,0.01391,-0.049590003,0.08590999,0.45748,0.729,0.9631799999999999,37210001408.0,-0.01,,,96687980544.0,35919000000.0,29169999872.0,0.0784378777727055,0.0,0.27816175925749403,0.5410385903777873,0.17008542291052606,,0.0331793709721504,-0.023563646783619663,0.022238476491713618,-0.056988171600070615,0.04450924406678908,-0.04279839326702372,0.009687034277198211,3.8462552573839663,1.7860911270983213,0.10959157709689281,0.042518696123765486
WM,Industrials,Waste Management,92523053056,115257057280.0,7662000128.0,2793999872.0,2136749952.0,24.911,401575752,22890999808.0,158000000.0,45835000000.0,10318999552.0,6336000000.0,0.065960005,0.29936,0.1752,0.40605,0.934,2.28408,25412999168.0,0.035,0.133,,115257057280.0,9990000000.0,22732999808.0,0.06647749221452273,0.0301978780392052,0.023094243882189256,0.1079730907058753,0.22513362173011892,0.7647637973835956,0.08563152473174229,0.1305079058261911,0.08309780183314071,0.13424782807498856,0.02850453367834943,0.028451544865034668,0.0,2.966979826184623,4.756578947368421,0.2767900071269792,0.10761330654163875
WAT,Healthcare,Diagnostics & Research,37240913920,42380914688.0,1135047936.0,449628992.0,-502370624.0,155.777,98185855,5601999872.0,462000000.0,5076550000.0,2079463936.0,389555008.0,0.03313,0.05212,0.02841,0.55154,1.788,0.36634,3770286080.0,0.914,,,42380914688.0,2561242000.0,5139999872.0,0.02678205377009913,0.012073521959366566,0.0,0.06877495019327388,0.40962148230589673,-1.1173003363626517,0.021229912681812513,0.0802635699799108,0.01931492954100321,0.10095012695619444,0.012812753465981541,0.1147954618071301,0.0012272799793816964,4.528442992560977,11.854057629263243,0.06953856067492606,0.21485927604298197
WEC,Utilities,Utilities - Regulated Electric,38705979392,61416480768.0,3932499968.0,1637699968.0,-2067012480.0,41.829,325725678,22317799424.0,45600000.0,51518300000.0,4211800064.0,3435200000.0,0.030439999,0.11679,0.28952998,0.41764,0.679,1.5318399999999999,10084800512.0,0.09,0.079,,61416480768.0,13644000000.0,22272199424.0,0.06403004403418962,0.042311291271407286,0.0,0.35250367551273043,0.08175347525054204,-1.26214356743518,0.006991111598761979,,0.003415522737622796,-0.4285675833295949,0.0778861887712487,0.08772844740220255,0.02449207711934671,5.663623548693186,2.8696235057535473,0.15392198552989378,0.05593044296231456
WFC,Financial Services,Banks - Diversified,261676810240,286965792768.0,,20668999680.0,,53.194,3060189494,469223997440.0,461199998976.0,2148631000000.0,81135001600.0,1179000064.0,0.01051,0.12028,0.29447,0.0,,2.590723109592142,81135001600.0,0.057,0.151,,286965792768.0,181117000000.0,8023998464.0,0.0,0.07898674575344747,0.0,0.6921400479999982,0.03776125430564857,0.0,0.04018692169368365,,0.034297745850879365,,,0.11336972658425935,0.0,,,0.0025126593491219713,
WELL,Real Estate,REIT - Healthcare Facilities,166638157824,183057088512.0,2988736000.0,1407559936.0,2600212736.0,62.146,705914450,19987095552.0,4703775232.0,67303047000.0,4691538944.0,2952730112.0,0.0074400003,0.03665,0.18039,0.39870998,1.646,0.44486,11766873088.0,0.383,1.579,,183057088512.0,42129498000.0,15283320320.0,0.01632679741764864,0.008446804467717638,0.015603945518566609,0.2528202336735885,0.0697076752557726,1.847319371272585,0.22688873316084646,0.2993456483498427,0.20859221266003994,0.26830902368836773,0.007892455043797264,0.31852207693755,0.09351738143909076,5.113640120773464,0.26371452017393837,0.14773182548299452,0.0026269963980828075
WST,Healthcare,Medical Instruments & Supplies,25838649344,25638250496.0,869900032.0,542700032.0,275662496.0,42.178,70647595,321000000.0,521400000.0,4270000000.0,1168499968.0,715299968.0,0.11214,0.19131,0.21695,0.36278,2.71,10.734,3220999936.0,0.21,0.561,,25638250496.0,3176000000.0,-200400000.0,0.03392977348964272,0.021003421067983204,0.010668610898735373,0.12291664156731551,0.27365338829039815,0.5079463418937111,0.021163814176677676,0.02189606475139083,0.01711284310403253,-0.012406203101550776,-0.034441457150101606,0.17198221441510678,0.0005765205843293493,-0.23037129857238584,1202.8,2.2283488099688475,0.16635777710160163
WDC,Technology,Computer Hardware,185783681024,184270667776.0,3928000000.0,6350000128.0,2075000064.0,20.915,344682131,1724000000.0,3236999936.0,14002000000.0,5350000128.0,3286000128.0,0.14648,0.85920995,0.37008998,0.45428002,1.49,17.81,11777000448.0,0.455,4.829,,184270667776.0,5540000000.0,-1512999936.0,0.021316469123424945,0.03417953661484235,0.011168903816325753,0.02981962661878967,0.38208828224539354,0.326771657035154,-0.20283734511271823,0.19051200629357035,-0.2715616974440504,0.1987645169261181,0.07525193762919952,-0.42111790970729285,0.011661807580174927,-0.38518328309572303,4.165266106442577,1.9060325568445475,0.17322926374650513
WY,Real Estate,REIT - Specialty,17153604608,22303612928.0,698000000.0,397000000.0,-45875000.0,13.091,721042609,5448999936.0,299000000.0,16613000000.0,1008000000.0,544000000.0,0.00721,0.04161,0.08975001,0.14675,1.418,0.57729,6869000192.0,-0.02,0.966,,22303612928.0,9426000000.0,5149999936.0,0.03129537811892931,0.02314382364945321,0.0,0.5495054955157329,0.06067537470655511,-0.11555415617128463,-0.12148651794619336,,-0.13029761344748644,-0.900963792654337,-0.20701638725083377,0.004656507014997581,-0.007321122278172337,7.378223404011461,1.9523809523809523,0.09983483325186811,0.034757091620476036
WSM,Consumer Cyclical,Specialty Retail,26790885376,27632848896.0,1649757952.0,1088536064.0,885462144.0,17.534,117746611,1493564032.0,651601024.0,5411912000.0,3630668032.0,1352263040.0,0.17356001,0.54007,0.16173,0.46062002,1.331,0.79878,7882159104.0,0.044,0.043,,27632848896.0,2082559000.0,841963008.0,0.05970278193931756,0.040630835775779924,0.03305087277157406,0.07773386249734071,0.6708660510370457,0.8134430941554914,-0.03451718232113232,0.147399725189306,-0.03308241263789301,0.06541748372609203,0.03755165219256734,0.020805955628170853,-0.035288193683047864,0.5103554778925533,759.1002680965147,0.9053934153658033,0.4094306697183339
WMB,Energy,Oil & Gas Midstream,89450094592,121007095808.0,6821000192.0,2788999936.0,-190250000.0,10.452,1222998265,30301999104.0,950000000.0,58573000000.0,7689999872.0,6067999744.0,0.048860002,0.19656,0.33609,0.63506,0.829,1.9985499999999998,12108999680.0,0.09,0.25,,121007095808.0,12807000000.0,29351999104.0,0.05636859678727246,0.031179396161862025,0.0,0.14317480667198085,0.13128915834941013,-0.06821441533371193,0.029089364281741803,-0.2986602942845309,0.02302086858432036,-0.2702136938508504,0.11807680199646275,0.07410327880877284,0.0023753370236675635,4.303181099221408,3.513869625520111,0.20025080600041983,0.09657498999371034
WTW,Financial Services,Insurance Brokers,27032899584,32165900288.0,2764999936.0,1667000064.0,2052125056.0,84.612,94447976,6905999872.0,1855000064.0,29530000000.0,4196999936.0,1800000000.0,0.050890002,0.20611,0.20522,0.42407,1.187,0.85693,9896999936.0,0.085,0.33,,32165900288.0,7976000000.0,5050999808.0,0.08596059526527623,0.06166560338154216,0.0759121325340399,0.2950478906347422,0.14212664869624111,1.2310287805723803,0.030704123618950474,0.36490357128424944,0.031305446600152685,0.26330680813439433,-0.008135480692201436,0.06679671977168455,-0.04735141591999982,1.8267630831511166,8.511538461538462,0.2606429240316094,0.14253510240886255
WDAY,Technology,Software - Application,33440206848,32895799296.0,1512000000.0,847000000.0,3118749952.0,30.12,201000000,3804999936.0,4352999936.0,18074000000.0,7465999872.0,3177999872.0,0.04343,0.10858,0.13297,0.75766,1.009,0.56936,9854000128.0,0.135,2.48,,32895799296.0,7805000000.0,-548000000.0,0.04596331544933317,0.02532879069348991,0.09326347669367144,0.23340166630777892,0.41307955471948654,3.6821132845336484,0.15396978072353007,0.29053896613224683,0.1422806850316144,0.23206368646662584,0.032110762952471394,0.005395783501140346,0.020388000058765628,-0.36243386243386244,9.850877192982455,0.835216800382096,0.09601573187414501
WYNN,Consumer Cyclical,Resorts & Casinos,9954185216,19443224576.0,1760022016.0,375040992.0,356894624.0,-2.688,103786729,12159864832.0,1795227008.0,13108117000.0,4967958016.0,1372333952.0,0.05599,-1.3613498468195084,0.15323,0.68108004,1.242,-44.138722111712866,7294288896.0,0.092,0.509,,19443224576.0,,10364637824.0,0.09052109690552597,0.03767671425253094,0.03585372546879481,,0.3789986018586804,0.9516149743972521,0.23855981362120016,,0.17494657519869897,0.47824285999169613,0.05050153571199306,0.010028846591718592,0.005557082433581966,5.888925098536949,1.8218928441258657,0.11285766502836074,0.09940707054786772
XEL,Utilities,Utilities - Regulated Electric,51165134848,88640135168.0,6060000256.0,2091000064.0,-7471625216.0,37.859,624269560,39243001856.0,1768000000.0,81371000000.0,6790000128.0,4752000000.0,0.02338,0.0959,0.18155001,0.45928,0.77,1.64845,14784000000.0,0.029,0.06,,88640135168.0,23609000000.0,37475001856.0,0.06836632462839161,0.04086767425145827,0.0,0.46142749491693863,0.08344496353737818,-3.5732305056495686,-0.014155451358960125,,-0.018658244542394058,-0.7625637695946572,0.08925944727901419,0.16186192617976725,0.08572086693813441,6.183993444372554,2.32017870439315,0.12109165393201056,0.04194825125871678
XYL,Industrials,Specialty Industrial Machinery,28076355584,29586356224.0,1912000000.0,981000000.0,959124992.0,47.13,237693493,2060999936.0,808000000.0,17634000000.0,3510000128.0,1316000000.0,0.05006,0.08724,0.12894,0.3861,1.463,18.354,9091000320.0,0.027,0.145,,29586356224.0,11480000000.0,1252999936.0,0.06462438245264603,0.03494043224609418,0.03416130662437474,0.40888497674328356,0.1990473022570035,0.9777013170234454,0.1783579915890725,0.3286274540934562,0.15401371256109964,0.27683535281539556,0.007215891678043096,0.06918086460922816,0.002638888888888889,0.6553346945606695,41.724137931034484,0.6385250076980109,0.08187846799296251
YUM,Consumer Cyclical,Restaurants,45403082752,57858080768.0,2992999936.0,1738000000.0,1261500032.0,-26.444,275621202,13144000512.0,689000000.0,8197000000.0,3875000064.0,2022000000.0,0.23302001,-0.23726962457337883,0.31083,0.45663,0.651,-1.7944028002730374,8486000128.0,0.152,0.722,,57858080768.0,,12455000512.0,0.05173002450602131,0.038279339081297103,0.02778445769619974,,0.47273393485421494,0.7258343107019563,0.06281386051452831,0.12601892173015283,0.06184427748391227,0.11464692071518873,-0.021687365173938544,0.21852237252861603,-0.008966730123919985,4.161376805321789,5.145708582834331,0.15383444318599857,0.38587037868582547
ZBRA,Technology,Communication Equipment,12726689792,15461689344.0,1026000000.0,418000000.0,559000000.0,71.719,47633392,2848999936.0,114000000.0,8502000000.0,2689999872.0,915000000.0,0.06361,0.11781,0.14983,0.48182,0.961,0.82104,5583000064.0,0.143,0.038,,15461689344.0,3588000000.0,2734999936.0,0.0663575614005041,0.03284436148217857,0.043923440355353636,0.2819271985599443,0.3163961270289344,1.3373205741626795,-0.02271104500520582,0.26245815108786386,-0.014617683926333044,0.4017474879860201,0.026640432366502098,0.06701807228915663,0.0,2.6656919454191033,6.185185185185185,0.3211653283799863,0.10045112781954887
ZBH,Healthcare,Medical Devices,16922163200,24038862848.0,2580999936.0,761200000.0,1044124992.0,65.529,193462482,7586999808.0,478500000.0,23091700000.0,5901199872.0,1673699968.0,0.040960003,0.060650002,0.19687,0.70176005,1.733,0.59827,8409099776.0,0.093,0.341,,24038862848.0,12697700000.0,7108499808.0,0.10736780488827223,0.04498242872400616,0.06170162642090581,0.7503591503005952,0.2555550207217312,1.371682858644246,0.058543208193682306,0.09997157589516359,0.0550082329835142,0.08426821673240606,-0.011947570749303416,0.08080392037556225,0.0038045449255968635,2.7541650462094394,3.837431693989071,0.2206010294392247,0.05478837526818803
ZTS,Healthcare,Drug Manufacturers - Specialty & Generic,31358265344,38671261696.0,4073999872.0,2672000000.0,1780875008.0,7.839,419228118,9253999616.0,1940999936.0,15467000000.0,6847000064.0,2790000128.0,0.15525,0.67748,0.36561,0.71839,3.153,2.86236,9530999808.0,0.029,0.06,,38671261696.0,3331000000.0,7312999680.0,0.10534954623477925,0.08520879489627932,0.0567912474897387,0.10622398794891708,0.4426844290424775,0.6664951377245509,0.054225876815096274,0.19854440568989773,0.05514470817891193,0.18852284803400637,0.02210306881538482,0.08639460560511343,0.0,1.795041705882508,16.135135135135137,0.3014912733707207,0.2707073760580411
