"Ticker","Name","Sector","Asset Class","Market Value","Weight (%)","Notional Value","Quantity","Price","Location","Exchange","Currency","FX Rate","Accrual Date"
"NVDA","NVIDIA CORP","Information Technology","Equity","433081571.3","5.37907","433081571.3","2111563","205.1","United States","NASDAQ","USD","1","--"
"AAPL","APPLE INC","Information Technology","Equity","412610404.14","5.12481","412610404.14","1342521","307.34","United States","NASDAQ","USD","1","--"
"MSFT","MICROSOFT CORP","Information Technology","Equity","268767983.46","3.33822","268767983.46","645038","416.67","United States","NASDAQ","USD","1","--"
"AMZN","AMAZON.COM INC","Consumer Discretionary","Equity","217768287.87","2.70478","217768287.87","885129","246.03","United States","NASDAQ","USD","1","--"
"GOOGL","ALPHABET INC CLASS A","Communication","Equity","195836473.47","2.43238","195836473.47","531399","368.53","United States","NASDAQ","USD","1","--"
"AVGO","BROADCOM INC","Information Technology","Equity","158665021.01","1.97069","158665021.01","411337","385.73","United States","NASDAQ","USD","1","--"
"GOOG","ALPHABET INC CLASS C","Communication","Equity","155003601.6","1.92522","155003601.6","423785","365.76","United States","NASDAQ","USD","1","--"
"META","META PLATFORMS INC CLASS A","Communication","Equity","119085074","1.47909","119085074","200818","593","United States","NASDAQ","USD","1","--"
"TSLA","TESLA INC","Consumer Discretionary","Equity","100645746","1.25007","100645746","257406","391","United States","NASDAQ","USD","1","--"
"MU","MICRON TECHNOLOGY INC","Information Technology","Equity","89106215.31","1.10674","89106215.31","103131","864.01","United States","NASDAQ","USD","1","--"
"LLY","ELI LILLY","Health Care","Equity","83090353.38","1.03202","83090353.38","73439","1131.42","United States","NYSE","USD","1","--"
"JPM","JPMORGAN CHASE & CO","Financials","Equity","76698392.69","0.95263","76698392.69","245537","312.37","United States","NYSE","USD","1","--"
"AMD","ADVANCED MICRO DEVICES INC","Information Technology","Equity","69533993.34","0.86364","69533993.34","149093","466.38","United States","NASDAQ","USD","1","--"
"BRKB","BERKSHIRE HATHAWAY INC CLASS B","Financials","Equity","62038882.35","0.77055","62038882.35","127095","488.13","United States","NYSE","USD","1","--"
"ASML","ASML HOLDING NV","Information Technology","Equity","59961699.18","0.74475","59961699.18","35477","1690.15","Netherlands","Euronext Amsterdam","USD","0.86513","--"
"XOM","EXXON MOBIL CORP","Energy","Equity","56952509.12","0.70738","56952509.12","379886","149.92","United States","NYSE","USD","1","--"
"JNJ","JOHNSON & JOHNSON","Health Care","Equity","51245944.89","0.6365","51245944.89","220157","232.77","United States","NYSE","USD","1","--"
"V","VISA INC CLASS A","Financials","Equity","49705205.55","0.61736","49705205.55","153615","323.57","United States","NYSE","USD","1","--"
"WMT","WALMART INC","Consumer Staples","Equity","47610370.08","0.59134","47610370.08","400491","118.88","United States","NASDAQ","USD","1","--"
"CSCO","CISCO SYSTEMS INC","Information Technology","Equity","43915689.2","0.54545","43915689.2","361030","121.64","United States","NASDAQ","USD","1","--"
"INTC","INTEL CORPORATION","Information Technology","Equity","39849580.27","0.49495","39849580.27","401831","99.17","United States","NASDAQ","USD","1","--"
"COST","COSTCO WHOLESALE CORP","Consumer Staples","Equity","39384059.88","0.48917","39384059.88","40524","971.87","United States","NASDAQ","USD","1","--"
"CAT","CATERPILLAR INC","Industrials","Equity","38453602.72","0.47761","38453602.72","42524","904.28","United States","NYSE","USD","1","--"
"MA","MASTERCARD INC CLASS A","Financials","Equity","36834437.56","0.4575","36834437.56","75007","491.08","United States","NYSE","USD","1","--"
"ABBV","ABBVIE INC","Health Care","Equity","36716732.32","0.45604","36716732.32","161584","227.23","United States","NYSE","USD","1","--"
"LRCX","LAM RESEARCH CORP","Information Technology","Equity","34626387.44","0.43008","34626387.44","114173","303.28","United States","NASDAQ","USD","1","--"
"ORCL","ORACLE CORP","Information Technology","Equity","33716780.88","0.41878","33716780.88","157791","213.68","United States","NYSE","USD","1","--"
"BAC","BANK OF AMERICA CORP","Financials","Equity","33396993.28","0.41481","33396993.28","620416","53.83","United States","NYSE","USD","1","--"
"UNH","UNITEDHEALTH GROUP INC","Health Care","Equity","33151615.83","0.41176","33151615.83","82989","399.47","United States","NYSE","USD","1","--"
"AMAT","APPLIED MATERIAL INC","Information Technology","Equity","32870858.61","0.40827","32870858.61","72561","453.01","United States","NASDAQ","USD","1","--"
"CVX","CHEVRON CORP","Energy","Equity","31742301.84","0.39425","31742301.84","169464","187.31","United States","NYSE","USD","1","--"
"NFLX","NETFLIX INC","Communication","Equity","31646942.74","0.39307","31646942.74","385093","82.18","United States","NASDAQ","USD","1","--"
"GE","GE AEROSPACE","Industrials","Equity","31333184","0.38917","31333184","95528","328","United States","NYSE","USD","1","--"
"PG","PROCTER & GAMBLE","Consumer Staples","Equity","31097253.4","0.38624","31097253.4","212210","146.54","United States","NYSE","USD","1","--"
"HSBA","HSBC HOLDINGS PLC","Financials","Equity","28318043.49","0.35172","28318043.49","1554540","18.22","United Kingdom","London Stock Exchange","USD","0.74702","Jan 01, 1998"
"KO","COCA-COLA","Consumer Staples","Equity","28285898.76","0.35132","28285898.76","355887","79.48","United States","NYSE","USD","1","--"
"HD","HOME DEPOT INC","Consumer Discretionary","Equity","28259846.96","0.351","28259846.96","90932","310.78","United States","NYSE","USD","1","--"
"GS","GOLDMAN SACHS GROUP INC","Financials","Equity","28123299.68","0.3493","28123299.68","27076","1038.68","United States","NYSE","USD","1","--"
"MRK","MERCK & CO INC","Health Care","Equity","27296848.94","0.33904","27296848.94","225986","120.79","United States","NYSE","USD","1","--"
"PLTR","PALANTIR TECHNOLOGIES INC CLASS A","Information Technology","Equity","27008553.93","0.33546","27008553.93","199281","135.53","United States","NASDAQ","USD","1","--"
"ROP","ROCHE PS PAR AG","Health Care","Equity","26335226.09","0.3271","26335226.09","63938","411.89","Switzerland","SIX Swiss Exchange","USD","0.79415","--"
"AZN","ASTRAZENECA PLC","Health Care","Equity","25885154.18","0.32151","25885154.18","139535","185.51","United Kingdom","London Stock Exchange","USD","0.74702","--"
"PM","PHILIP MORRIS INTERNATIONAL INC","Consumer Staples","Equity","25377976.89","0.31521","25377976.89","142341","178.29","United States","NYSE","USD","1","--"
"NOVN","NOVARTIS AG","Health Care","Equity","25044027.53","0.31106","25044027.53","168577","148.56","Switzerland","SIX Swiss Exchange","USD","0.79415","--"
"RY","ROYAL BANK OF CANADA","Financials","Equity","24742376.86","0.30731","24742376.86","127255","194.43","Canada","Toronto Stock Exchange","USD","1.39175","--"
"IBM","INTERNATIONAL BUSINESS MACHINES CO","Information Technology","Equity","24401957.96","0.30308","24401957.96","85669","284.84","United States","NYSE","USD","1","--"
"TXN","TEXAS INSTRUMENT INC","Information Technology","Equity","23720127.66","0.29461","23720127.66","83211","285.06","United States","NASDAQ","USD","1","--"
"KLAC","KLA CORP","Information Technology","Equity","23121462","0.28718","23121462","11985","1929.2","United States","NASDAQ","USD","1","--"
"MS","MORGAN STANLEY","Financials","Equity","23011147.47","0.28581","23011147.47","108579","211.93","United States","NYSE","USD","1","--"
"GEV","GE VERNOVA INC","Industrials","Equity","23011619.28","0.28581","23011619.28","24648","933.61","United States","NYSE","USD","1","--"
"WFC","WELLS FARGO","Financials","Equity","22979827.18","0.28542","22979827.18","280447","81.94","United States","NYSE","USD","1","--"
"NESN","NESTLE SA","Consumer Staples","Equity","22766747.84","0.28277","22766747.84","234930","96.91","Switzerland","SIX Swiss Exchange","USD","0.79415","--"
"RTX","RTX CORP","Industrials","Equity","22265389.8","0.27655","22265389.8","123020","180.99","United States","NYSE","USD","1","--"
"SHEL","SHELL PLC","Energy","Equity","22181151.19","0.2755","22181151.19","513394","43.21","United Kingdom","London Stock Exchange","USD","0.74702","--"
"LIN","LINDE PLC","Materials","Equity","21510580.8","0.26717","21510580.8","42352","507.9","United States","NASDAQ","USD","1","--"
"SIE","SIEMENS N AG","Industrials","Equity","21187968.8","0.26316","21187968.8","68193","310.7","Germany","Xetra","USD","0.86513","--"
"QCOM","QUALCOMM INC","Information Technology","Equity","21066458.58","0.26166","21066458.58","97557","215.94","United States","NASDAQ","USD","1","--"
"C","CITIGROUP INC","Financials","Equity","20707577.93","0.2572","20707577.93","156319","132.47","United States","NYSE","USD","1","--"
"MRVL","MARVELL TECHNOLOGY INC","Information Technology","Equity","20533797.92","0.25504","20533797.92","77936","263.47","United States","NASDAQ","USD","1","--"
"PANW","PALO ALTO NETWORKS INC","Information Technology","Equity","20165434.2","0.25046","20165434.2","74124","272.05","United States","NASDAQ","USD","1","--"
"BHP","BHP GROUP LTD","Materials","Equity","20048194.91","0.24901","20048194.91","462323","43.36","Australia","Asx - All Markets","USD","1.41223","--"
"8306","MITSUBISHI UFJ FINANCIAL GROUP INC","Financials","Equity","19679756.65","0.24443","19679756.65","979800","20.09","Japan","Tokyo Stock Exchange","USD","160.265","--"
"MCD","MCDONALDS CORP","Consumer Discretionary","Equity","18085219.68","0.22463","18085219.68","64627","279.84","United States","NYSE","USD","1","--"
"ADI","ANALOG DEVICES INC","Information Technology","Equity","17904000.95","0.22238","17904000.95","44605","401.39","United States","NASDAQ","USD","1","--"
"SAP","SAP","Information Technology","Equity","17726599.9","0.22017","17726599.9","94970","186.65","Germany","Xetra","USD","0.86513","--"
"PEP","PEPSICO INC","Consumer Staples","Equity","17702533.12","0.21987","17702533.12","124736","141.92","United States","NASDAQ","USD","1","--"
"CBA","COMMONWEALTH BANK OF AUSTRALIA","Financials","Equity","17437262.17","0.21658","17437262.17","153048","113.93","Australia","Asx - All Markets","USD","1.41223","--"
"TD","TORONTO DOMINION","Financials","Equity","17265318.79","0.21444","17265318.79","152333","113.34","Canada","Toronto Stock Exchange","USD","1.39175","--"
"VZ","VERIZON COMMUNICATIONS INC","Communication","Equity","17256025.8","0.21433","17256025.8","380340","45.37","United States","NYSE","USD","1","--"
"AMGN","AMGEN INC","Health Care","Equity","17220310.8","0.21388","17220310.8","49260","349.58","United States","NASDAQ","USD","1","--"
"STX","SEAGATE TECHNOLOGY HOLDINGS PLC","Information Technology","Equity","16923128.43","0.21019","16923128.43","19969","847.47","United States","NASDAQ","USD","1","--"
"NEE","NEXTERA ENERGY INC","Utilities","Equity","16371748.16","0.20334","16371748.16","190724","85.84","United States","NYSE","USD","1","--"
"SAN","BANCO SANTANDER","Financials","Equity","16271899.59","0.2021","16271899.59","1318836","12.34","Spain","Bolsa De Madrid","USD","0.86513","--"
"TJX","TJX INC","Consumer Discretionary","Equity","16235406.33","0.20165","16235406.33","101023","160.71","United States","NYSE","USD","1","--"
"WDC","WESTERN DIGITAL CORP","Information Technology","Equity","16181098.12","0.20098","16181098.12","31621","511.72","United States","NASDAQ","USD","1","--"
"DIS","WALT DISNEY","Communication","Equity","16108449.63","0.20007","16108449.63","161553","99.71","United States","NYSE","USD","1","--"
"TMO","THERMO FISHER SCIENTIFIC INC","Health Care","Equity","16053924","0.1994","16053924","33955","472.8","United States","NYSE","USD","1","--"
"TTE","TOTALENERGIES","Energy","Equity","16018788.5","0.19896","16018788.5","179117","89.43","France","Nyse Euronext - Euronext Paris","USD","0.86513","--"
"9984","SOFTBANK GROUP CORP","Communication","Equity","15717088.57","0.19521","15717088.57","339200","46.34","Japan","Tokyo Stock Exchange","USD","160.265","--"
"APH","AMPHENOL CORP CLASS A","Information Technology","Equity","15612932.37","0.19392","15612932.37","112477","138.81","United States","NYSE","USD","1","--"
"SU","SCHNEIDER ELECTRIC","Industrials","Equity","15440896.54","0.19178","15440896.54","49650","310.99","France","Nyse Euronext - Euronext Paris","USD","0.86513","--"
"7203","TOYOTA MOTOR CORP","Consumer Discretionary","Equity","15385892.12","0.1911","15385892.12","865200","17.78","Japan","Tokyo Stock Exchange","USD","160.265","--"
"8035","TOKYO ELECTRON LTD","Information Technology","Equity","15208872.8","0.1889","15208872.8","41000","370.95","Japan","Tokyo Stock Exchange","USD","160.265","--"
"AXP","AMERICAN EXPRESS","Financials","Equity","15185060.8","0.18861","15185060.8","48880","310.66","United States","NYSE","USD","1","--"
"CRWD","CROWDSTRIKE HOLDINGS INC CLASS A","Information Technology","Equity","15130158.96","0.18792","15130158.96","22548","671.02","United States","NASDAQ","USD","1","--"
"ANET","ARISTA NETWORKS INC","Information Technology","Equity","15071561.92","0.1872","15071561.92","97696","154.27","United States","NYSE","USD","1","--"
"ALV","ALLIANZ","Financials","Equity","14978762.52","0.18604","14978762.52","34760","430.92","Germany","Xetra","USD","0.86513","--"
"ABBN","ABB LTD","Industrials","Equity","14970033.62","0.18593","14970033.62","143062","104.64","Switzerland","SIX Swiss Exchange","USD","0.79415","--"
"BA","BOEING","Industrials","Equity","14748198.85","0.18318","14748198.85","68453","215.45","United States","NYSE","USD","1","--"
"UNP","UNION PACIFIC CORP","Industrials","Equity","14694931.84","0.18252","14694931.84","53962","272.32","United States","NYSE","USD","1","--"
"GILD","GILEAD SCIENCES INC","Health Care","Equity","14640673.48","0.18184","14640673.48","113353","129.16","United States","NASDAQ","USD","1","--"
"T","AT&T INC","Communication","Equity","14541185.75","0.18061","14541185.75","639173","22.75","United States","NYSE","USD","1","--"
"ABT","ABBOTT LABORATORIES","Health Care","Equity","14502715.36","0.18013","14502715.36","159248","91.07","United States","NYSE","USD","1","--"
"285A","KIOXIA HOLDINGS CORP","Information Technology","Equity","14090699.78","0.17501","14090699.78","28900","487.57","Japan","Tokyo Stock Exchange","USD","160.265","--"
"ETN","EATON PLC","Industrials","Equity","14076458.88","0.17484","14076458.88","35552","395.94","United States","NYSE","USD","1","--"
"UBSG","UBS GROUP AG","Financials","Equity","13724395.22","0.17046","13724395.22","289642","47.38","Switzerland","SIX Swiss Exchange","USD","0.79415","--"
"ISRG","INTUITIVE SURGICAL INC","Health Care","Equity","13692470.52","0.17007","13692470.52","32442","422.06","United States","NASDAQ","USD","1","--"
"CRM","SALESFORCE INC","Information Technology","Equity","13582328.62","0.1687","13582328.62","73157","185.66","United States","NYSE","USD","1","--"
"PFE","PFIZER INC","Health Care","Equity","13498302.72","0.16766","13498302.72","518368","26.04","United States","NYSE","USD","1","--"
"SCHW","CHARLES SCHWAB CORP","Financials","Equity","13480936.96","0.16744","13480936.96","151744","88.84","United States","NYSE","USD","1","--"
"BLK","BLACKROCK INC","Financials","Equity","13401771.6","0.16646","13401771.6","13461","995.6","United States","NYSE","USD","1","--"
"6501","HITACHI LTD","Industrials","Equity","13396749.13","0.16639","13396749.13","405100","33.07","Japan","Tokyo Stock Exchange","USD","160.265","--"
"WELL","WELLTOWER INC","Real Estate","Equity","13321118.75","0.16545","13321118.75","64375","206.93","United States","NYSE","USD","1","--"
"COP","CONOCOPHILLIPS","Energy","Equity","13109840.24","0.16283","13109840.24","111916","117.14","United States","NYSE","USD","1","--"
"DE","DEERE","Industrials","Equity","13055636.88","0.16216","13055636.88","22377","583.44","United States","NYSE","USD","1","--"
"IBE","IBERDROLA SA","Utilities","Equity","13005650.23","0.16154","13005650.23","566828","22.94","Spain","Bolsa De Madrid","USD","0.86513","--"
"ENR","SIEMENS ENERGY N AG","Industrials","Equity","12938572.11","0.1607","12938572.11","70836","182.65","Germany","Xetra","USD","0.86513","--"
"NOVO B","NOVO NORDISK CLASS B","Health Care","Equity","12923499","0.16052","12923499","294404","43.9","Denmark","Omx Nordic Exchange Copenhagen A/S","USD","6.46625","--"
"GLW","CORNING INC","Information Technology","Equity","12917879.52","0.16045","12917879.52","72744","177.58","United States","NYSE","USD","1","--"
"8316","SUMITOMO MITSUI FINANCIAL GROUP IN","Financials","Equity","12832015.72","0.15938","12832015.72","330100","38.87","Japan","Tokyo Stock Exchange","USD","160.265","--"
"RR.","ROLLS-ROYCE HOLDINGS PLC","Industrials","Equity","12730849.85","0.15812","12730849.85","754779","16.87","United Kingdom","London Stock Exchange","USD","0.74702","--"
"MC","LVMH","Consumer Discretionary","Equity","12496666.54","0.15521","12496666.54","22568","553.73","France","Nyse Euronext - Euronext Paris","USD","0.86513","--"
"HON","HONEYWELL INTERNATIONAL INC","Industrials","Equity","12446634.9","0.15459","12446634.9","58170","213.97","United States","NASDAQ","USD","1","--"
"PLD","PROLOGIS REIT INC","Real Estate","Equity","12305123.82","0.15284","12305123.82","85133","144.54","United States","NYSE","USD","1","--"
"SHOP","SHOPIFY SUBORDINATE VOTING INC CLA","Information Technology","Equity","12304109.81","0.15282","12304109.81","112077","109.78","Canada","Toronto Stock Exchange","USD","1.39175","--"
"BKNG","BOOKING HOLDINGS INC","Consumer Discretionary","Equity","11943630.96","0.14835","11943630.96","72019","165.84","United States","NASDAQ","USD","1","--"
"6758","SONY GROUP CORP","Consumer Discretionary","Equity","11885170.19","0.14762","11885170.19","535200","22.21","Japan","Tokyo Stock Exchange","USD","160.265","--"
"SPGI","S&P GLOBAL INC","Financials","Equity","11800280.88","0.14656","11800280.88","27802","424.44","United States","NYSE","USD","1","--"
"APP","APPLOVIN CORP CLASS A","Information Technology","Equity","11692842","0.14523","11692842","20985","557.2","United States","NASDAQ","USD","1","--"
"UBER","UBER TECHNOLOGIES INC","Industrials","Equity","11558539.44","0.14356","11558539.44","163464","70.71","United States","NYSE","USD","1","--"
"BBVA","BANCO BILBAO VIZCAYA ARGENTARIA SA","Financials","Equity","11546472.82","0.14341","11546472.82","514640","22.44","Spain","Bolsa De Madrid","USD","0.86513","--"
"ENB","ENBRIDGE INC","Energy","Equity","11224038.96","0.13941","11224038.96","198893","56.43","Canada","Toronto Stock Exchange","USD","1.39175","--"
"6857","ADVANTEST CORP","Information Technology","Equity","11222712.38","0.13939","11222712.38","67200","167","Japan","Tokyo Stock Exchange","USD","160.265","--"
"AIR","AIRBUS GROUP","Industrials","Equity","11219665.3","0.13935","11219665.3","54238","206.86","France","Nyse Euronext - Euronext Paris","USD","0.86513","--"
"CVS","CVS HEALTH CORP","Health Care","Equity","11118574.79","0.1381","11118574.79","115903","95.93","United States","NYSE","USD","1","--"
"ULVR","UNILEVER PLC","Consumer Staples","Equity","11116030.03","0.13807","11116030.03","198255","56.07","United Kingdom","London Stock Exchange","USD","0.74702","--"
"AI","LAIR LIQUIDE SOCIETE ANONYME POUR","Materials","Equity","11063653.62","0.13742","11063653.62","52189","211.99","France","Nyse Euronext - Euronext Paris","USD","0.86513","--"
"BATS","BRITISH AMERICAN TOBACCO","Consumer Staples","Equity","11036098.22","0.13707","11036098.22","187198","58.95","United Kingdom","London Stock Exchange","USD","0.74702","--"
"SAF","SAFRAN SA","Industrials","Equity","11009413.47","0.13674","11009413.47","31908","345.03","France","Nyse Euronext - Euronext Paris","USD","0.86513","--"
"MO","ALTRIA GROUP INC","Consumer Staples","Equity","10987029.24","0.13646","10987029.24","152196","72.19","United States","NYSE","USD","1","--"
"PGR","PROGRESSIVE CORP","Financials","Equity","10893443.88","0.1353","10893443.88","53394","204.02","United States","NYSE","USD","1","--"
"DELL","DELL TECHNOLOGIES INC CLASS C","Information Technology","Equity","10875304.25","0.13508","10875304.25","27575","394.39","United States","NYSE","USD","1","--"
"LOW","LOWES COMPANIES INC","Consumer Discretionary","Equity","10768392.52","0.13375","10768392.52","51098","210.74","United States","NYSE","USD","1","--"
"NOW","SERVICENOW INC","Information Technology","Equity","10740324.4","0.1334","10740324.4","95512","112.45","United States","NYSE","USD","1","--"
"DHR","DANAHER CORP","Health Care","Equity","10709304.4","0.13301","10709304.4","58108","184.3","United States","NYSE","USD","1","--"
"BMY","BRISTOL MYERS SQUIBB","Health Care","Equity","10661726.82","0.13242","10661726.82","186166","57.27","United States","NYSE","USD","1","--"
"IFX","INFINEON TECHNOLOGIES AG","Information Technology","Equity","10644839.72","0.13221","10644839.72","119135","89.35","Germany","Xetra","USD","0.86513","--"
"CB","CHUBB","Financials","Equity","10565927.68","0.13123","10565927.68","32384","326.27","United States","NYSE","USD","1","--"
"UCG","UNICREDIT","Financials","Equity","10541019.56","0.13092","10541019.56","124666","84.55","Italy","Borsa Italiana","USD","0.86513","--"
"BMO","BANK OF MONTREAL","Financials","Equity","10465768.03","0.12999","10465768.03","63542","164.71","Canada","Toronto Stock Exchange","USD","1.39175","--"
"8411","MIZUHO FINANCIAL GROUP INC","Financials","Equity","10437410.79","0.12964","10437410.79","216790","48.15","Japan","Tokyo Stock Exchange","USD","160.265","--"
"VRTX","VERTEX PHARMACEUTICALS INC","Health Care","Equity","10412479.49","0.12933","10412479.49","23303","446.83","United States","NASDAQ","USD","1","--"
"RIO","RIO TINTO PLC","Materials","Equity","10319260.73","0.12817","10319260.73","101377","101.79","United Kingdom","London Stock Exchange","USD","0.74702","--"
"BP.","BP PLC","Energy","Equity","10314640.6","0.12811","10314640.6","1411219","7.31","United Kingdom","London Stock Exchange","USD","0.74702","--"
"PH","PARKER-HANNIFIN CORP","Industrials","Equity","10159262.76","0.12618","10159262.76","11514","882.34","United States","NYSE","USD","1","--"
"CFR","COMPAGNIE FINANCIERE RICHEMONT SA","Consumer Discretionary","Equity","10088401.88","0.1253","10088401.88","48659","207.33","Switzerland","SIX Swiss Exchange","USD","0.79415","--"
"DTE","DEUTSCHE TELEKOM N AG","Communication","Equity","10053016.96","0.12486","10053016.96","314430","31.97","Germany","Xetra","USD","0.86513","--"
"ACN","ACCENTURE PLC CLASS A","Information Technology","Equity","10009094","0.12432","10009094","56152","178.25","United States","NYSE","USD","1","--"
"VRT","VERTIV HOLDINGS CLASS A","Industrials","Equity","10001273.31","0.12422","10001273.31","33281","300.51","United States","NYSE","USD","1","--"
"LMT","LOCKHEED MARTIN CORP","Industrials","Equity","9970819.12","0.12384","9970819.12","19037","523.76","United States","NYSE","USD","1","--"
"COF","CAPITAL ONE FINANCIAL CORP","Financials","Equity","9942089.43","0.12349","9942089.43","55029","180.67","United States","NYSE","USD","1","--"
"SBUX","STARBUCKS CORP","Consumer Discretionary","Equity","9905967.24","0.12304","9905967.24","103956","95.29","United States","NASDAQ","USD","1","--"
"NEM","NEWMONT","Materials","Equity","9901003.58","0.12298","9901003.58","99298","99.71","United States","NYSE","USD","1","--"
"BNP","BNP PARIBAS SA","Financials","Equity","9801391.17","0.12174","9801391.17","90544","108.25","France","Nyse Euronext - Euronext Paris","USD","0.86513","--"
"EQIX","EQUINIX REIT INC","Real Estate","Equity","9736116.65","0.12093","9736116.65","9007","1080.95","United States","NASDAQ","USD","1","--"
"SYK","STRYKER CORP","Health Care","Equity","9595890.04","0.11919","9595890.04","31394","305.66","United States","NYSE","USD","1","--"
"GSK","GLAXOSMITHKLINE","Health Care","Equity","9593449.71","0.11916","9593449.71","369789","25.94","United Kingdom","London Stock Exchange","USD","0.74702","--"
"MDT","MEDTRONIC PLC","Health Care","Equity","9564210.36","0.11879","9564210.36","117108","81.67","United States","NYSE","USD","1","--"
"PWR","QUANTA SERVICES INC","Industrials","Equity","9527177.66","0.11833","9527177.66","13706","695.11","United States","NYSE","USD","1","--"
"SO","SOUTHERN","Utilities","Equity","9514464.8","0.11817","9514464.8","102748","92.6","United States","NYSE","USD","1","--"
"CDNS","CADENCE DESIGN SYSTEMS INC","Information Technology","Equity","9476978.48","0.11771","9476978.48","25192","376.19","United States","NASDAQ","USD","1","--"
"ADBE","ADOBE INC","Information Technology","Equity","9433023.04","0.11716","9433023.04","37516","251.44","United States","NASDAQ","USD","1","--"
"OR","LOREAL SA","Consumer Staples","Equity","9404354.43","0.11681","9404354.43","21667","434.04","France","Nyse Euronext - Euronext Paris","USD","0.86513","--"
"TT","TRANE TECHNOLOGIES PLC","Industrials","Equity","9262887.84","0.11505","9262887.84","20276","456.84","United States","NYSE","USD","1","--"
"ZURN","ZURICH INSURANCE GROUP AG","Financials","Equity","9229697.66","0.11464","9229697.66","13322","692.82","Switzerland","SIX Swiss Exchange","USD","0.79415","--"
"HWM","HOWMET AEROSPACE INC","Industrials","Equity","9219288.1","0.11451","9219288.1","36599","251.9","United States","NYSE","USD","1","--"
"CM","CANADIAN IMPERIAL BANK OF COMMERCE","Financials","Equity","9175163.17","0.11396","9175163.17","84082","109.12","Canada","Toronto Stock Exchange","USD","1.39175","--"
"D05","DBS GROUP HOLDINGS LTD","Financials","Equity","9099411.95","0.11302","9099411.95","183900","49.48","Singapore","Singapore Exchange","USD","1.289","Jan 01, 1998"
"1299","AIA GROUP LTD","Financials","Equity","9006732.74","0.11187","9006732.74","953600","9.44","Hong Kong","Hong Kong Exchanges And Clearing Ltd","USD","7.83485","--"
"BNS","BANK OF NOVA SCOTIA","Financials","Equity","8990899.06","0.11167","8990899.06","111366","80.73","Canada","Toronto Stock Exchange","USD","1.39175","--"
"XTSLA","BLK CSH FND TREASURY SL AGENCY","Cash and/or Derivatives","Money Market","8976940.27","0.1115","8976940.27","8976940","1","United States","--","USD","1","--"
"6981","MURATA MANUFACTURING LTD","Information Technology","Equity","8953046.52","0.1112","8953046.52","148000","60.49","Japan","Tokyo Stock Exchange","USD","160.265","--"
"BNY","BANK OF NEW YORK MELLON CORP","Financials","Equity","8918597.65","0.11077","8918597.65","62635","142.39","United States","NYSE","USD","1","--"
"SAN","SANOFI SA","Health Care","Equity","8908244.58","0.11064","8908244.58","98868","90.1","France","Nyse Euronext - Euronext Paris","USD","0.86513","--"
"DUK","DUKE ENERGY CORP","Utilities","Equity","8823222.38","0.10959","8823222.38","71029","124.22","United States","NYSE","USD","1","--"
"CNQ","CANADIAN NATURAL RESOURCES LTD","Energy","Equity","8704070.36","0.10811","8704070.36","189992","45.81","Canada","Toronto Stock Exchange","USD","1.39175","--"
"MCK","MCKESSON CORP","Health Care","Equity","8646282.02","0.10739","8646282.02","11147","775.66","United States","NYSE","USD","1","--"
"CME","CME GROUP INC CLASS A","Financials","Equity","8523801","0.10587","8523801","33115","257.4","United States","NASDAQ","USD","1","--"
"ADP","AUTOMATIC DATA PROCESSING INC","Industrials","Equity","8519523.5","0.10582","8519523.5","36730","231.95","United States","NASDAQ","USD","1","--"
"9983","FAST RETAILING LTD","Consumer Discretionary","Equity","8446260.88","0.10491","8446260.88","17200","491.06","Japan","Tokyo Stock Exchange","USD","160.265","--"
"8058","MITSUBISHI CORP","Industrials","Equity","8398234.17","0.10431","8398234.17","277000","30.32","Japan","Tokyo Stock Exchange","USD","160.265","--"
"ELV","ELEVANCE HEALTH INC","Health Care","Equity","8367527.61","0.10393","8367527.61","20137","415.53","United States","NYSE","USD","1","--"
"PNC","PNC FINANCIAL SERVICES GROUP INC","Financials","Equity","8324771.61","0.1034","8324771.61","36453","228.37","United States","NYSE","USD","1","--"
"FTNT","FORTINET INC","Information Technology","Equity","8317074.48","0.1033","8317074.48","57486","144.68","United States","NASDAQ","USD","1","--"
"FCX","FREEPORT MCMORAN INC","Materials","Equity","8308947.66","0.1032","8308947.66","131118","63.37","United States","NYSE","USD","1","--"
"BN","BROOKFIELD CORP CLASS A","Financials","Equity","8303163.1","0.10313","8303163.1","185966","44.65","Canada","Toronto Stock Exchange","USD","1.39175","--"
"6861","KEYENCE CORP","Information Technology","Equity","8281221.73","0.10286","8281221.73","17000","487.13","Japan","Tokyo Stock Exchange","USD","160.265","--"
"AMT","AMERICAN TOWER REIT CORP","Real Estate","Equity","8233599.8","0.10227","8233599.8","42415","194.12","United States","NYSE","USD","1","--"
"ISP","INTESA SANPAOLO","Financials","Equity","8229235.11","0.10221","8229235.11","1254950","6.56","Italy","Borsa Italiana","USD","0.86513","--"
"CMI","CUMMINS INC","Industrials","Equity","8194952.48","0.10179","8194952.48","12584","651.22","United States","NYSE","USD","1","--"
"WM","WASTE MANAGEMENT INC","Industrials","Equity","8071268.4","0.10025","8071268.4","36621","220.4","United States","NYSE","USD","1","--"
"TMUS","T MOBILE US INC","Communication","Equity","8061162.2","0.10012","8061162.2","45262","178.1","United States","NASDAQ","USD","1","--"
"JCI","JOHNSON CONTROLS INTERNATIONAL PLC","Industrials","Equity","8044400","0.09992","8044400","56000","143.65","United States","NYSE","USD","1","--"
"6098","RECRUIT HOLDINGS LTD","Industrials","Equity","8019052.82","0.0996","8019052.82","121300","66.11","Japan","Tokyo Stock Exchange","USD","160.265","--"
"WMB","WILLIAMS INC","Energy","Equity","8014473.04","0.09954","8014473.04","111374","71.96","United States","NYSE","USD","1","--"
"ENEL","ENEL","Utilities","Equity","7963119.32","0.09891","7963119.32","714786","11.14","Italy","Borsa Italiana","USD","0.86513","--"
"INGA","ING GROEP NV","Financials","Equity","7897445.72","0.09809","7897445.72","263084","30.02","Netherlands","Euronext Amsterdam","USD","0.86513","--"
"MAR","MARRIOTT INTERNATIONAL INC CLASS A","Consumer Discretionary","Equity","7887880.96","0.09797","7887880.96","20096","392.51","United States","NASDAQ","USD","1","--"
"CSX","CSX CORP","Industrials","Equity","7861896.9","0.09765","7861896.9","167310","46.99","United States","NASDAQ","USD","1","--"
"USB","US BANCORP","Financials","Equity","7810800.95","0.09701","7810800.95","140255","55.69","United States","NYSE","USD","1","--"
"CMCSA","COMCAST CORP CLASS A","Communication","Equity","7777658.76","0.0966","7777658.76","326518","23.82","United States","NASDAQ","USD","1","--"
"SNPS","SYNOPSYS INC","Information Technology","Equity","7756022.25","0.09633","7756022.25","16685","464.85","United States","NASDAQ","USD","1","--"
"WBC","WESTPAC BANKING CORPORATION","Financials","Equity","7704944.77","0.0957","7704944.77","312587","24.65","Australia","Asx - All Markets","USD","1.41223","--"
"BX","BLACKSTONE INC","Financials","Equity","7663507.95","0.09518","7663507.95","66437","115.35","United States","NYSE","USD","1","--"
"BARC","BARCLAYS PLC","Financials","Equity","7551855.6","0.0938","7551855.6","1232688","6.13","United Kingdom","London Stock Exchange","USD","0.74702","--"
"INTU","INTUIT INC","Information Technology","Equity","7550167.92","0.09378","7550167.92","25442","296.76","United States","NASDAQ","USD","1","--"
"SLB","SLB NV","Energy","Equity","7530084.45","0.09353","7530084.45","137235","54.87","United States","NYSE","USD","1","--"
"AEM","AGNICO EAGLE MINES LTD","Materials","Equity","7500780.77","0.09316","7500780.77","45782","163.84","Canada","Toronto Stock Exchange","USD","1.39175","--"
"MMM","3M","Industrials","Equity","7450287.04","0.09254","7450287.04","48454","153.76","United States","NYSE","USD","1","--"
"UPS","UNITED PARCEL SERVICE INC CLASS B","Industrials","Equity","7362268.2","0.09144","7362268.2","67830","108.54","United States","NYSE","USD","1","--"
"NG.","NATIONAL GRID PLC","Utilities","Equity","7354566.46","0.09135","7354566.46","451254","16.3","United Kingdom","London Stock Exchange","USD","0.74702","--"
"CP","CANADIAN PACIFIC KANSAS CITY LTD","Industrials","Equity","7352489.4","0.09132","7352489.4","81608","90.1","Canada","Toronto Stock Exchange","USD","1.39175","--"
"ICE","INTERCONTINENTAL EXCHANGE INC","Financials","Equity","7320927","0.09093","7320927","51738","141.5","United States","NYSE","USD","1","--"
"MDLZ","MONDELEZ INTERNATIONAL INC CLASS A","Consumer Staples","Equity","7314391.92","0.09085","7314391.92","117898","62.04","United States","NASDAQ","USD","1","--"
"GD","GENERAL DYNAMICS CORP","Industrials","Equity","7253414.28","0.09009","7253414.28","20937","346.44","United States","NYSE","USD","1","--"
"MRSH","MARSH INC","Financials","Equity","7233698.56","0.08985","7233698.56","43724","165.44","United States","NYSE","USD","1","--"
"NAB","NATIONAL AUSTRALIA BANK LTD","Financials","Equity","7233043.61","0.08984","7233043.61","279167","25.91","Australia","Asx - All Markets","USD","1.41223","--"
"CEG","CONSTELLATION ENERGY CORP","Utilities","Equity","7189518.79","0.0893","7189518.79","28213","254.83","United States","NASDAQ","USD","1","--"
"HLT","HILTON WORLDWIDE HOLDINGS INC","Consumer Discretionary","Equity","7167015.9","0.08902","7167015.9","20889","343.1","United States","NYSE","USD","1","--"
"SNOW","SNOWFLAKE INC","Information Technology","Equity","7142320.02","0.08871","7142320.02","29977","238.26","United States","NYSE","USD","1","--"
"EMR","EMERSON ELECTRIC","Industrials","Equity","7133483.64","0.0886","7133483.64","51647","138.12","United States","NYSE","USD","1","--"
"NET","CLOUDFLARE INC CLASS A","Information Technology","Equity","7119631.26","0.08843","7119631.26","28466","250.11","United States","NYSE","USD","1","--"
"8766","TOKIO MARINE HOLDINGS INC","Financials","Equity","7119755.41","0.08843","7119755.41","163100","43.65","Japan","Tokyo Stock Exchange","USD","160.265","--"
"MPC","MARATHON PETROLEUM CORP","Energy","Equity","7073483.97","0.08786","7073483.97","26997","262.01","United States","NYSE","USD","1","--"
"VLO","VALERO ENERGY CORP","Energy","Equity","7015607.68","0.08714","7015607.68","27424","255.82","United States","NYSE","USD","1","--"
"BA.","BAE SYSTEMS PLC","Industrials","Equity","6985084.22","0.08676","6985084.22","270293","25.84","United Kingdom","London Stock Exchange","USD","0.74702","Jan 01, 1998"
"7011","MITSUBISHI HEAVY INDUSTRIES LTD","Industrials","Equity","6959704.24","0.08644","6959704.24","294300","23.65","Japan","Tokyo Stock Exchange","USD","160.265","--"
"NOKIA","NOKIA","Information Technology","Equity","6957464.98","0.08641","6957464.98","460175","15.12","Finland","Nasdaq Omx Helsinki Ltd.","USD","0.86513","Jan 01, 1998"
"ORLY","OREILLY AUTOMOTIVE INC","Consumer Discretionary","Equity","6942492.81","0.08623","6942492.81","76857","90.33","United States","NASDAQ","USD","1","Jan 01, 1970"
"LLOY","LLOYDS BANKING GROUP PLC","Financials","Equity","6935650.42","0.08614","6935650.42","5224968","1.33","United Kingdom","London Stock Exchange","USD","0.74702","--"
"CI","CIGNA","Health Care","Equity","6926098.48","0.08603","6926098.48","23926","289.48","United States","NYSE","USD","1","--"
"GLEN","GLENCORE PLC","Materials","Equity","6900260.9","0.0857","6900260.9","873372","7.9","United Kingdom","London Stock Exchange","USD","0.74702","--"
"4063","SHIN ETSU CHEMICAL LTD","Materials","Equity","6868453.81","0.08531","6868453.81","149765","45.86","Japan","Tokyo Stock Exchange","USD","160.265","--"
"CS","AXA SA","Financials","Equity","6840983.31","0.08497","6840983.31","149755","45.68","France","Nyse Euronext - Euronext Paris","USD","0.86513","--"
"NOC","NORTHROP GRUMMAN CORP","Industrials","Equity","6840386","0.08496","6840386","12565","544.4","United States","NYSE","USD","1","--"
"8031","MITSUI LTD","Industrials","Equity","6835420.09","0.0849","6835420.09","217400","31.44","Japan","Tokyo Stock Exchange","USD","160.265","--"
"SU","SUNCOR ENERGY INC","Energy","Equity","6823817.14","0.08475","6823817.14","109350","62.4","Canada","Toronto Stock Exchange","USD","1.39175","--"
"NXPI","NXP SEMICONDUCTORS NV","Information Technology","Equity","6798201.2","0.08444","6798201.2","22970","295.96","United States","NASDAQ","USD","1","--"
"GM","GENERAL MOTORS","Consumer Discretionary","Equity","6775060.32","0.08415","6775060.32","82512","82.11","United States","NYSE","USD","1","--"
"EOG","EOG RESOURCES INC","Energy","Equity","6717050.56","0.08343","6717050.56","48752","137.78","United States","NYSE","USD","1","--"
"SPOT","SPOTIFY TECHNOLOGY SA","Communication","Equity","6693419.55","0.08314","6693419.55","13469","496.95","Sweden","NYSE","USD","1","--"
"DDOG","DATADOG INC CLASS A","Information Technology","Equity","6685011.05","0.08303","6685011.05","28555","234.11","United States","NASDAQ","USD","1","--"
"MELI","MERCADOLIBRE INC","Consumer Discretionary","Equity","6682016.8","0.08299","6682016.8","4156","1607.8","United States","NASDAQ","USD","1","--"
"FDX","FEDEX CORP","Industrials","Equity","6666671","0.0828","6666671","20141","331","United States","NYSE","USD","1","--"
"ROST","ROSS STORES INC","Consumer Discretionary","Equity","6664143.36","0.08277","6664143.36","28928","230.37","United States","NASDAQ","USD","1","--"
"ANZ","ANZ GROUP HOLDINGS LTD","Financials","Equity","6640623.21","0.08248","6640623.21","274856","24.16","Australia","Asx - All Markets","USD","1.41223","Jan 01, 1998"
"PSX","PHILLIPS 66","Energy","Equity","6629692.96","0.08234","6629692.96","36212","183.08","United States","NYSE","USD","1","--"
"6503","MITSUBISHI ELECTRIC CORP","Industrials","Equity","6608213.9","0.08208","6608213.9","176100","37.53","Japan","Tokyo Stock Exchange","USD","160.265","--"
"BSX","BOSTON SCIENTIFIC CORP","Health Care","Equity","6589400.2","0.08184","6589400.2","135724","48.55","United States","NYSE","USD","1","--"
"SHW","SHERWIN WILLIAMS","Materials","Equity","6517239.1","0.08095","6517239.1","21347","305.3","United States","NYSE","USD","1","--"
"BE","BLOOM ENERGY CLASS A CORP","Industrials","Equity","6508794.51","0.08084","6508794.51","24691","263.61","United States","NYSE","USD","1","--"
"RCL","ROYAL CARIBBEAN GROUP LTD","Consumer Discretionary","Equity","6486200","0.08056","6486200","23165","280","United States","NYSE","USD","1","--"
"INVE B","INVESTOR CLASS B","Financials","Equity","6481819.93","0.08051","6481819.93","160888","40.29","Sweden","Nasdaq Omx Nordic","USD","9.4309","--"
"MPWR","MONOLITHIC POWER SYSTEMS INC","Information Technology","Equity","6454415.9","0.08017","6454415.9","4358","1481.05","United States","NASDAQ","USD","1","--"
"TRP","TC ENERGY CORP","Energy","Equity","6446138.27","0.08006","6446138.27","93618","68.86","Canada","Toronto Stock Exchange","USD","1.39175","--"
"AEP","AMERICAN ELECTRIC POWER INC","Utilities","Equity","6412317.56","0.07964","6412317.56","49654","129.14","United States","NASDAQ","USD","1","--"
"DG","VINCI SA","Industrials","Equity","6412371.43","0.07964","6412371.43","44648","143.62","France","Nyse Euronext - Euronext Paris","USD","0.86513","--"
"ABI","ANHEUSER-BUSCH INBEV SA","Consumer Staples","Equity","6404186.04","0.07954","6404186.04","81838","78.25","Belgium","Nyse Euronext - Euronext Brussels","USD","0.86513","--"
"TDG","TRANSDIGM GROUP INC","Industrials","Equity","6393137.14","0.07941","6393137.14","5161","1238.74","United States","NYSE","USD","1","--"
"COHR","COHERENT CORP","Information Technology","Equity","6383948.66","0.07929","6383948.66","16934","376.99","United States","NYSE","USD","1","--"
"ITW","ILLINOIS TOOL INC","Industrials","Equity","6380169.12","0.07924","6380169.12","25246","252.72","United States","NYSE","USD","1","--"
"CRH","CRH PUBLIC LIMITED PLC","Materials","Equity","6377562.24","0.07921","6377562.24","60704","105.06","United States","NYSE","USD","1","--"
"NSC","NORFOLK SOUTHERN CORP","Industrials","Equity","6312569.55","0.07841","6312569.55","20139","313.45","United States","NYSE","USD","1","--"
"CIEN","CIENA CORP","Information Technology","Equity","6295956.16","0.0782","6295956.16","12896","488.21","United States","NYSE","USD","1","--"
"MCO","MOODYS CORP","Financials","Equity","6269702.85","0.07787","6269702.85","13891","451.35","United States","NYSE","USD","1","--"
"ITX","INDUSTRIA DE DISENO TEXTIL SA","Consumer Discretionary","Equity","6215615.29","0.0772","6215615.29","97769","63.57","Spain","Bolsa De Madrid","USD","0.86513","--"
"MSI","MOTOROLA SOLUTIONS INC","Information Technology","Equity","6210906.24","0.07714","6210906.24","15136","410.34","United States","NYSE","USD","1","--"
"SPG","SIMON PROPERTY GROUP REIT INC","Real Estate","Equity","6204986.24","0.07707","6204986.24","29504","210.31","United States","NYSE","USD","1","--"
"MUV2","MUENCHENER RUECKVERSICHERUNGS-GESE","Financials","Equity","6168889.19","0.07662","6168889.19","11910","517.96","Germany","Xetra","USD","0.86513","--"
"ABX","BARRICK MINING CORP","Materials","Equity","6147355.49","0.07635","6147355.49","155811","39.45","Canada","Toronto Stock Exchange","USD","1.39175","--"
"URI","UNITED RENTALS INC","Industrials","Equity","6145016.35","0.07632","6145016.35","5755","1067.77","United States","NYSE","USD","1","--"
"CL","COLGATE-PALMOLIVE","Consumer Staples","Equity","6115297.46","0.07595","6115297.46","69037","88.58","United States","NYSE","USD","1","--"
"REGN","REGENERON PHARMACEUTICALS INC","Health Care","Equity","6055838.5","0.07522","6055838.5","9530","635.45","United States","NASDAQ","USD","1","--"
"AON","AON PLC CLASS A","Financials","Equity","6033124.92","0.07493","6033124.92","18364","328.53","United States","NYSE","USD","1","--"
"ECL","ECOLAB INC","Materials","Equity","6020761.83","0.07478","6020761.83","23339","257.97","United States","NYSE","USD","1","--"
"8001","ITOCHU CORP","Industrials","Equity","6018018.91","0.07475","6018018.91","514800","11.69","Japan","Tokyo Stock Exchange","USD","160.265","--"
"RHM","RHEINMETALL AG","Industrials","Equity","5960014.13","0.07403","5960014.13","4262","1398.4","Germany","Xetra","USD","0.86513","--"
"TRV","TRAVELERS COMPANIES INC","Financials","Equity","5959165.75","0.07402","5959165.75","19651","303.25","United States","NYSE","USD","1","--"
"FIX","COMFORT SYSTEMS USA INC","Industrials","Equity","5926423.16","0.07361","5926423.16","3214","1843.94","United States","NYSE","USD","1","--"
"HPE","HEWLETT PACKARD ENTERPRISE","Information Technology","Equity","5923630.8","0.07357","5923630.8","120399","49.2","United States","NYSE","USD","1","--"
"MFC","MANULIFE FINANCIAL CORP","Financials","Equity","5887018.5","0.07312","5887018.5","151727","38.8","Canada","Toronto Stock Exchange","USD","1.39175","--"
"DLR","DIGITAL REALTY TRUST REIT INC","Real Estate","Equity","5868941.8","0.07289","5868941.8","31420","186.79","United States","NYSE","USD","1","--"
"MNST","MONSTER BEVERAGE CORP","Consumer Staples","Equity","5846719.5","0.07262","5846719.5","65290","89.55","United States","NASDAQ","USD","1","--"
"WES","WESFARMERS LTD","Consumer Discretionary","Equity","5807117.38","0.07213","5807117.38","103902","55.89","Australia","Asx - All Markets","USD","1.41223","--"
"NWG","NATWEST GROUP PLC","Financials","Equity","5760204.86","0.07154","5760204.86","724654","7.95","United Kingdom","London Stock Exchange","USD","0.74702","--"
"REL","RELX PLC","Industrials","Equity","5733464.51","0.07121","5733464.51","163724","35.02","United Kingdom","London Stock Exchange","USD","0.74702","--"
"TEL","TE CONNECTIVITY PLC","Information Technology","Equity","5716669.95","0.071","5716669.95","26883","212.65","United States","NYSE","USD","1","--"
"CTAS","CINTAS CORP","Industrials","Equity","5691712.95","0.07069","5691712.95","31647","179.85","United States","NASDAQ","USD","1","--"
"CNR","CANADIAN NATIONAL RAILWAY","Industrials","Equity","5679008.6","0.07054","5679008.6","47063","120.67","Canada","Toronto Stock Exchange","USD","1.39175","--"
"BKR","BAKER HUGHES CLASS A","Energy","Equity","5678227.39","0.07053","5678227.39","90721","62.59","United States","NASDAQ","USD","1","--"
"WBD","WARNER BROS. DISCOVERY INC SERIES","Communication","Equity","5673166.72","0.07046","5673166.72","216203","26.24","United States","NASDAQ","USD","1","--"
"HOOD","ROBINHOOD MARKETS INC CLASS A","Financials","Equity","5667915.69","0.0704","5667915.69","68727","82.47","United States","NASDAQ","USD","1","--"
"KMI","KINDER MORGAN INC","Energy","Equity","5643633.6","0.0701","5643633.6","178145","31.68","United States","NYSE","USD","1","--"
"LITE","LUMENTUM HOLDINGS INC","Information Technology","Equity","5637972.48","0.07003","5637972.48","6528","863.66","United States","NASDAQ","USD","1","--"
"TFC","TRUIST FINANCIAL CORP","Financials","Equity","5628430.8","0.06991","5628430.8","114399","49.2","United States","NYSE","USD","1","--"
"PCAR","PACCAR INC","Industrials","Equity","5613708.16","0.06972","5613708.16","48112","116.68","United States","NASDAQ","USD","1","--"
"O39","OVERSEA-CHINESE BANKING LTD","Financials","Equity","5581047.32","0.06932","5581047.32","300500","18.57","Singapore","Singapore Exchange","USD","1.289","--"
"MQG","MACQUARIE GROUP LTD DEF","Financials","Equity","5565679.68","0.06913","5565679.68","33246","167.41","Australia","Asx - All Markets","USD","1.41223","--"
"PRX","PROSUS NV CLASS N","Consumer Discretionary","Equity","5537614.23","0.06878","5537614.23","119321","46.41","Netherlands","Euronext Amsterdam","USD","0.86513","--"
"APD","AIR PRODUCTS AND CHEMICALS INC","Materials","Equity","5462907.8","0.06785","5462907.8","19348","282.35","United States","NYSE","USD","1","--"
"EL","ESSILORLUXOTTICA SA","Health Care","Equity","5457730.27","0.06779","5457730.27","27128","201.18","France","Nyse Euronext - Euronext Paris","USD","0.86513","--"
"SRE","SEMPRA","Utilities","Equity","5453477.26","0.06773","5453477.26","59653","91.42","United States","NYSE","USD","1","--"
"HCA","HCA HEALTHCARE INC","Health Care","Equity","5346391.71","0.0664","5346391.71","14367","372.13","United States","NYSE","USD","1","--"
"D","DOMINION ENERGY INC","Utilities","Equity","5344641","0.06638","5344641","79890","66.9","United States","NYSE","USD","1","--"
"5802","SUMITOMO ELECTRIC INDUSTRIES LTD","Consumer Discretionary","Equity","5333397.81","0.06624","5333397.81","65700","81.18","Japan","Tokyo Stock Exchange","USD","160.265","--"
"KKR","KKR AND CO INC","Financials","Equity","5328096.4","0.06618","5328096.4","57046","93.4","United States","NYSE","USD","1","--"
"DBK","DEUTSCHE BANK AG","Financials","Equity","5309233.94","0.06594","5309233.94","166842","31.82","Germany","Xetra","USD","0.86513","--"
"DASH","DOORDASH INC CLASS A","Consumer Discretionary","Equity","5283062.4","0.06562","5283062.4","33693","156.8","United States","NASDAQ","USD","1","--"
"F","FORD MOTOR CO","Consumer Discretionary","Equity","5280262","0.06558","5280262","354380","14.9","United States","NYSE","USD","1","--"
"GWW","WW GRAINGER INC","Industrials","Equity","5276740.59","0.06554","5276740.59","4059","1300.01","United States","NYSE","USD","1","--"
"LSEG","LONDON STOCK EXCHANGE GROUP PLC","Financials","Equity","5274738.28","0.06551","5274738.28","41990","125.62","United Kingdom","London Stock Exchange","USD","0.74702","--"
"RKLB","ROCKET LAB CORP","Industrials","Equity","5238707.2","0.06507","5238707.2","47590","110.08","United States","NASDAQ","USD","1","--"
"ABNB","AIRBNB INC CLASS A","Consumer Discretionary","Equity","5231830.12","0.06498","5231830.12","39178","133.54","United States","NASDAQ","USD","1","--"
"NUE","NUCOR CORP","Materials","Equity","5221100.36","0.06485","5221100.36","20524","254.39","United States","NYSE","USD","1","--"
"KEYS","KEYSIGHT TECHNOLOGIES INC","Information Technology","Equity","5221538.73","0.06485","5221538.73","15831","329.83","United States","NYSE","USD","1","--"
"FLEX","FLEX LTD","Information Technology","Equity","5216932.8","0.0648","5216932.8","34340","151.92","United States","NASDAQ","USD","1","--"
"ALL","ALLSTATE CORP","Financials","Equity","5215393.98","0.06478","5215393.98","23598","221.01","United States","NYSE","USD","1","--"
"O","REALTY INCOME REIT CORP","Real Estate","Equity","5210337.6","0.06471","5210337.6","85640","60.84","United States","NYSE","USD","1","--"
"NA","NATIONAL BANK OF CANADA","Financials","Equity","5202463.95","0.06462","5202463.95","35432","146.83","Canada","Toronto Stock Exchange","USD","1.39175","--"
"NDA FI","NORDEA BANK","Financials","Equity","5200762.06","0.0646","5200762.06","278941","18.64","Finland","Nasdaq Omx Helsinki Ltd.","USD","0.86513","--"
"ENGI","ENGIE SA","Utilities","Equity","5153723.34","0.06401","5153723.34","165502","31.14","France","Nyse Euronext - Euronext Paris","USD","0.86513","--"
"LHX","L3HARRIS TECHNOLOGIES INC","Industrials","Equity","5136143.55","0.06379","5136143.55","16685","307.83","United States","NYSE","USD","1","--"
"TER","TERADYNE INC","Information Technology","Equity","5121978.3","0.06362","5121978.3","14310","357.93","United States","NASDAQ","USD","1","--"
"AAL","ANGLO AMERICAN PLC","Materials","Equity","5109080.45","0.06346","5109080.45","98978","51.62","United Kingdom","London Stock Exchange","USD","0.74702","--"
"TRGP","TARGA RESOURCES CORP","Energy","Equity","5096144.73","0.0633","5096144.73","19297","264.09","United States","NYSE","USD","1","--"
"7741","HOYA CORP","Health Care","Equity","5094936.51","0.06328","5094936.51","31000","164.35","Japan","Tokyo Stock Exchange","USD","160.265","--"
"AFL","AFLAC INC","Financials","Equity","5080063.36","0.0631","5080063.36","42964","118.24","United States","NYSE","USD","1","--"
"AJG","ARTHUR J GALLAGHER","Financials","Equity","5058108.28","0.06282","5058108.28","23402","216.14","United States","NYSE","USD","1","--"
"OKE","ONEOK INC","Energy","Equity","5010658.5","0.06223","5010658.5","56778","88.25","United States","NYSE","USD","1","--"
"DHL","DEUTSCHE POST AG","Industrials","Equity","4977384.93","0.06182","4977384.93","82555","60.29","Germany","Xetra","USD","0.86513","--"
"6752","PANASONIC HOLDINGS CORP","Consumer Discretionary","Equity","4970510.09","0.06174","4970510.09","212200","23.42","Japan","Tokyo Stock Exchange","USD","160.265","--"
"TGT","TARGET CORP","Consumer Staples","Equity","4947415.48","0.06145","4947415.48","40364","122.57","United States","NYSE","USD","1","--"
"ARGX","ARGENX","Health Care","Equity","4942411.09","0.06139","4942411.09","5582","885.42","Belgium","Nyse Euronext - Euronext Brussels","USD","0.86513","--"
"APO","APOLLO GLOBAL MANAGEMENT INC","Financials","Equity","4922753.5","0.06114","4922753.5","38450","128.03","United States","NYSE","USD","1","--"
"FAST","FASTENAL","Industrials","Equity","4906492.98","0.06094","4906492.98","104862","46.79","United States","NASDAQ","USD","1","--"
"CPG","COMPASS GROUP PLC","Consumer Discretionary","Equity","4876517.49","0.06057","4876517.49","148629","32.81","United Kingdom","London Stock Exchange","USD","1","--"
"AZO","AUTOZONE INC","Consumer Discretionary","Equity","4852281.51","0.06027","4852281.51","1557","3116.43","United States","NYSE","USD","1","--"
"GLE","SOCIETE GENERALE SA","Financials","Equity","4838377.5","0.06009","4838377.5","59576","81.21","France","Nyse Euronext - Euronext Paris","USD","0.86513","--"
"WPM","WHEATON PRECIOUS METALS CORP","Materials","Equity","4816511.03","0.05982","4816511.03","41407","116.32","Canada","Toronto Stock Exchange","USD","1.39175","--"
"VOLV B","VOLVO CLASS B","Industrials","Equity","4791188.27","0.05951","4791188.27","140545","34.09","Sweden","Nasdaq Omx Nordic","USD","9.4309","--"
"AME","AMETEK INC","Industrials","Equity","4765252.7","0.05919","4765252.7","21034","226.55","United States","NYSE","USD","1","--"
"CTVA","CORTEVA INC","Materials","Equity","4765923.13","0.05919","4765923.13","61871","77.03","United States","NYSE","USD","1","--"
"DB1","DEUTSCHE BOERSE AG","Financials","Equity","4749580.39","0.05899","4749580.39","16710","284.23","Germany","Xetra","USD","0.86513","--"
"BAS","BASF N","Materials","Equity","4743686.45","0.05892","4743686.45","80500","58.93","Germany","Xetra","USD","0.86513","--"
"NKE","NIKE INC CLASS B","Consumer Discretionary","Equity","4694103.68","0.0583","4694103.68","109216","42.98","United States","NYSE","USD","1","--"
"7974","NINTENDO LTD","Communication","Equity","4680640.19","0.05814","4680640.19","99700","46.95","Japan","Tokyo Stock Exchange","USD","160.265","--"
"RMS","HERMES INTERNATIONAL","Consumer Discretionary","Equity","4659791.23","0.05788","4659791.23","2490","1871.4","France","Nyse Euronext - Euronext Paris","USD","0.86513","--"
"COR","CENCORA INC","Health Care","Equity","4649826.24","0.05775","4649826.24","16906","275.04","United States","NYSE","USD","1","--"
"CARR","CARRIER GLOBAL CORP","Industrials","Equity","4624301.8","0.05744","4624301.8","68855","67.16","United States","NYSE","USD","1","--"
"LNG","CHENIERE ENERGY INC","Energy","Equity","4619495.26","0.05738","4619495.26","19343","238.82","United States","NYSE","USD","1","--"
"EW","EDWARDS LIFESCIENCES CORP","Health Care","Equity","4612011.88","0.05728","4612011.88","53653","85.96","United States","NYSE","USD","1","--"
"ETR","ENTERGY CORP","Utilities","Equity","4612099.52","0.05728","4612099.52","41648","110.74","United States","NYSE","USD","1","--"
"VST","VISTRA CORP","Utilities","Equity","4610072.4","0.05726","4610072.4","30990","148.76","United States","NYSE","USD","1","--"
"ROK","ROCKWELL AUTOMATION INC","Industrials","Equity","4589498.54","0.057","4589498.54","10274","446.71","United States","NYSE","USD","1","--"
"ENI","ENI","Energy","Equity","4575734.35","0.05683","4575734.35","168093","27.22","Italy","Borsa Italiana","USD","0.86513","--"
"STAN","STANDARD CHARTERED PLC","Financials","Equity","4574507.13","0.05682","4574507.13","176785","25.88","United Kingdom","London Stock Exchange","USD","0.74702","--"
"6723","RENESAS ELECTRONICS CORP","Information Technology","Equity","4543345.08","0.05643","4543345.08","159400","28.5","Japan","Tokyo Stock Exchange","USD","160.265","--"
"XEL","XCEL ENERGY INC","Utilities","Equity","4492475.52","0.0558","4492475.52","56838","79.04","United States","NASDAQ","USD","1","--"
"6762","TDK CORP","Information Technology","Equity","4486406.26","0.05572","4486406.26","174900","25.65","Japan","Tokyo Stock Exchange","USD","160.265","--"
"DVN","DEVON ENERGY CORP","Energy","Equity","4475733.84","0.05559","4475733.84","101078","44.28","United States","NYSE","USD","1","--"
"4502","TAKEDA PHARMACEUTICAL LTD","Health Care","Equity","4457605.07","0.05537","4457605.07","145026","30.74","Japan","Tokyo Stock Exchange","USD","160.265","--"
"9433","KDDI CORP","Communication","Equity","4445499.95","0.05522","4445499.95","268700","16.54","Japan","Tokyo Stock Exchange","USD","160.265","--"
"PSA","PUBLIC STORAGE REIT","Real Estate","Equity","4432449.84","0.05505","4432449.84","14313","309.68","United States","NYSE","USD","1","--"
"CABK","CAIXABANK SA","Financials","Equity","4428593.36","0.05501","4428593.36","333446","13.28","Spain","Bolsa De Madrid","USD","0.86513","--"
"ADSK","AUTODESK INC","Information Technology","Equity","4414772.08","0.05483","4414772.08","19198","229.96","United States","NASDAQ","USD","1","--"
"ATCO A","ATLAS COPCO CLASS A","Industrials","Equity","4391814.12","0.05455","4391814.12","231067","19.01","Sweden","Nasdaq Omx Nordic","USD","9.4309","--"
"MCHP","MICROCHIP TECHNOLOGY INC","Information Technology","Equity","4385374.28","0.05447","4385374.28","49642","88.34","United States","NASDAQ","USD","1","--"
"CAH","CARDINAL HEALTH INC","Health Care","Equity","4382651.55","0.05443","4382651.55","21305","205.71","United States","NYSE","USD","1","--"
"DSV","DSV","Industrials","Equity","4376252.08","0.05436","4376252.08","17560","249.22","Denmark","Omx Nordic Exchange Copenhagen A/S","USD","6.46625","--"
"HOLN","HOLCIM LTD AG","Materials","Equity","4358604.24","0.05414","4358604.24","46499","93.74","Switzerland","SIX Swiss Exchange","USD","0.79415","--"
"BN","DANONE SA","Consumer Staples","Equity","4330772.62","0.05379","4330772.62","58160","74.46","France","Nyse Euronext - Euronext Paris","USD","0.86513","--"
"FITB","FIFTH THIRD BANCORP","Financials","Equity","4310068.7","0.05353","4310068.7","82870","52.01","United States","NASDAQ","USD","1","--"
"EOAN","E.ON N","Utilities","Equity","4299276.86","0.0534","4299276.86","203525","21.12","Germany","Xetra","USD","0.86513","--"
"MET","METLIFE INC","Financials","Equity","4294880.17","0.05334","4294880.17","50833","84.49","United States","NYSE","USD","1","--"
"ASM","ASM INTERNATIONAL NV","Information Technology","Equity","4273232.84","0.05308","4273232.84","4264","1002.16","Netherlands","Euronext Amsterdam","USD","0.86513","--"
"EBAY","EBAY INC","Consumer Discretionary","Equity","4271976.45","0.05306","4271976.45","39067","109.35","United States","NASDAQ","USD","1","--"
"EXC","EXELON CORP","Utilities","Equity","4268429.25","0.05302","4268429.25","93299","45.75","United States","NASDAQ","USD","1","--"
"PRY","PRYSMIAN","Industrials","Equity","4261239.28","0.05293","4261239.28","25363","168.01","Italy","Borsa Italiana","USD","0.86513","--"
"STMPA","STMICROELECTRONICS NV","Information Technology","Equity","4239982.94","0.05266","4239982.94","58391","72.61","France","Nyse Euronext - Euronext Paris","USD","0.86513","--"
"ON","ON SEMICONDUCTOR CORP","Information Technology","Equity","4233906.82","0.05259","4233906.82","36107","117.26","United States","NASDAQ","USD","1","--"
"ODFL","OLD DOMINION FREIGHT LINE INC","Industrials","Equity","4232603.93","0.05257","4232603.93","17449","242.57","United States","NASDAQ","USD","1","--"
"NBIS","NEBIUS NV CLASS A","Information Technology","Equity","4218129.96","0.05239","4218129.96","18516","227.81","Netherlands","NASDAQ","USD","1","--"
"EA","ELECTRONIC ARTS INC","Communication","Equity","4195807","0.05211","4195807","20669","203","United States","NASDAQ","USD","1","--"
"MSCI","MSCI INC","Financials","Equity","4194975.36","0.0521","4194975.36","6816","615.46","United States","NYSE","USD","1","--"
"CCO","CAMECO CORP","Energy","Equity","4185572.5","0.05199","4185572.5","40428","103.53","Canada","Toronto Stock Exchange","USD","1.39175","--"
"RIO","RIO TINTO LTD","Materials","Equity","4128847.69","0.05128","4128847.69","31590","130.7","Australia","Asx - All Markets","USD","1.41223","Jan 02, 1985"
"5803","FUJIKURA LTD","Industrials","Equity","4111213.3","0.05106","4111213.3","138800","29.62","Japan","Tokyo Stock Exchange","USD","160.265","--"
"STT","STATE STREET CORP","Financials","Equity","4107641.25","0.05102","4107641.25","25395","161.75","United States","NYSE","USD","1","--"
"IDXX","IDEXX LABORATORIES INC","Health Care","Equity","4100957.2","0.05094","4100957.2","7295","562.16","United States","NASDAQ","USD","1","--"
"WAB","WESTINGHOUSE AIR BRAKE TECHNOLOGIE","Industrials","Equity","4081770","0.0507","4081770","15675","260.4","United States","NYSE","USD","1","--"
"GMG","GOODMAN GROUP UNITS","Real Estate","Equity","4067204.54","0.05052","4067204.54","184689","22.02","Australia","Asx - All Markets","USD","1.41223","--"
"LONN","LONZA GROUP AG","Health Care","Equity","4046106.15","0.05025","4046106.15","6617","611.47","Switzerland","SIX Swiss Exchange","USD","0.79415","--"
"6954","FANUC CORP","Industrials","Equity","4041965.49","0.0502","4041965.49","84700","47.72","Japan","Tokyo Stock Exchange","USD","160.265","--"
"FERG","FERGUSON ENTERPRISES INC","Industrials","Equity","4027062.78","0.05002","4027062.78","17541","229.58","United States","NYSE","USD","1","--"
"8002","MARUBENI CORP","Industrials","Equity","4025380.46","0.05","4025380.46","127900","31.47","Japan","Tokyo Stock Exchange","USD","160.265","--"
"SREN","SWISS RE AG","Financials","Equity","4001910.03","0.04971","4001910.03","26899","148.78","Switzerland","SIX Swiss Exchange","USD","0.79415","--"
"CSU","CONSTELLATION SOFTWARE INC","Information Technology","Equity","3976872.63","0.04939","3976872.63","1864","2133.52","Canada","Toronto Stock Exchange","USD","1.39175","--"
"CLS","CELESTICA INC","Information Technology","Equity","3945118.85","0.049","3945118.85","10588","372.6","Canada","Toronto Stock Exchange","USD","1.39175","--"
"AMP","AMERIPRISE FINANCE INC","Financials","Equity","3939628.9","0.04893","3939628.9","8665","454.66","United States","NYSE","USD","1","--"
"DGE","DIAGEO PLC","Consumer Staples","Equity","3928756.23","0.0488","3928756.23","196312","20.01","United Kingdom","London Stock Exchange","USD","0.74702","Jan 01, 1998"
"RSG","REPUBLIC SERVICES INC","Industrials","Equity","3922917.08","0.04872","3922917.08","18677","210.04","United States","NYSE","USD","1","--"
"CVNA","CARVANA CLASS A","Consumer Discretionary","Equity","3920232.42","0.04869","3920232.42","58942","66.51","United States","NYSE","USD","1","--"
"8053","SUMITOMO CORP","Industrials","Equity","3919106.48","0.04868","3919106.48","91800","42.69","Japan","Tokyo Stock Exchange","USD","160.265","--"
"ALAB","ASTERA LABS INC","Information Technology","Equity","3883033.82","0.04823","3883033.82","12247","317.06","United States","NASDAQ","USD","1","--"
"SAND","SANDVIK","Industrials","Equity","3881161.42","0.04821","3881161.42","96374","40.27","Sweden","Nasdaq Omx Nordic","USD","9.4309","--"
"RACE","FERRARI NV","Consumer Discretionary","Equity","3880668.86","0.0482","3880668.86","11176","347.23","Italy","Borsa Italiana","USD","0.86513","--"
"388","HONG KONG EXCHANGES AND CLEARING L","Financials","Equity","3870476.14","0.04807","3870476.14","76500","50.59","Hong Kong","Hong Kong Exchanges And Clearing Ltd","USD","7.83485","--"
"8591","ORIX CORP","Financials","Equity","3856264.94","0.0479","3856264.94","101100","38.14","Japan","Tokyo Stock Exchange","USD","160.265","--"
"BDX","BECTON DICKINSON","Health Care","Equity","3833871.08","0.04762","3833871.08","25363","151.16","United States","NYSE","USD","1","--"
"2914","JAPAN TOBACCO INC","Consumer Staples","Equity","3808945.18","0.04731","3808945.18","102200","37.27","Japan","Tokyo Stock Exchange","USD","160.265","--"
"FNV","FRANCO NEVADA CORP","Materials","Equity","3805619.57","0.04727","3805619.57","17386","218.89","Canada","Toronto Stock Exchange","USD","1.39175","--"
"WDS","WOODSIDE ENERGY GROUP LTD","Energy","Equity","3797765.29","0.04717","3797765.29","173514","21.89","Australia","Asx - All Markets","USD","1.41223","--"
"OXY","OCCIDENTAL PETROLEUM CORP","Energy","Equity","3795978.54","0.04715","3795978.54","66678","56.93","United States","NYSE","USD","1","--"
"ATD","ALIMENTATION COUCHE TARD INC","Consumer Staples","Equity","3782715","0.04698","3782715","63736","59.35","Canada","Toronto Stock Exchange","USD","1.39175","--"
"HUM","HUMANA INC","Health Care","Equity","3753557.76","0.04662","3753557.76","10722","350.08","United States","NYSE","USD","1","--"
"YUM","YUM BRANDS INC","Consumer Discretionary","Equity","3748968.63","0.04656","3748968.63","24849","150.87","United States","NYSE","USD","1","--"
"CCI","CROWN CASTLE INC","Real Estate","Equity","3738024.4","0.04643","3738024.4","39560","94.49","United States","NYSE","USD","1","--"
"BAYN","BAYER AG","Health Care","Equity","3735094.25","0.04639","3735094.25","89362","41.8","Germany","Xetra","USD","0.86513","--"
"NDAQ","NASDAQ INC","Financials","Equity","3701021.12","0.04597","3701021.12","42404","87.28","United States","NASDAQ","USD","1","--"
"LR","LEGRAND SA","Industrials","Equity","3690520.53","0.04584","3690520.53","22172","166.45","France","Nyse Euronext - Euronext Paris","USD","0.86513","--"
"TEVA","TEVA PHARMACEUTICAL INDUSTRIES ADR","Health Care","Equity","3690195.08","0.04583","3690195.08","107932","34.19","Israel","NYSE","USD","1","--"
"ALNY","ALNYLAM PHARMACEUTICALS INC","Health Care","Equity","3668420.25","0.04556","3668420.25","12105","303.05","United States","NASDAQ","USD","1","--"
"6367","DAIKIN INDUSTRIES LTD","Industrials","Equity","3652637.82","0.04537","3652637.82","24700","147.88","Japan","Tokyo Stock Exchange","USD","160.265","--"
"AIG","AMERICAN INTERNATIONAL GROUP INC","Financials","Equity","3652810.12","0.04537","3652810.12","48388","75.49","United States","NYSE","USD","1","--"
"MBG","MERCEDES-BENZ GROUP N AG","Consumer Discretionary","Equity","3646308.94","0.04529","3646308.94","65726","55.48","Germany","Xetra","USD","0.86513","--"
"PEG","PUBLIC SERVICE ENTERPRISE GROUP IN","Utilities","Equity","3637799.6","0.04518","3637799.6","45770","79.48","United States","NYSE","USD","1","--"
"KDP","KEURIG DR PEPPER INC","Consumer Staples","Equity","3634108.02","0.04514","3634108.02","119034","30.53","United States","NASDAQ","USD","1","--"
"SLF","SUN LIFE FINANCIAL INC","Financials","Equity","3629078.21","0.04507","3629078.21","49132","73.86","Canada","Toronto Stock Exchange","USD","1.39175","--"
"WCN","WASTE CONNECTIONS INC","Industrials","Equity","3624542.22","0.04502","3624542.22","23351","155.22","United States","NYSE","USD","1","--"
"HLN","HALEON PLC","Health Care","Equity","3616096.6","0.04491","3616096.6","801573","4.51","United Kingdom","London Stock Exchange","USD","0.74702","--"
"JPY","JPY CASH","Cash and/or Derivatives","Cash","3602670.28","0.04475","3602670.28","577381952","0.62","Japan","--","USD","160.265","--"
"CBRE","CBRE GROUP INC CLASS A","Real Estate","Equity","3602146.16","0.04474","3602146.16","27512","130.93","United States","NYSE","USD","1","--"
"ADM","ARCHER DANIELS MIDLAND","Consumer Staples","Equity","3582733","0.0445","3582733","44275","80.92","United States","NYSE","USD","1","--"
"RKT","RECKITT BENCKISER GROUP PLC","Consumer Staples","Equity","3574973.83","0.0444","3574973.83","58707","60.9","United Kingdom","London Stock Exchange","USD","0.74702","--"
"TSCO","TESCO PLC","Consumer Staples","Equity","3572289.76","0.04437","3572289.76","587404","6.08","United Kingdom","London Stock Exchange","USD","0.74702","--"
"VTR","VENTAS REIT INC","Real Estate","Equity","3567377.88","0.04431","3567377.88","43494","82.02","United States","NYSE","USD","1","--"
"SGO","COMPAGNIE DE SAINT GOBAIN SA","Industrials","Equity","3564870.36","0.04428","3564870.36","39918","89.3","France","Nyse Euronext - Euronext Paris","USD","0.86513","--"
"9434","SOFTBANK CORP","Communication","Equity","3552792.69","0.04413","3552792.69","2689600","1.32","Japan","Tokyo Stock Exchange","USD","160.265","--"
"GRMN","GARMIN LTD","Consumer Discretionary","Equity","3537904.35","0.04394","3537904.35","14955","236.57","United States","NYSE","USD","1","--"
"6146","DISCO CORP","Information Technology","Equity","3532424.42","0.04387","3532424.42","7800","452.87","Japan","Tokyo Stock Exchange","USD","160.265","--"
"CMG","CHIPOTLE MEXICAN GRILL INC","Consumer Discretionary","Equity","3529543.32","0.04384","3529543.32","120298","29.34","United States","NYSE","USD","1","--"
"TTWO","TAKE TWO INTERACTIVE SOFTWARE INC","Communication","Equity","3527573.06","0.04381","3527573.06","16454","214.39","United States","NASDAQ","USD","1","--"
"ED","CONSOLIDATED EDISON INC","Utilities","Equity","3518587.38","0.0437","3518587.38","33113","106.26","United States","NYSE","USD","1","--"
"DHI","D R HORTON INC","Consumer Discretionary","Equity","3505320","0.04354","3505320","24075","145.6","United States","NYSE","USD","1","--"
"6702","FUJITSU LTD","Information Technology","Equity","3490954.36","0.04336","3490954.36","155800","22.41","Japan","Tokyo Stock Exchange","USD","160.265","--"
"SSE","SSE PLC","Utilities","Equity","3473186.33","0.04314","3473186.33","108106","32.13","United Kingdom","London Stock Exchange","USD","0.74702","--"
"A","AGILENT TECHNOLOGIES INC","Health Care","Equity","3465909.6","0.04305","3465909.6","25590","135.44","United States","NYSE","USD","1","--"
"PCG","PG&E CORP","Utilities","Equity","3464193.26","0.04303","3464193.26","202466","17.11","United States","NYSE","USD","1","--"
"RWE","RWE AG","Utilities","Equity","3452331.15","0.04288","3452331.15","53334","64.73","Germany","Xetra","USD","0.86513","--"
"UCB","UCB SA","Health Care","Equity","3439264.86","0.04272","3439264.86","11400","301.69","Belgium","Nyse Euronext - Euronext Brussels","USD","0.86513","--"
"USD","USD CASH","Cash and/or Derivatives","Cash","3418491.95","0.04246","3418491.95","3418492","100","United States","--","USD","1","--"
"JBL","JABIL INC","Information Technology","Equity","3417950.24","0.04245","3417950.24","9676","353.24","United States","NYSE","USD","1","--"
"EBS","ERSTE GROUP BANK AG","Financials","Equity","3410090.41","0.04235","3410090.41","28754","118.59","Austria","Wiener Boerse Ag","USD","0.86513","--"
"STLD","STEEL DYNAMICS INC","Materials","Equity","3400015.5","0.04223","3400015.5","12663","268.5","United States","NASDAQ","USD","1","--"
"IRM","IRON MOUNTAIN INC","Real Estate","Equity","3399353.54","0.04222","3399353.54","27269","124.66","United States","NYSE","USD","1","--"
"AXON","AXON ENTERPRISE INC","Industrials","Equity","3392145.36","0.04213","3392145.36","6978","486.12","United States","NASDAQ","USD","1","--"
"CVE","CENOVUS ENERGY","Energy","Equity","3374549.39","0.04191","3374549.39","119171","28.32","Canada","Toronto Stock Exchange","USD","1.39175","--"
"GALD","GALDERMA GROUP N AG","Health Care","Equity","3371336.65","0.04187","3371336.65","16578","203.36","Switzerland","SIX Swiss Exchange","USD","0.79415","--"
"FANG","DIAMONDBACK ENERGY INC","Energy","Equity","3366997.6","0.04182","3366997.6","17480","192.62","United States","NASDAQ","USD","1","--"
"ORA","ORANGE SA","Communication","Equity","3351362.51","0.04163","3351362.51","166295","20.15","France","Nyse Euronext - Euronext Paris","USD","0.86513","Jan 01, 1998"
"AD","KONINKLIJKE AHOLD DELHAIZE NV","Consumer Staples","Equity","3344750.1","0.04154","3344750.1","80715","41.44","Netherlands","Euronext Amsterdam","USD","0.86513","--"
"WEC","WEC ENERGY GROUP INC","Utilities","Equity","3343432.95","0.04153","3343432.95","29601","112.95","United States","NYSE","USD","1","--"
"SYY","SYSCO CORP","Consumer Staples","Equity","3336085.41","0.04144","3336085.41","43729","76.29","United States","NYSE","USD","1","--"
"VMC","VULCAN MATERIALS","Materials","Equity","3326192.98","0.04131","3326192.98","11821","281.38","United States","NYSE","USD","1","--"
"G","ASSICURAZIONI GENERALI","Financials","Equity","3323892.33","0.04128","3323892.33","74094","44.86","Italy","Borsa Italiana","USD","0.86513","--"
"HIG","HARTFORD INSURANCE GROUP INC","Financials","Equity","3315260.46","0.04118","3315260.46","25089","132.14","United States","NYSE","USD","1","--"
"EME","EMCOR GROUP INC","Industrials","Equity","3313084.32","0.04115","3313084.32","4053","817.44","United States","NYSE","USD","1","--"
"8750","DAIICHI LIFE GROUP INC","Financials","Equity","3311203.32","0.04113","3311203.32","319200","10.37","Japan","Tokyo Stock Exchange","USD","160.265","--"
"IBKR","INTERACTIVE BROKERS GROUP INC CLAS","Financials","Equity","3300377.6","0.04099","3300377.6","39104","84.4","United States","NASDAQ","USD","1","--"
"WAT","WATERS CORP","Health Care","Equity","3282028.88","0.04076","3282028.88","8983","365.36","United States","NYSE","USD","1","--"
"6301","KOMATSU LTD","Industrials","Equity","3263010.64","0.04053","3263010.64","77600","42.05","Japan","Tokyo Stock Exchange","USD","160.265","--"
"7182","JAPAN POST BANK LTD","Financials","Equity","3258335.88","0.04047","3258335.88","165200","19.72","Japan","Tokyo Stock Exchange","USD","160.265","--"
"PYPL","PAYPAL HOLDINGS INC","Financials","Equity","3246550.12","0.04032","3246550.12","78628","41.29","United States","NASDAQ","USD","1","--"
"KR","KROGER","Consumer Staples","Equity","3223380.42","0.04004","3223380.42","50706","63.57","United States","NYSE","USD","1","--"
"U11","UNITED OVERSEAS BANK LTD","Financials","Equity","3214992.24","0.03993","3214992.24","107500","29.91","Singapore","Singapore Exchange","USD","1.289","--"
"XYZ","BLOCK INC CLASS A","Financials","Equity","3205707.85","0.03982","3205707.85","47039","68.15","United States","NYSE","USD","1","--"
"PRU","PRUDENTIAL FINANCIAL INC","Financials","Equity","3204510.6","0.0398","3204510.6","30630","104.62","United States","NYSE","USD","1","--"
"IFC","INTACT FINANCIAL CORP","Financials","Equity","3190898.08","0.03963","3190898.08","16095","198.25","Canada","Toronto Stock Exchange","USD","1.39175","--"
"CCL","CARNIVAL CORP LTD","Consumer Discretionary","Equity","3158920.27","0.03924","3158920.27","115247","27.41","United States","NYSE","USD","1","--"
"DOL","DOLLARAMA INC","Consumer Discretionary","Equity","3150304.78","0.03913","3150304.78","24194","130.21","Canada","Toronto Stock Exchange","USD","1.39175","--"
"ROP","ROPER TECHNOLOGIES INC","Information Technology","Equity","3147405.5","0.03909","3147405.5","9475","332.18","United States","NASDAQ","USD","1","--"
"CRDO","CREDO TECHNOLOGY GROUP HOLDING LTD","Information Technology","Equity","3141624.65","0.03902","3141624.65","15185","206.89","United States","NASDAQ","USD","1","--"
"ERIC B","ERICSSON B","Information Technology","Equity","3131560.93","0.0389","3131560.93","244078","12.83","Sweden","Nasdaq Omx Nordic","USD","9.4309","Jan 01, 1998"
"MTB","M&T BANK CORP","Financials","Equity","3118608.8","0.03873","3118608.8","14020","222.44","United States","NYSE","USD","1","--"
"MLM","MARTIN MARIETTA MATERIALS INC","Materials","Equity","3105451.19","0.03857","3105451.19","5393","575.83","United States","NYSE","USD","1","--"
"KVUE","KENVUE INC","Consumer Staples","Equity","3090359.58","0.03838","3090359.58","174498","17.71","United States","NYSE","USD","1","--"
"SDZ","SANDOZ GROUP AG","Health Care","Equity","3088426.62","0.03836","3088426.62","38085","81.09","Switzerland","SIX Swiss Exchange","USD","0.79415","--"
"ZTS","ZOETIS INC CLASS A","Health Care","Equity","3080683.2","0.03826","3080683.2","38780","79.44","United States","NYSE","USD","1","--"
"7267","HONDA MOTOR LTD","Consumer Discretionary","Equity","3060881.66","0.03802","3060881.66","339600","9.01","Japan","Tokyo Stock Exchange","USD","160.265","--"
"ASSA B","ASSA ABLOY B","Industrials","Equity","3059949.1","0.03801","3059949.1","88305","34.65","Sweden","Nasdaq Omx Nordic","USD","9.4309","--"
"TCL","TRANSURBAN GROUP STAPLED UNITS","Industrials","Equity","3059396.18","0.038","3059396.18","286510","10.68","Australia","Asx - All Markets","USD","1.41223","--"
"HAL","HALLIBURTON","Energy","Equity","3037860.48","0.03773","3037860.48","77536","39.18","United States","NYSE","USD","1","--"
"LUMI","BANK LEUMI LE ISRAEL","Financials","Equity","3025758.56","0.03758","3025758.56","131515","23.01","Israel","Tel Aviv Stock Exchange","USD","2.92955","--"
"FER","FERROVIAL NV","Industrials","Equity","3021886.45","0.03753","3021886.45","44781","67.48","Spain","Bolsa De Madrid","USD","0.86513","--"
"CSL","CSL LTD","Health Care","Equity","3019740.57","0.03751","3019740.57","43556","69.33","Australia","Asx - All Markets","USD","1.41223","--"
"EQT","EQT CORP","Energy","Equity","3018438.75","0.03749","3018438.75","56157","53.75","United States","NYSE","USD","1","--"
"ALC","ALCON AG","Health Care","Equity","3011616.04","0.03741","3011616.04","45024","66.89","Switzerland","SIX Swiss Exchange","USD","0.79415","--"
"HBAN","HUNTINGTON BANCSHARES INC","Financials","Equity","3007036.48","0.03735","3007036.48","182024","16.52","United States","NASDAQ","USD","1","--"
"TWLO","TWILIO INC CLASS A","Information Technology","Equity","2985327.9","0.03708","2985327.9","13210","225.99","United States","NYSE","USD","1","--"
"PRU","PRUDENTIAL PLC","Financials","Equity","2982992.1","0.03705","2982992.1","234416","12.73","United Kingdom","London Stock Exchange","USD","0.74702","--"
"POW","POWER CORPORATION OF CANADA","Financials","Equity","2979298.44","0.037","2979298.44","49380","60.33","Canada","Toronto Stock Exchange","USD","1.39175","--"
"SE","SEA ADS REPRESENTING LTD CLASS A","Consumer Discretionary","Equity","2977923.68","0.03699","2977923.68","34403","86.56","Singapore","NYSE","USD","1","--"
"8725","MS&AD INSURANCE GROUP HOLDINGS INC","Financials","Equity","2976616.85","0.03697","2976616.85","110300","26.99","Japan","Tokyo Stock Exchange","USD","160.265","--"
"GIVN","GIVAUDAN SA","Materials","Equity","2966000.13","0.03684","2966000.13","821","3612.67","Switzerland","SIX Swiss Exchange","USD","0.79415","--"
"NTAP","NETAPP INC","Information Technology","Equity","2952766.08","0.03667","2952766.08","17677","167.04","United States","NASDAQ","USD","1","--"
"SUNB","SUNBELT RENTALS HOLDINGS INC","Industrials","Equity","2950123.05","0.03664","2950123.05","36989","79.76","United Kingdom","London Stock Exchange","USD","0.74702","--"
"NTR","NUTRIEN LTD","Materials","Equity","2950143.89","0.03664","2950143.89","43852","67.28","Canada","Toronto Stock Exchange","USD","1.39175","--"
"KMB","KIMBERLY CLARK CORP","Consumer Staples","Equity","2932178.24","0.03642","2932178.24","29606","99.04","United States","NASDAQ","USD","1","--"
"EXPN","EXPERIAN PLC","Industrials","Equity","2923584.29","0.03631","2923584.29","83358","35.07","United Kingdom","London Stock Exchange","USD","0.74702","--"
"PAYX","PAYCHEX INC","Industrials","Equity","2917983.78","0.03624","2917983.78","29026","100.53","United States","NASDAQ","USD","1","--"
"6701","NEC CORP","Information Technology","Equity","2916449.01","0.03622","2916449.01","109900","26.54","Japan","Tokyo Stock Exchange","USD","160.265","--"
"MSTR","STRATEGY INC CLASS A","Information Technology","Equity","2904049.28","0.03607","2904049.28","24112","120.44","United States","NASDAQ","USD","1","--"
"ACGL","ARCH CAPITAL GROUP LTD","Financials","Equity","2900480.33","0.03603","2900480.33","31807","91.19","United States","NASDAQ","USD","1","--"
"COIN","COINBASE GLOBAL INC CLASS A","Financials","Equity","2894533.2","0.03595","2894533.2","18993","152.4","United States","NASDAQ","USD","1","--"
"DANSKE","DANSKE BANK","Financials","Equity","2890177.69","0.0359","2890177.69","56615","51.05","Denmark","Omx Nordic Exchange Copenhagen A/S","USD","6.46625","--"
"4519","CHUGAI PHARMACEUTICAL LTD","Health Care","Equity","2889340.78","0.03589","2889340.78","61300","47.13","Japan","Tokyo Stock Exchange","USD","160.265","--"
"NTRS","NORTHERN TRUST CORP","Financials","Equity","2888443.68","0.03588","2888443.68","16944","170.47","United States","NASDAQ","USD","1","--"
"CNC","CENTENE CORP","Health Care","Equity","2848792.65","0.03538","2848792.65","45705","62.33","United States","NYSE","USD","1","--"
"K","KINROSS GOLD CORP","Materials","Equity","2837283.28","0.03524","2837283.28","108186","26.23","Canada","Toronto Stock Exchange","USD","1.39175","--"
"ADS","ADIDAS N AG","Consumer Discretionary","Equity","2836064.98","0.03523","2836064.98","15197","186.62","Germany","Xetra","USD","0.86513","--"
"WOW","WOOLWORTHS GROUP LTD","Consumer Staples","Equity","2803887.73","0.03483","2803887.73","110948","25.27","Australia","Asx - All Markets","USD","1.41223","--"
"IQV","IQVIA HOLDINGS INC","Health Care","Equity","2802015.3","0.0348","2802015.3","15274","183.45","United States","NYSE","USD","1","--"
"REP","REPSOL SA","Energy","Equity","2792324.23","0.03468","2792324.23","104667","26.68","Spain","Bolsa De Madrid","USD","0.86513","--"
"8630","SOMPO HOLDINGS INC","Financials","Equity","2785877.14","0.0346","2785877.14","75700","36.8","Japan","Tokyo Stock Exchange","USD","160.265","--"
"WDAY","WORKDAY INC CLASS A","Information Technology","Equity","2779121.36","0.03452","2779121.36","19262","144.28","United States","NASDAQ","USD","1","--"
"EXR","EXTRA SPACE STORAGE REIT INC","Real Estate","Equity","2774694.45","0.03446","2774694.45","19095","145.31","United States","NYSE","USD","1","--"
"AEE","AMEREN CORP","Utilities","Equity","2773381.87","0.03445","2773381.87","25381","109.27","United States","NYSE","USD","1","--"
"FFH","FAIRFAX FINANCIAL HOLDINGS SUB VOT","Financials","Equity","2771599.26","0.03442","2771599.26","1737","1595.62","Canada","Toronto Stock Exchange","USD","1.39175","--"
"KBC","KBC GROEP","Financials","Equity","2747783.63","0.03413","2747783.63","21093","130.27","Belgium","Nyse Euronext - Euronext Brussels","USD","0.86513","--"
"GEHC","GE HEALTHCARE TECHNOLOGIES INC","Health Care","Equity","2745629.52","0.0341","2745629.52","42456","64.67","United States","NASDAQ","USD","1","--"
"Q","QNITY ELECTRONICS INC","Information Technology","Equity","2744690.1","0.03409","2744690.1","19322","142.05","United States","NYSE","USD","1","--"
"DTE","DTE ENERGY","Utilities","Equity","2736102.9","0.03398","2736102.9","18770","145.77","United States","NYSE","USD","1","--"
"VICI","VICI PPTYS INC","Real Estate","Equity","2734960.48","0.03397","2734960.48","98168","27.86","United States","NYSE","USD","1","--"
"SWED A","SWEDBANK","Financials","Equity","2700981.13","0.03355","2700981.13","75789","35.64","Sweden","Nasdaq Omx Nordic","USD","9.4309","--"
"DOV","DOVER CORP","Industrials","Equity","2679131","0.03328","2679131","12475","214.76","United States","NYSE","USD","1","--"
"SIKA","SIKA AG","Materials","Equity","2678012.97","0.03326","2678012.97","14240","188.06","Switzerland","SIX Swiss Exchange","USD","0.79415","--"
"CBOE","CBOE GLOBAL MARKETS INC","Financials","Equity","2674480.17","0.03322","2674480.17","9487","281.91","United States","Cboe BZX","USD","1","--"
"RMD","RESMED INC","Health Care","Equity","2663007.36","0.03308","2663007.36","13584","196.04","United States","NYSE","USD","1","--"
"SEB A","SKANDINAVISKA ENSKILDA BANKEN","Financials","Equity","2662639.07","0.03307","2662639.07","135589","19.64","Sweden","Nasdaq Omx Nordic","USD","9.4309","--"
"NTRA","NATERA INC","Health Care","Equity","2637547.5","0.03276","2637547.5","12250","215.31","United States","NASDAQ","USD","1","--"
"IR","INGERSOLL RAND INC","Industrials","Equity","2634885.25","0.03273","2634885.25","36469","72.25","United States","NYSE","USD","1","--"
"SLHN","SWISS LIFE HOLDING AG","Financials","Equity","2631599.82","0.03269","2631599.82","2485","1058.99","Switzerland","SIX Swiss Exchange","USD","0.79415","--"
"CASY","CASEYS GENERAL STORES INC","Consumer Staples","Equity","2627065.68","0.03263","2627065.68","3448","761.91","United States","NASDAQ","USD","1","--"
"MT","ARCELORMITTAL SA","Materials","Equity","2626655.42","0.03262","2626655.42","38372","68.45","France","Euronext Amsterdam","USD","0.86513","--"
"FISV","FISERV INC","Financials","Equity","2625594.34","0.03261","2625594.34","48238","54.43","United States","NASDAQ","USD","1","--"
"FSLR","FIRST SOLAR INC","Information Technology","Equity","2606232.41","0.03237","2606232.41","9341","279.01","United States","NASDAQ","USD","1","--"
"BIIB","BIOGEN INC","Health Care","Equity","2598998.7","0.03228","2598998.7","13305","195.34","United States","NASDAQ","USD","1","--"
"TSEM","TOWER SEMICONDUCTOR LTD","Information Technology","Equity","2597679.68","0.03226","2597679.68","10113","256.87","Israel","Tel Aviv Stock Exchange","USD","2.92955","--"
"FTS","FORTIS INC","Utilities","Equity","2595078.97","0.03223","2595078.97","46405","55.92","Canada","Toronto Stock Exchange","USD","1.39175","--"
"PPL","PEMBINA PIPELINE CORP","Energy","Equity","2591428.69","0.03219","2591428.69","52984","48.91","Canada","Toronto Stock Exchange","USD","1.39175","--"
"RJF","RAYMOND JAMES INC","Financials","Equity","2589795","0.03217","2589795","17100","151.45","United States","NYSE","USD","1","--"
"6971","KYOCERA CORP","Information Technology","Equity","2576482.7","0.032","2576482.7","111000","23.21","Japan","Tokyo Stock Exchange","USD","160.265","--"
"MDB","MONGODB INC CLASS A","Information Technology","Equity","2571976.42","0.03195","2571976.42","7333","350.74","United States","NASDAQ","USD","1","--"
"EIX","EDISON INTERNATIONAL","Utilities","Equity","2570729.81","0.03193","2570729.81","35057","73.33","United States","NYSE","USD","1","--"
"9432","NTT INC","Communication","Equity","2569906.09","0.03192","2569906.09","2821000","0.91","Japan","Tokyo Stock Exchange","USD","160.265","--"
"III","3I GROUP PLC","Financials","Equity","2558404.61","0.03178","2558404.61","86518","29.57","United Kingdom","London Stock Exchange","USD","0.74702","--"
"CPRT","COPART INC","Industrials","Equity","2556924.48","0.03176","2556924.48","82588","30.96","United States","NASDAQ","USD","1","--"
"CBK","COMMERZBANK AG","Financials","Equity","2555879.84","0.03175","2555879.84","59600","42.88","Germany","Xetra","USD","0.86513","--"
"TDY","TELEDYNE TECHNOLOGIES INC","Information Technology","Equity","2552420.26","0.0317","2552420.26","4238","602.27","United States","NYSE","USD","1","--"
"TECK.B","TECK RESOURCES SUBORDINATE VOTING","Materials","Equity","2547528.29","0.03164","2547528.29","41275","61.72","Canada","Toronto Stock Exchange","USD","1.39175","--"
"VOD","VODAFONE GROUP PLC","Communication","Equity","2534843.42","0.03148","2534843.42","1715201","1.48","United Kingdom","London Stock Exchange","USD","0.74702","--"
"IMB","IMPERIAL BRANDS PLC","Consumer Staples","Equity","2530327.22","0.03143","2530327.22","68461","36.96","United Kingdom","London Stock Exchange","USD","0.74702","--"
"8308","RESONA HOLDINGS INC","Financials","Equity","2529468.07","0.03142","2529468.07","191400","13.22","Japan","Tokyo Stock Exchange","USD","160.265","--"
"4062","IBIDEN LTD","Information Technology","Equity","2528412.32","0.0314","2528412.32","21600","117.06","Japan","Tokyo Stock Exchange","USD","160.265","--"
"TPR","TAPESTRY INC","Consumer Discretionary","Equity","2527544.1","0.03139","2527544.1","18041","140.1","United States","NYSE","USD","1","--"
"ATO","ATMOS ENERGY CORP","Utilities","Equity","2519552","0.03129","2519552","14800","170.24","United States","NYSE","USD","1","--"
"4578","OTSUKA HOLDINGS LTD","Health Care","Equity","2515196.71","0.03124","2515196.71","38100","66.02","Japan","Tokyo Stock Exchange","USD","160.265","--"
"DXCM","DEXCOM INC","Health Care","Equity","2512795.68","0.03121","2512795.68","34488","72.86","United States","NASDAQ","USD","1","--"
"CFG","CITIZENS FINANCIAL GROUP INC","Financials","Equity","2509871.42","0.03117","2509871.42","39229","63.98","United States","NYSE","USD","1","--"
"XYL","XYLEM INC","Industrials","Equity","2505312.72","0.03112","2505312.72","22788","109.94","United States","NYSE","USD","1","--"
"HSY","HERSHEY FOODS","Consumer Staples","Equity","2499766.94","0.03105","2499766.94","13543","184.58","United States","NYSE","USD","1","--"
"CRWV","COREWEAVE INC CLASS A","Information Technology","Equity","2498606.71","0.03103","2498606.71","24889","100.39","United States","NASDAQ","USD","1","--"
"HEI","HEIDELBERG MATERIALS AG","Materials","Equity","2492971.14","0.03096","2492971.14","12032","207.19","Germany","Xetra","USD","0.86513","--"
"OTIS","OTIS WORLDWIDE CORP","Industrials","Equity","2477163.78","0.03077","2477163.78","35217","70.34","United States","NYSE","USD","1","--"
"CNP","CENTERPOINT ENERGY INC","Utilities","Equity","2476276.14","0.03076","2476276.14","58006","42.69","United States","NYSE","USD","1","--"
"AMS","AMADEUS IT GROUP SA","Consumer Discretionary","Equity","2468732.1","0.03066","2468732.1","39787","62.05","Spain","Bolsa De Madrid","USD","0.86513","--"
"IHG","INTERCONTINENTAL HOTELS GROUP PLC","Consumer Discretionary","Equity","2465993.8","0.03063","2465993.8","15241","161.8","United Kingdom","London Stock Exchange","USD","1","--"
"AMRZ","AMRIZE AG","Materials","Equity","2466233.82","0.03063","2466233.82","46029","53.58","United States","NYSE","USD","1","--"
"EQNR","EQUINOR","Energy","Equity","2460607.53","0.03056","2460607.53","65489","37.57","Norway","Oslo Bors Asa","USD","9.4217","--"
"EXPE","EXPEDIA GROUP INC","Consumer Discretionary","Equity","2456111.28","0.03051","2456111.28","10731","228.88","United States","NASDAQ","USD","1","--"
"L","LOBLAW COMPANIES LTD","Consumer Staples","Equity","2454708.83","0.03049","2454708.83","52134","47.08","Canada","Toronto Stock Exchange","USD","1.39175","--"
"ARES","ARES MANAGEMENT CORP CLASS A","Financials","Equity","2438740.85","0.03029","2438740.85","19409","125.65","United States","NYSE","USD","1","--"
"8015","TOYOTA TSUSHO CORP","Industrials","Equity","2437138.49","0.03027","2437138.49","60500","40.28","Japan","Tokyo Stock Exchange","USD","160.265","--"
"VIE","VEOLIA ENVIRON. SA","Utilities","Equity","2433178.75","0.03022","2433178.75","60350","40.32","France","Nyse Euronext - Euronext Paris","USD","0.86513","--"
"AVB","AVALONBAY COMMUNITIES REIT INC","Real Estate","Equity","2426329.08","0.03014","2426329.08","12789","189.72","United States","NYSE","USD","1","--"
"CW","CURTISS WRIGHT CORP","Industrials","Equity","2420828.28","0.03007","2420828.28","3302","733.14","United States","NYSE","USD","1","--"
"ES","EVERSOURCE ENERGY","Utilities","Equity","2415226","0.03","2415226","34210","70.6","United States","NYSE","USD","1","--"
"FICO","FAIR ISAAC CORP","Information Technology","Equity","2413414.26","0.02998","2413414.26","2122","1137.33","United States","NYSE","USD","1","--"
"4568","DAIICHI SANKYO LTD","Health Care","Equity","2405091.57","0.02987","2405091.57","154800","15.54","Japan","Tokyo Stock Exchange","USD","160.265","--"
"2802","AJINOMOTO INC","Consumer Staples","Equity","2405241.32","0.02987","2405241.32","78000","30.84","Japan","Tokyo Stock Exchange","USD","160.265","--"
"NRG","NRG ENERGY INC","Utilities","Equity","2396143.2","0.02976","2396143.2","18546","129.2","United States","NYSE","USD","1","--"
"PPL","PPL CORP","Utilities","Equity","2390219.72","0.02969","2390219.72","66878","35.74","United States","NYSE","USD","1","--"
"POLI","BANK HAPOALIM BM","Financials","Equity","2378358.72","0.02954","2378358.72","101390","23.46","Israel","Tel Aviv Stock Exchange","USD","2.92955","--"
"ATCO B","ATLAS COPCO CLASS B","Industrials","Equity","2377491.01","0.02953","2377491.01","140400","16.93","Sweden","Nasdaq Omx Nordic","USD","9.4309","--"
"CTSH","COGNIZANT TECHNOLOGY SOLUTIONS COR","Information Technology","Equity","2373166","0.02948","2373166","44600","53.21","United States","NASDAQ","USD","1","--"
"FE","FIRSTENERGY CORP","Utilities","Equity","2359899.96","0.02931","2359899.96","50838","46.42","United States","NYSE","USD","1","--"
"HO","THALES SA","Industrials","Equity","2359118.85","0.0293","2359118.85","8782","268.63","France","Nyse Euronext - Euronext Paris","USD","0.86513","--"
"FTI","TECHNIPFMC PLC","Energy","Equity","2353133.12","0.02923","2353133.12","35216","66.82","United States","NYSE","USD","1","--"
"DNB","DNB BANK","Financials","Equity","2343159.94","0.0291","2343159.94","77625","30.19","Norway","Oslo Bors Asa","USD","9.4217","--"
"PPG","PPG INDUSTRIES INC","Materials","Equity","2320495.8","0.02882","2320495.8","20391","113.8","United States","NYSE","USD","1","--"
"VEEV","VEEVA SYSTEMS INC CLASS A","Health Care","Equity","2315045.32","0.02875","2315045.32","13412","172.61","United States","NYSE","USD","1","--"
"VWS","VESTAS WIND SYSTEMS","Industrials","Equity","2314127.42","0.02874","2314127.42","86296","26.82","Denmark","Omx Nordic Exchange Copenhagen A/S","USD","6.46625","--"
"HUBB","HUBBELL INC","Industrials","Equity","2305901.52","0.02864","2305901.52","4836","476.82","United States","NYSE","USD","1","--"
"WTW","WILLIS TOWERS WATSON PLC","Financials","Equity","2303866.68","0.02862","2303866.68","8742","263.54","United States","NASDAQ","USD","1","--"
"ACS","ACS ACTIVIDADES DE CONSTRUCCION Y","Industrials","Equity","2303123.12","0.02861","2303123.12","15826","145.53","Spain","Bolsa De Madrid","USD","0.86513","--"
"8802","MITSUBISHI ESTATE CO LTD","Real Estate","Equity","2302099.65","0.02859","2302099.65","92700","24.83","Japan","Tokyo Stock Exchange","USD","160.265","--"
"ADYEN","ADYEN NV","Financials","Equity","2278936.38","0.02831","2278936.38","2412","944.83","Netherlands","Euronext Amsterdam","USD","0.86513","--"
"LYV","LIVE NATION ENTERTAINMENT INC","Communication","Equity","2277796.1","0.02829","2277796.1","14230","160.07","United States","NYSE","USD","1","--"
"RBLX","ROBLOX CORP CLASS A","Communication","Equity","2275928.04","0.02827","2275928.04","54422","41.82","United States","NYSE","USD","1","--"
"4901","FUJIFILM HOLDINGS CORP","Information Technology","Equity","2276200.04","0.02827","2276200.04","103400","22.01","Japan","Tokyo Stock Exchange","USD","160.265","--"
"SAMPO","SAMPO CLASS A","Financials","Equity","2272247.42","0.02822","2272247.42","221322","10.27","Finland","Nasdaq Omx Helsinki Ltd.","USD","0.86513","--"
"SYF","SYNCHRONY FINANCIAL","Financials","Equity","2269571.92","0.02819","2269571.92","32038","70.84","United States","NYSE","USD","1","--"
"RF","REGIONS FINANCIAL CORP","Financials","Equity","2257742.32","0.02804","2257742.32","79108","28.54","United States","NYSE","USD","1","--"
"Z74","SINGAPORE TELECOMMUNICATIONS LTD","Communication","Equity","2255162.14","0.02801","2255162.14","677600","3.33","Singapore","Singapore Exchange","USD","1.289","--"
"8604","NOMURA HOLDINGS INC","Financials","Equity","2252127.41","0.02797","2252127.41","265200","8.49","Japan","Tokyo Stock Exchange","USD","160.265","--"
"EUR","EUR CASH","Cash and/or Derivatives","Cash","2246833.08","0.02791","2246833.08","1943795","115.59","European Union","--","USD","0.86513","--"
"ZM","ZOOM COMMUNICATIONS INC CLASS A","Information Technology","Equity","2245700.38","0.02789","2245700.38","22099","101.62","United States","NASDAQ","USD","1","--"
"MTD","METTLER TOLEDO INC","Health Care","Equity","2239400.2","0.02781","2239400.2","1940","1154.33","United States","NYSE","USD","1","--"
"ML","MICHELIN","Consumer Discretionary","Equity","2232046.92","0.02772","2232046.92","60571","36.85","France","Nyse Euronext - Euronext Paris","USD","0.86513","--"
"DOW","DOW INC","Materials","Equity","2227616.72","0.02767","2227616.72","65576","33.97","United States","NYSE","USD","1","--"
"FMG","FORTESCUE LTD","Materials","Equity","2222824.79","0.02761","2222824.79","152905","14.54","Australia","Asx - All Markets","USD","1.41223","--"
"CINF","CINCINNATI FINANCIAL CORP","Financials","Equity","2223315.79","0.02761","2223315.79","13451","165.29","United States","NASDAQ","USD","1","--"
"XPO","XPO INC","Industrials","Equity","2218300.08","0.02755","2218300.08","10132","218.94","United States","NYSE","USD","1","--"
"VRSN","VERISIGN INC","Information Technology","Equity","2213964.44","0.0275","2213964.44","7507","294.92","United States","NASDAQ","USD","1","--"
"WSM","WILLIAMS SONOMA INC","Consumer Discretionary","Equity","2206814.68","0.02741","2206814.68","10766","204.98","United States","NYSE","USD","1","--"
"ILMN","ILLUMINA INC","Health Care","Equity","2206415.76","0.0274","2206415.76","13593","162.32","United States","NASDAQ","USD","1","--"
"AWK","AMERICAN WATER WORKS INC","Utilities","Equity","2200878.54","0.02734","2200878.54","17682","124.47","United States","NYSE","USD","1","--"
"4503","ASTELLAS PHARMA INC","Health Care","Equity","2196530.12","0.02728","2196530.12","162900","13.48","Japan","Tokyo Stock Exchange","USD","160.265","--"
"2388","BOC HONG KONG HOLDINGS LTD","Financials","Equity","2180065.99","0.02708","2180065.99","360500","6.05","Hong Kong","Hong Kong Exchanges And Clearing Ltd","USD","7.83485","--"
"RVMD","REVOLUTION MEDICINES INC","Health Care","Equity","2176071.86","0.02703","2176071.86","14582","149.23","United States","NASDAQ","USD","1","--"
"ESLT","ELBIT SYSTEMS LTD","Industrials","Equity","2174873.27","0.02701","2174873.27","2625","828.52","Israel","Tel Aviv Stock Exchange","USD","2.92955","--"
"QBE","QBE INSURANCE GROUP LTD","Financials","Equity","2168886.49","0.02694","2168886.49","135111","16.05","Australia","Asx - All Markets","USD","1.41223","--"
"8801","MITSUI FUDOSAN LTD","Real Estate","Equity","2163232.77","0.02687","2163232.77","231900","9.33","Japan","Tokyo Stock Exchange","USD","160.265","--"
"QSR","RESTAURANTS BRANDS INTERNATIONAL I","Consumer Discretionary","Equity","2153716.2","0.02675","2153716.2","29578","72.81","Canada","Toronto Stock Exchange","USD","1.39175","--"
"LPLA","LPL FINANCIAL HOLDINGS INC","Financials","Equity","2151269.93","0.02672","2151269.93","7457","288.49","United States","NASDAQ","USD","1","--"
"VRSK","VERISK ANALYTICS INC","Industrials","Equity","2150411.09","0.02671","2150411.09","11833","181.73","United States","NASDAQ","USD","1","--"
"ABN","ABN AMRO BANK NV","Financials","Equity","2148799.54","0.02669","2148799.54","54967","39.09","Netherlands","Euronext Amsterdam","USD","0.86513","--"
"LDO","LEONARDO FINMECCANICA SPA","Industrials","Equity","2142433.37","0.02661","2142433.37","35740","59.94","Italy","Borsa Italiana","USD","0.86513","--"
"AV.","AVIVA PLC","Financials","Equity","2136971.02","0.02654","2136971.02","264649","8.07","United Kingdom","London Stock Exchange","USD","0.74702","--"
"MKL","MARKEL GROUP INC","Financials","Equity","2113294.54","0.02625","2113294.54","1162","1818.67","United States","NYSE","USD","1","--"
"PFG","PRINCIPAL FINANCIAL GROUP INC","Financials","Equity","2112607.16","0.02624","2112607.16","20078","105.22","United States","NASDAQ","USD","1","--"
"PHM","PULTEGROUP INC","Consumer Discretionary","Equity","2104796.8","0.02614","2104796.8","17777","118.4","United States","NYSE","USD","1","--"
"WST","WEST PHARMACEUTICAL SERVICES INC","Health Care","Equity","2104948.5","0.02614","2104948.5","6693","314.5","United States","NYSE","USD","1","--"
"EQR","EQUITY RESIDENTIAL REIT","Real Estate","Equity","2101343.04","0.0261","2101343.04","30816","68.19","United States","NYSE","USD","1","--"
"TPL","TEXAS PACIFIC LAND CORP","Energy","Equity","2090443.77","0.02596","2090443.77","5363","389.79","United States","NYSE","USD","1","--"
"HPQ","HP INC","Information Technology","Equity","2088607","0.02594","2088607","81650","25.58","United States","NYSE","USD","1","--"
"P","EVERPURE INC CLASS A","Information Technology","Equity","2086146.02","0.02591","2086146.02","28906","72.17","United States","NYSE","USD","1","--"
"DG","DOLLAR GENERAL CORP","Consumer Staples","Equity","2084266.3","0.02589","2084266.3","20099","103.7","United States","NYSE","USD","1","--"
"DGX","QUEST DIAGNOSTICS INC","Health Care","Equity","2082615.42","0.02587","2082615.42","10398","200.29","United States","NYSE","USD","1","--"
"669","TECHTRONIC INDUSTRIES LTD","Industrials","Equity","2083192.4","0.02587","2083192.4","139500","14.93","Hong Kong","Hong Kong Exchanges And Clearing Ltd","USD","7.83485","--"
"EXE","EXPAND ENERGY CORP","Energy","Equity","2076638.85","0.02579","2076638.85","22555","92.07","United States","NASDAQ","USD","1","--"
"TROW","T ROWE PRICE GROUP INC","Financials","Equity","2071362.57","0.02573","2071362.57","19543","105.99","United States","NASDAQ","USD","1","--"
"FTAI","FTAI AVIATION LTD","Industrials","Equity","2071576.55","0.02573","2071576.55","8851","234.05","United States","NASDAQ","USD","1","--"
"FFIV","F5 INC","Information Technology","Equity","2062727.4","0.02562","2062727.4","5244","393.35","United States","NASDAQ","USD","1","--"
"1","CK HUTCHISON HOLDINGS LTD","Industrials","Equity","2063013.33","0.02562","2063013.33","237000","8.7","Hong Kong","Hong Kong Exchanges And Clearing Ltd","USD","7.83485","--"
"PUB","PUBLICIS GROUPE SA","Communication","Equity","2059946.31","0.02559","2059946.31","20381","101.07","France","Nyse Euronext - Euronext Paris","USD","0.86513","--"
"SBAC","SBA COMMUNICATIONS REIT CORP CLASS","Real Estate","Equity","2060646.12","0.02559","2060646.12","9906","208.02","United States","NASDAQ","USD","1","--"
"BESI","BE SEMICONDUCTOR INDUSTRIES NV","Information Technology","Equity","2056063.6","0.02554","2056063.6","6554","313.71","Netherlands","Euronext Amsterdam","USD","0.86513","--"
"CPAY","CORPAY INC","Financials","Equity","2055514.2","0.02553","2055514.2","5916","347.45","United States","NYSE","USD","1","--"
"RPRX","ROYALTY PHARMA PLC CLASS A","Health Care","Equity","2054451.64","0.02552","2054451.64","36772","55.87","United States","NASDAQ","USD","1","--"
"CHD","CHURCH AND DWIGHT INC","Consumer Staples","Equity","2045277.08","0.0254","2045277.08","21142","96.74","United States","NYSE","USD","1","--"
"BMW","BMW AG","Consumer Discretionary","Equity","2043405.61","0.02538","2043405.61","25118","81.35","Germany","Xetra","USD","0.86513","--"
"ASTS","AST SPACEMOBILE INC CLASS A","Communication","Equity","2036080.8","0.02529","2036080.8","21753","93.6","United States","NASDAQ","USD","1","--"
"NI","NISOURCE INC","Utilities","Equity","2035598.53","0.02528","2035598.53","43673","46.61","United States","NYSE","USD","1","--"
"5108","BRIDGESTONE CORP","Consumer Discretionary","Equity","2033082.71","0.02525","2033082.71","96400","21.09","Japan","Tokyo Stock Exchange","USD","160.265","--"
"3382","SEVEN & I HOLDINGS LTD","Consumer Staples","Equity","2031344.65","0.02523","2031344.65","174700","11.63","Japan","Tokyo Stock Exchange","USD","160.265","--"
"6178","JAPAN POST HOLDINGS LTD","Financials","Equity","2031582.07","0.02523","2031582.07","153400","13.24","Japan","Tokyo Stock Exchange","USD","160.265","--"
"7751","CANON INC","Information Technology","Equity","2022718","0.02512","2022718","74300","27.22","Japan","Tokyo Stock Exchange","USD","160.265","--"
"NXT","NEXT PLC","Consumer Discretionary","Equity","2019981.02","0.02509","2019981.02","11075","182.39","United Kingdom","London Stock Exchange","USD","0.74702","--"
"UTHR","UNITED THERAPEUTICS CORP","Health Care","Equity","2015273.55","0.02503","2015273.55","3665","549.87","United States","NASDAQ","USD","1","--"
"HEIA","HEINEKEN NV","Consumer Staples","Equity","2001983.82","0.02487","2001983.82","25951","77.14","Netherlands","Euronext Amsterdam","USD","0.86513","--"
"OMC","OMNICOM GROUP INC","Communication","Equity","2000384.22","0.02485","2000384.22","26562","75.31","United States","NYSE","USD","1","--"
"6273","SMC (JAPAN) CORP","Industrials","Equity","1995282.81","0.02478","1995282.81","4900","407.2","Japan","Tokyo Stock Exchange","USD","160.265","--"
"FIS","FIDELITY NATIONAL INFORMATION SERV","Financials","Equity","1993855.5","0.02476","1993855.5","48690","40.95","United States","NYSE","USD","1","--"
"FN","FABRINET","Information Technology","Equity","1991106.25","0.02473","1991106.25","3205","621.25","United States","NYSE","USD","1","--"
"DRI","DARDEN RESTAURANTS INC","Consumer Discretionary","Equity","1990511.64","0.02472","1990511.64","10047","198.12","United States","NYSE","USD","1","--"
"CMS","CMS ENERGY CORP","Utilities","Equity","1979731.24","0.02459","1979731.24","27481","72.04","United States","NYSE","USD","1","--"
"SMCI","SUPER MICRO COMPUTER INC","Information Technology","Equity","1964741.76","0.0244","1964741.76","47184","41.64","United States","NASDAQ","USD","1","--"
"AER","AERCAP HOLDINGS NV","Industrials","Equity","1963308.78","0.02439","1963308.78","14337","136.94","Netherlands","NYSE","USD","1","--"
"8309","SUMITOMO MITSUI TRUST GROUP INC","Financials","Equity","1963697.63","0.02439","1963697.63","54000","36.36","Japan","Tokyo Stock Exchange","USD","160.265","--"
"MTZ","MASTEC INC","Industrials","Equity","1962822.66","0.02438","1962822.66","5394","363.89","United States","NYSE","USD","1","--"
"CHRW","CH ROBINSON WORLDWIDE INC","Industrials","Equity","1963135.76","0.02438","1963135.76","10664","184.09","United States","NASDAQ","USD","1","--"
"UMG","UNIVERSAL MUSIC GROUP NV","Communication","Equity","1960919.85","0.02436","1960919.85","93468","20.98","Netherlands","Euronext Amsterdam","USD","0.86513","--"
"HLMA","HALMA PLC","Information Technology","Equity","1960572.44","0.02435","1960572.44","31402","62.43","United Kingdom","London Stock Exchange","USD","0.74702","--"
"SW","SMURFIT WESTROCK PLC","Materials","Equity","1959479.04","0.02434","1959479.04","47468","41.28","United States","NYSE","USD","1","--"
"STE","STERIS","Health Care","Equity","1958716.4","0.02433","1958716.4","9224","212.35","United States","NYSE","USD","1","--"
"DTG","DAIMLER TRUCK HOLDING E AG","Industrials","Equity","1959117.62","0.02433","1959117.62","41208","47.54","Germany","Xetra","USD","0.86513","--"
"NN","NN GROUP NV","Financials","Equity","1955860.25","0.02429","1955860.25","23725","82.44","Netherlands","Euronext Amsterdam","USD","0.86513","--"
"GEBN","GEBERIT AG","Industrials","Equity","1950759.43","0.02423","1950759.43","3046","640.43","Switzerland","SIX Swiss Exchange","USD","0.79415","--"
"AENA","AENA SME SA","Industrials","Equity","1946643.79","0.02418","1946643.79","67580","28.8","Spain","Bolsa De Madrid","USD","0.86513","--"
"LH","LABCORP HOLDINGS INC","Health Care","Equity","1944610.1","0.02415","1944610.1","7334","265.15","United States","NYSE","USD","1","--"
"JBHT","JB HUNT TRANSPORT SERVICES INC","Industrials","Equity","1939369.7","0.02409","1939369.7","6806","284.95","United States","NASDAQ","USD","1","--"
"COL","COLES GROUP LTD","Consumer Staples","Equity","1939582.97","0.02409","1939582.97","123329","15.73","Australia","Asx - All Markets","USD","1.41223","--"
"KER","KERING SA","Consumer Discretionary","Equity","1938793.15","0.02408","1938793.15","6724","288.34","France","Nyse Euronext - Euronext Paris","USD","0.86513","--"
"16","SUN HUNG KAI PROPERTIES LTD","Real Estate","Equity","1936597.38","0.02405","1936597.38","125500","15.43","Hong Kong","Hong Kong Exchanges And Clearing Ltd","USD","7.83485","--"
"5020","ENEOS HOLDINGS INC","Energy","Equity","1925878.39","0.02392","1925878.39","241700","7.97","Japan","Tokyo Stock Exchange","USD","160.265","--"
"EXPD","EXPEDITORS INTERNATIONAL OF WASHIN","Industrials","Equity","1917578.88","0.02382","1917578.88","11952","160.44","United States","NYSE","USD","1","--"
"6902","DENSO CORP","Consumer Discretionary","Equity","1918025.15","0.02382","1918025.15","162900","11.77","Japan","Tokyo Stock Exchange","USD","160.265","--"
"VACN","VAT GROUP AG","Industrials","Equity","1906985.33","0.02369","1906985.33","2509","760.06","Switzerland","SIX Swiss Exchange","USD","0.79415","--"
"HBAN","HELVETIA BALOISE HOLDING N AG","Financials","Equity","1907537.24","0.02369","1907537.24","7647","249.45","Switzerland","SIX Swiss Exchange","USD","0.79415","--"
"BPE","BPER BANCA","Financials","Equity","1898137.48","0.02358","1898137.48","140762","13.48","Italy","Borsa Italiana","USD","0.86513","--"
"ULTA","ULTA BEAUTY INC","Consumer Discretionary","Equity","1896304.2","0.02355","1896304.2","4060","467.07","United States","NASDAQ","USD","1","--"
"PAAS","PAN AMERICAN SILVER CORP","Materials","Equity","1891034.8","0.02349","1891034.8","39732","47.59","Canada","Toronto Stock Exchange","USD","1.39175","--"
"EFX","EQUIFAX INC","Industrials","Equity","1891364.44","0.02349","1891364.44","10988","172.13","United States","NYSE","USD","1","--"
"DLTR","DOLLAR TREE INC","Consumer Staples","Equity","1891488","0.02349","1891488","17385","108.8","United States","NASDAQ","USD","1","--"
"VLTO","VERALTO CORP","Industrials","Equity","1887162.55","0.02344","1887162.55","21931","86.05","United States","NYSE","USD","1","--"
"EL","ESTEE LAUDER INC CLASS A","Consumer Staples","Equity","1882532.52","0.02338","1882532.52","22548","83.49","United States","NYSE","USD","1","--"
"VOW3","VOLKSWAGEN NON-VOTING PREF AG","Consumer Discretionary","Equity","1882648.17","0.02338","1882648.17","18542","101.53","Germany","Xetra","USD","0.86513","Jan 02, 1990"
"FM","FIRST QUANTUM MINERALS LTD","Materials","Equity","1880875.3","0.02336","1880875.3","65410","28.76","Canada","Toronto Stock Exchange","USD","1.39175","Mar 01, 1996"
"A5G","AIB GROUP PLC","Financials","Equity","1871714.07","0.02325","1871714.07","160086","11.69","Ireland","Irish Stock Exchange - All Market","USD","0.86513","--"
"OKTA","OKTA INC CLASS A","Information Technology","Equity","1871383.36","0.02324","1871383.36","15763","118.72","United States","NASDAQ","USD","1","--"
"RS","RELIANCE STEEL & ALUMINUM","Materials","Equity","1865559.3","0.02317","1865559.3","4730","394.41","United States","NYSE","USD","1","--"
"WRT1V","WARTSILA","Industrials","Equity","1863501.96","0.02315","1863501.96","45311","41.13","Finland","Nasdaq Omx Helsinki Ltd.","USD","0.86513","--"
"STZ","CONSTELLATION BRANDS INC CLASS A","Consumer Staples","Equity","1853811.96","0.02303","1853811.96","13156","140.91","United States","NYSE","USD","1","--"
"1605","INPEX CORP","Energy","Equity","1853249.31","0.02302","1853249.31","80600","22.99","Japan","Tokyo Stock Exchange","USD","160.265","--"
"BIRG","BANK OF IRELAND GROUP PLC","Financials","Equity","1846406.73","0.02293","1846406.73","91856","20.1","Ireland","Irish Stock Exchange - All Market","USD","0.86513","--"
"6920","LASERTEC CORP","Information Technology","Equity","1842323.65","0.02288","1842323.65","7000","263.19","Japan","Tokyo Stock Exchange","USD","160.265","--"
"PHIA","KONINKLIJKE PHILIPS NV","Health Care","Equity","1840072.07","0.02285","1840072.07","70035","26.27","Netherlands","Euronext Amsterdam","USD","0.86513","--"
"BURL","BURLINGTON STORES INC","Consumer Discretionary","Equity","1837621.8","0.02282","1837621.8","5796","317.05","United States","NYSE","USD","1","--"
"MRK","MERCK","Health Care","Equity","1836368.68","0.02281","1836368.68","11609","158.18","Germany","Xetra","USD","0.86513","--"
"ACA","CREDIT AGRICOLE SA","Financials","Equity","1836815.83","0.02281","1836815.83","96133","19.11","France","Nyse Euronext - Euronext Paris","USD","0.86513","--"
"KHC","KRAFT HEINZ","Consumer Staples","Equity","1833405.68","0.02277","1833405.68","81196","22.58","United States","NASDAQ","USD","1","--"
"BMPS","BANCA MONTE DEI PASCHI DI SIENA SP","Financials","Equity","1832432.75","0.02276","1832432.75","177226","10.34","Italy","Borsa Italiana","USD","0.86513","--"
"ALL","ARISTOCRAT LEISURE LTD","Consumer Discretionary","Equity","1831563.25","0.02275","1831563.25","50411","36.33","Australia","Asx - All Markets","USD","1.41223","--"
"SOFI","SOFI TECHNOLOGIES INC","Financials","Equity","1826987.19","0.02269","1826987.19","113973","16.03","United States","NASDAQ","USD","1","--"
"RDDT","REDDIT INC CLASS A","Communication","Equity","1826255.05","0.02268","1826255.05","10529","173.45","United States","NYSE","USD","1","--"
"PKG","PACKAGING CORP OF AMERICA","Materials","Equity","1825118.62","0.02267","1825118.62","8191","222.82","United States","NYSE","USD","1","--"
"KEY","KEYCORP","Financials","Equity","1825141.76","0.02267","1825141.76","83876","21.76","United States","NYSE","USD","1","--"
"INSM","INSMED INC","Health Care","Equity","1816278.94","0.02256","1816278.94","19277","94.22","United States","NASDAQ","USD","1","--"
"EVRG","EVERGY INC","Utilities","Equity","1809790.18","0.02248","1809790.18","21734","83.27","United States","NASDAQ","USD","1","--"
"PGHN","PARTNERS GROUP HOLDING AG","Financials","Equity","1807990.93","0.02246","1807990.93","2020","895.05","Switzerland","SIX Swiss Exchange","USD","0.79415","--"
"5801","FURUKAWA ELECTRIC LTD","Industrials","Equity","1805728.01","0.02243","1805728.01","5900","306.06","Japan","Tokyo Stock Exchange","USD","160.265","--"
"NST","NORTHERN STAR RESOURCES LTD","Materials","Equity","1805787.07","0.02243","1805787.07","128279","14.08","Australia","Asx - All Markets","USD","1.41223","--"
"KNEBV","KONE","Industrials","Equity","1800045.97","0.02236","1800045.97","30935","58.19","Finland","Nasdaq Omx Helsinki Ltd.","USD","0.86513","--"
"NSIS B","NOVOZYMES B","Materials","Equity","1797335.23","0.02232","1797335.23","31659","56.77","Denmark","Omx Nordic Exchange Copenhagen A/S","USD","6.46625","--"
"SCMN","SWISSCOM AG","Communication","Equity","1785638.73","0.02218","1785638.73","2185","817.23","Switzerland","SIX Swiss Exchange","USD","0.79415","--"
"ANTO","ANTOFAGASTA PLC","Materials","Equity","1785811.44","0.02218","1785811.44","33603","53.14","United Kingdom","London Stock Exchange","USD","0.74702","--"
"SNA","SNAP ON INC","Industrials","Equity","1783779.69","0.02216","1783779.69","4697","379.77","United States","NYSE","USD","1","--"
"4543","TERUMO CORP","Health Care","Equity","1775459.4","0.02205","1775459.4","124800","14.23","Japan","Tokyo Stock Exchange","USD","160.265","--"
"SHB A","SVENSKA HANDELSBANKEN-A SHS","Financials","Equity","1768814.9","0.02197","1768814.9","123934","14.27","Sweden","Nasdaq Omx Nordic","USD","9.4309","--"
"RBA","RB GLOBAL INC","Industrials","Equity","1766962.97","0.02195","1766962.97","16876","104.7","Canada","Toronto Stock Exchange","USD","1.39175","--"
"ENTG","ENTEGRIS INC","Information Technology","Equity","1767403.13","0.02195","1767403.13","14093","125.41","United States","NASDAQ","USD","1","--"
"CCEP","COCA COLA EUROPACIFIC PARTNERS PLC","Consumer Staples","Equity","1766237.82","0.02194","1766237.82","18643","94.74","Netherlands","NASDAQ","USD","1","--"
"IONQ","IONQ INC","Information Technology","Equity","1760974.92","0.02187","1760974.92","31014","56.78","United States","NYSE","USD","1","--"
"LNT","ALLIANT ENERGY CORP","Utilities","Equity","1755001.08","0.0218","1755001.08","24084","72.87","United States","NASDAQ","USD","1","--"
"DD","DUPONT DE NEMOURS INC","Materials","Equity","1752096.3","0.02176","1752096.3","37398","46.85","United States","NYSE","USD","1","--"
"KPN","KONINKLIJKE KPN NV","Communication","Equity","1737064.25","0.02158","1737064.25","345944","5.02","Netherlands","Euronext Amsterdam","USD","0.86513","--"
"LGEN","LEGAL AND GENERAL GROUP PLC","Financials","Equity","1733407.68","0.02153","1733407.68","481015","3.6","United Kingdom","London Stock Exchange","USD","0.74702","--"
"L","LOEWS CORP","Financials","Equity","1727143.92","0.02145","1727143.92","16056","107.57","United States","NYSE","USD","1","--"
"LEN","LENNAR A CORP CLASS A","Consumer Discretionary","Equity","1726458.71","0.02144","1726458.71","19079","90.49","United States","NYSE","USD","1","--"
"IFF","INTERNATIONAL FLAVORS & FRAGRANCES","Materials","Equity","1718509.38","0.02134","1718509.38","23538","73.01","United States","NYSE","USD","1","--"
"GIS","GENERAL MILLS INC","Consumer Staples","Equity","1706628.3","0.0212","1706628.3","51482","33.15","United States","NYSE","USD","1","--"
"FRE","FRESENIUS SE AND CO KGAA","Health Care","Equity","1701003.6","0.02113","1701003.6","39495","43.07","Germany","Xetra","USD","0.86513","--"
"MTX","MTU AERO ENGINES HOLDING AG","Industrials","Equity","1695414.01","0.02106","1695414.01","4860","348.85","Germany","Xetra","USD","0.86513","--"
"FDXF","FEDEX FREIGHT HOLDING COMPANY INC","Industrials","Equity","1691659.36","0.02101","1691659.36","10079","167.84","United States","NYSE","USD","1","--"
"IMO","IMPERIAL OIL LTD","Energy","Equity","1681757.77","0.02089","1681757.77","13799","121.88","Canada","Toronto Stock Exchange","USD","1.39175","--"
"CAP","CAPGEMINI","Information Technology","Equity","1678336.05","0.02085","1678336.05","14263","117.67","France","Nyse Euronext - Euronext Paris","USD","0.86513","--"
"4004","RESONAC HOLDINGS","Materials","Equity","1674617.04","0.0208","1674617.04","15500","108.04","Japan","Tokyo Stock Exchange","USD","160.265","--"
"7269","SUZUKI MOTOR CORP","Consumer Discretionary","Equity","1675009.83","0.0208","1675009.83","143900","11.64","Japan","Tokyo Stock Exchange","USD","160.265","--"
"FTV","FORTIVE CORP","Industrials","Equity","1673618.08","0.02079","1673618.08","27311","61.28","United States","NYSE","USD","1","--"
"EPI A","EPIROC CLASS A","Industrials","Equity","1669518.54","0.02074","1669518.54","57632","28.97","Sweden","Nasdaq Omx Nordic","USD","9.4309","--"
"CHF","CHF CASH","Cash and/or Derivatives","Cash","1668559.91","0.02072","1668559.91","1325087","125.92","Switzerland","--","USD","0.79415","--"
"9020","EAST JAPAN RAILWAY","Industrials","Equity","1667615.51","0.02071","1667615.51","79400","21","Japan","Tokyo Stock Exchange","USD","160.265","--"
"ESS","ESSEX PROPERTY TRUST REIT INC","Real Estate","Equity","1664056.9","0.02067","1664056.9","5830","285.43","United States","NYSE","USD","1","--"
"FWONK","LIBERTY MEDIA FORMULA ONE SERIES C","Communication","Equity","1658905.6","0.0206","1658905.6","18920","87.68","United States","NASDAQ","USD","1","--"
"STO","SANTOS LTD","Energy","Equity","1657287.7","0.02058","1657287.7","299293","5.54","Australia","Asx - All Markets","USD","1.41223","--"
"8267","AEON LTD","Consumer Staples","Equity","1656518.89","0.02057","1656518.89","196000","8.45","Japan","Tokyo Stock Exchange","USD","160.265","--"
"LUN","LUNDIN MINING CORP","Materials","Equity","1649099.39","0.02048","1649099.39","61664","26.74","Canada","Toronto Stock Exchange","USD","1.39175","--"
"AFRM","AFFIRM HOLDINGS INC CLASS A","Financials","Equity","1644254.89","0.02042","1644254.89","25849","63.61","United States","NASDAQ","USD","1","--"
"BR","BROADRIDGE FINANCIAL SOLUTIONS INC","Industrials","Equity","1633109.94","0.02028","1633109.94","10791","151.34","United States","NYSE","USD","1","--"
"WSP","WSP GLOBAL INC","Industrials","Equity","1630888.03","0.02026","1630888.03","12147","134.26","Canada","Toronto Stock Exchange","USD","1.39175","--"
"HEXA B","HEXAGON CLASS B","Information Technology","Equity","1629414.86","0.02024","1629414.86","180024","9.05","Sweden","Nasdaq Omx Nordic","USD","9.4309","--"
"7936","ASICS CORP","Consumer Discretionary","Equity","1625892.12","0.02019","1625892.12","58900","27.6","Japan","Tokyo Stock Exchange","USD","160.265","--"
"BBD.B","BOMBARDIER INC CLASS B","Industrials","Equity","1624542.11","0.02018","1624542.11","7412","219.18","Canada","Toronto Stock Exchange","USD","1.39175","--"
"IREN","IREN LTD","Information Technology","Equity","1607129.5","0.01996","1607129.5","29570","54.35","United States","NASDAQ","USD","1","--"
"BAMI","BANCO BPM","Financials","Equity","1603764.45","0.01992","1603764.45","105031","15.27","Italy","Borsa Italiana","USD","0.86513","--"
"MG","MAGNA INTERNATIONAL INC","Consumer Discretionary","Equity","1600582.91","0.01988","1600582.91","24179","66.2","Canada","Toronto Stock Exchange","USD","1.39175","--"
"2","CLP HOLDINGS LTD","Utilities","Equity","1596223.92","0.01983","1596223.92","170500","9.36","Hong Kong","Hong Kong Exchanges And Clearing Ltd","USD","7.83485","--"
"SAB","BANCO DE SABADELL SA","Financials","Equity","1593226.01","0.01979","1593226.01","478425","3.33","Spain","Bolsa De Madrid","USD","0.86513","--"
"EVN","EVOLUTION MINING LTD","Materials","Equity","1586597.99","0.01971","1586597.99","191018","8.31","Australia","Asx - All Markets","USD","1.41223","--"
"AMCR","AMCOR PLC","Materials","Equity","1585331.01","0.01969","1585331.01","41577","38.13","United States","NYSE","USD","1","--"
"BT.A","BT GROUP PLC","Communication","Equity","1583378.1","0.01967","1583378.1","587006","2.7","United Kingdom","London Stock Exchange","USD","0.74702","--"
"WY","WEYERHAEUSER REIT","Real Estate","Equity","1583709.12","0.01967","1583709.12","64694","24.48","United States","NYSE","USD","1","--"
"GBP","GBP CASH","Cash and/or Derivatives","Cash","1579517.82","0.01962","1579517.82","1179933","133.87","United Kingdom","--","USD","0.74702","--"
"INVH","INVITATION HOMES INC","Real Estate","Equity","1576529.24","0.01958","1576529.24","52481","30.04","United States","NYSE","USD","1","--"
"CF","CF INDUSTRIES HOLDINGS INC","Materials","Equity","1575127.71","0.01956","1575127.71","13879","113.49","United States","NYSE","USD","1","--"
"LOGN","LOGITECH INTERNATIONAL SA","Information Technology","Equity","1574103.38","0.01955","1574103.38","13665","115.19","Switzerland","SIX Swiss Exchange","USD","0.79415","--"
"SGSN","SGS SA","Industrials","Equity","1566831.38","0.01946","1566831.38","13909","112.65","Switzerland","SIX Swiss Exchange","USD","0.79415","--"
"CDW","CDW CORP","Information Technology","Equity","1565215.6","0.01944","1565215.6","11765","133.04","United States","NASDAQ","USD","1","--"
"BAER","JULIUS BAER GRUPPE AG","Financials","Equity","1563492.99","0.01942","1563492.99","18893","82.76","Switzerland","SIX Swiss Exchange","USD","0.79415","--"
"BRO","BROWN & BROWN INC","Financials","Equity","1563027.3","0.01941","1563027.3","26555","58.86","United States","NYSE","USD","1","--"
"HEIA","HEICO CORP CLASS A","Industrials","Equity","1562052.5","0.0194","1562052.5","6415","243.5","United States","NYSE","USD","1","--"
"6326","KUBOTA CORP","Industrials","Equity","1560994.91","0.01939","1560994.91","86700","18","Japan","Tokyo Stock Exchange","USD","160.265","--"
"CLNX","CELLNEX TELECOM","Communication","Equity","1550642.62","0.01926","1550642.62","47236","32.83","Spain","Bolsa De Madrid","USD","0.86513","--"
"SAAB B","SAAB CLASS B","Industrials","Equity","1548237.94","0.01923","1548237.94","27633","56.03","Sweden","Nasdaq Omx Nordic","USD","9.4309","--"
"VNA","VONOVIA SE","Real Estate","Equity","1542523.4","0.01916","1542523.4","66096","23.34","Germany","Xetra","USD","0.86513","--"
"ZBH","ZIMMER BIOMET HOLDINGS INC","Health Care","Equity","1539191.25","0.01912","1539191.25","17625","87.33","United States","NYSE","USD","1","--"
"WKL","WOLTERS KLUWER NV","Industrials","Equity","1537605.23","0.0191","1537605.23","20955","73.38","Netherlands","Euronext Amsterdam","USD","0.86513","--"
"FCNCA","FIRST CITIZENS BANCSHARES INC CLAS","Financials","Equity","1535574","0.01907","1535574","740","2075.1","United States","NASDAQ","USD","1","--"
"CDE","COEUR MINING INC","Materials","Equity","1527632.03","0.01897","1527632.03","93319","16.37","United States","NYSE","USD","1","--"
"LYB","LYONDELLBASELL INDUSTRIES CLASS A","Materials","Equity","1524199.5","0.01893","1524199.5","23631","64.5","United States","NYSE","USD","1","--"
"INCY","INCYTE CORP","Health Care","Equity","1515428.76","0.01882","1515428.76","14802","102.38","United States","NASDAQ","USD","1","--"
"NVR","NVR INC","Consumer Discretionary","Equity","1514724.75","0.01881","1514724.75","245","6182.55","United States","NYSE","USD","1","--"
"ALFA","ALFA LAVAL","Industrials","Equity","1512978.42","0.01879","1512978.42","26453","57.19","Sweden","Nasdaq Omx Nordic","USD","9.4309","--"
"KIM","KIMCO REALTY REIT CORP","Real Estate","Equity","1510231.67","0.01876","1510231.67","62329","24.23","United States","NYSE","USD","1","--"
"IP","INTERNATIONAL PAPER","Materials","Equity","1509290.66","0.01875","1509290.66","44906","33.61","United States","NYSE","USD","1","--"
"BAM","BROOKFIELD ASSET MANAGEMENT VOTING","Financials","Equity","1508714.71","0.01874","1508714.71","32615","46.26","Canada","Toronto Stock Exchange","USD","1.39175","--"
"TOU","TOURMALINE OIL CORP","Energy","Equity","1505616.96","0.0187","1505616.96","32880","45.79","Canada","Toronto Stock Exchange","USD","1.39175","--"
"TSN","TYSON FOODS INC CLASS A","Consumer Staples","Equity","1504310.22","0.01868","1504310.22","25614","58.73","United States","NYSE","USD","1","--"
"9022","CENTRAL JAPAN RAILWAY","Industrials","Equity","1492325.21","0.01854","1492325.21","71500","20.87","Japan","Tokyo Stock Exchange","USD","160.265","--"
"BG","BUNGE GLOBAL SA","Consumer Staples","Equity","1486031.46","0.01846","1486031.46","11751","126.46","United States","NYSE","USD","1","--"
"TEF","TELEFONICA SA","Communication","Equity","1483707.4","0.01843","1483707.4","330653","4.49","Spain","Bolsa De Madrid","USD","0.86513","--"
"PTC","PTC INC","Information Technology","Equity","1480970","0.01839","1480970","10810","137","United States","NASDAQ","USD","1","--"
"TRN","TERNA RETE ELETTRICA NAZIONALE","Utilities","Equity","1478783.15","0.01837","1478783.15","127297","11.62","Italy","Borsa Italiana","USD","0.86513","--"
"BOL","BOLIDEN","Materials","Equity","1477355.12","0.01835","1477355.12","25546","57.83","Sweden","Nasdaq Omx Nordic","USD","9.4309","--"
"TEAM","ATLASSIAN CORP CLASS A","Information Technology","Equity","1477726.32","0.01835","1477726.32","14856","99.47","United States","NASDAQ","USD","1","--"
"5401","NIPPON STEEL CORP","Materials","Equity","1463996.79","0.01818","1463996.79","428935","3.41","Japan","Tokyo Stock Exchange","USD","160.265","--"
"NVMI","NOVA LTD","Information Technology","Equity","1458704.24","0.01812","1458704.24","2847","512.37","Israel","Tel Aviv Stock Exchange","USD","2.92955","--"
"TXT","TEXTRON INC","Industrials","Equity","1454820.84","0.01807","1454820.84","15973","91.08","United States","NYSE","USD","1","--"
"BXB","BRAMBLES LTD","Industrials","Equity","1450833.51","0.01802","1450833.51","121094","11.98","Australia","Asx - All Markets","USD","1.41223","--"
"4452","KAO CORP","Consumer Staples","Equity","1448246.34","0.01799","1448246.34","39200","36.95","Japan","Tokyo Stock Exchange","USD","160.265","--"
"6361","EBARA CORP","Industrials","Equity","1447081.4","0.01797","1447081.4","41900","34.54","Japan","Tokyo Stock Exchange","USD","160.265","--"
"RYA","RYANAIR HOLDINGS PLC","Industrials","Equity","1440070.48","0.01789","1440070.48","52171","27.6","Ireland","Irish Stock Exchange - All Market","USD","0.86513","--"
"IEX","IDEX CORP","Industrials","Equity","1439614.75","0.01788","1439614.75","6685","215.35","United States","NYSE","USD","1","--"
"TSCO","TRACTOR SUPPLY","Consumer Discretionary","Equity","1438522.9","0.01787","1438522.9","48305","29.78","United States","NASDAQ","USD","1","--"
"NHY","NORSK HYDRO","Materials","Equity","1436161.4","0.01784","1436161.4","116597","12.32","Norway","Oslo Bors Asa","USD","9.4217","--"
"UPM","UPM-KYMMENE","Materials","Equity","1434875.45","0.01782","1434875.45","49104","29.22","Finland","Nasdaq Omx Helsinki Ltd.","USD","0.86513","--"
"SUI","SUN COMMUNITIES REIT INC","Real Estate","Equity","1434185.55","0.01781","1434185.55","11595","123.69","United States","NYSE","USD","1","--"
"PHOE","PHOENIX FINANCIAL LTD","Financials","Equity","1432472.56","0.01779","1432472.56","23980","59.74","Israel","Tel Aviv Stock Exchange","USD","2.92955","--"
"ESSITY B","ESSITY CLASS B","Consumer Staples","Equity","1426206.79","0.01771","1426206.79","52377","27.23","Sweden","Nasdaq Omx Nordic","USD","9.4309","--"
"7013","IHI CORP","Industrials","Equity","1421389.57","0.01765","1421389.57","88500","16.06","Japan","Tokyo Stock Exchange","USD","160.265","--"
"FBK","FINECOBANK BANCA FINECO","Financials","Equity","1417055.15","0.0176","1417055.15","58545","24.2","Italy","Borsa Italiana","USD","0.86513","--"
"NDSN","NORDSON CORP","Industrials","Equity","1417325.49","0.0176","1417325.49","5013","282.73","United States","NASDAQ","USD","1","--"
"WPC","W. P. CAREY REIT INC","Real Estate","Equity","1415012.04","0.01758","1415012.04","18996","74.49","United States","NYSE","USD","1","--"
"NBIX","NEUROCRINE BIOSCIENCES INC","Health Care","Equity","1414284.4","0.01757","1414284.4","8630","163.88","United States","NASDAQ","USD","1","--"
"WRB","WR BERKLEY CORP","Financials","Equity","1411170.6","0.01753","1411170.6","20580","68.57","United States","NYSE","USD","1","--"
"LII","LENNOX INTERNATIONAL INC","Industrials","Equity","1411401.68","0.01753","1411401.68","2776","508.43","United States","NYSE","USD","1","--"
"NLY","ANNALY CAPITAL MANAGEMENT REIT INC","Financials","Equity","1407968.22","0.01749","1407968.22","66351","21.22","United States","NYSE","USD","1","--"
"GPN","GLOBAL PAYMENTS INC","Financials","Equity","1402270.08","0.01742","1402270.08","21144","66.32","United States","NYSE","USD","1","--"
"HEI","HEICO CORP","Industrials","Equity","1402611.76","0.01742","1402611.76","4232","331.43","United States","NYSE","USD","1","--"
"DECK","DECKERS OUTDOOR CORP","Consumer Discretionary","Equity","1400824.15","0.0174","1400824.15","12955","108.13","United States","NYSE","USD","1","--"
"9735","SECOM LTD","Industrials","Equity","1397494.77","0.01736","1397494.77","35500","39.37","Japan","Tokyo Stock Exchange","USD","160.265","--"
"LVS","LAS VEGAS SANDS CORP","Consumer Discretionary","Equity","1396146","0.01734","1396146","27784","50.25","United States","NYSE","USD","1","--"
"CSL","CARLISLE COMPANIES INC","Industrials","Equity","1395337.34","0.01733","1395337.34","4033","345.98","United States","NYSE","USD","1","--"
"SATS","ECHOSTAR CORP CLASS A","Communication","Equity","1391057.64","0.01728","1391057.64","11963","116.28","United States","NASDAQ","USD","1","--"
"MAA","MID AMERICA APARTMENT COMMUNITIES","Real Estate","Equity","1390116.78","0.01727","1390116.78","10107","137.54","United States","NYSE","USD","1","--"
"GWO","GREAT WEST LIFECO INC","Financials","Equity","1389392.87","0.01726","1389392.87","23619","58.83","Canada","Toronto Stock Exchange","USD","1.39175","--"
"EDP","EDP ENERGIAS DE PORTUGAL SA","Utilities","Equity","1383311.72","0.01718","1383311.72","270572","5.11","Portugal","Nyse Euronext - Euronext Lisbon","USD","0.86513","--"
"MAS","MASCO CORP","Industrials","Equity","1382022.51","0.01717","1382022.51","19911","69.41","United States","NYSE","USD","1","--"
"GMAB","GENMAB","Health Care","Equity","1378713.32","0.01712","1378713.32","5630","244.89","Denmark","Omx Nordic Exchange Copenhagen A/S","USD","6.46625","--"
"SCHP","SCHINDLER HOLDING PAR AG","Industrials","Equity","1372467.42","0.01705","1372467.42","4113","333.69","Switzerland","SIX Swiss Exchange","USD","0.79415","--"
"APTV","APTIV PLC","Consumer Discretionary","Equity","1365757.4","0.01696","1365757.4","19909","68.6","United States","NYSE","USD","1","--"
"DSY","DASSAULT SYSTEMES","Information Technology","Equity","1359816.67","0.01689","1359816.67","59671","22.79","France","Nyse Euronext - Euronext Paris","USD","0.86513","--"
"5706","MITSUI KINZOKU LIMITED LTD","Materials","Equity","1360253.33","0.01689","1360253.33","4900","277.6","Japan","Tokyo Stock Exchange","USD","160.265","--"
"INF","INFORMA PLC","Communication","Equity","1352747.47","0.0168","1352747.47","124266","10.89","United Kingdom","London Stock Exchange","USD","0.74702","--"
"LDOS","LEIDOS HOLDINGS INC","Industrials","Equity","1348199.05","0.01675","1348199.05","10835","124.43","United States","NYSE","USD","1","--"
"EMA","EMERA INC","Utilities","Equity","1344395.9","0.0167","1344395.9","25915","51.88","Canada","Toronto Stock Exchange","USD","1.39175","--"
"SSNC","SS AND C TECHNOLOGIES HOLDINGS INC","Industrials","Equity","1343670.2","0.01669","1343670.2","19220","69.91","United States","NASDAQ","USD","1","--"
"AGI","ALAMOS GOLD INC CLASS A","Materials","Equity","1341035.1","0.01666","1341035.1","37720","35.55","Canada","Toronto Stock Exchange","USD","1.39175","--"
"1812","KAJIMA CORP","Industrials","Equity","1335422.58","0.01659","1335422.58","38500","34.69","Japan","Tokyo Stock Exchange","USD","160.265","--"
"PST","POSTE ITALIANE","Financials","Equity","1334607.05","0.01658","1334607.05","44839","29.76","Italy","Borsa Italiana","USD","0.86513","--"
"TLS","TELSTRA GROUP LTD","Communication","Equity","1333031.2","0.01656","1333031.2","378782","3.52","Australia","Asx - All Markets","USD","1.41223","--"
"S68","SINGAPORE EXCHANGE LTD","Financials","Equity","1333577.81","0.01656","1333577.81","79070","16.87","Singapore","Singapore Exchange","USD","1.289","--"
"4507","SHIONOGI LTD","Health Care","Equity","1328234.49","0.0165","1328234.49","74300","17.88","Japan","Tokyo Stock Exchange","USD","160.265","--"
"HNR1","HANNOVER RUECK","Financials","Equity","1328334.39","0.0165","1328334.39","5058","262.62","Germany","Xetra","USD","0.86513","--"
"6594","NIDEC CORP","Industrials","Equity","1328839.11","0.0165","1328839.11","76800","17.3","Japan","Tokyo Stock Exchange","USD","160.265","--"
"SHL","SIEMENS HEALTHINEERS AG","Health Care","Equity","1321309.75","0.01641","1321309.75","32810","40.27","Germany","Xetra","USD","0.86513","--"
"BBY","BEST BUY INC","Consumer Discretionary","Equity","1317409.1","0.01636","1317409.1","18415","71.54","United States","NYSE","USD","1","--"
"PNFP","PINNACLE FINANCIAL PARTNERS INC","Financials","Equity","1311260.65","0.01629","1311260.65","13615","96.31","United States","NYSE","USD","1","--"
"WCP","WHITECAP RESOURCES INC","Energy","Equity","1311677.54","0.01629","1311677.54","110571","11.86","Canada","Toronto Stock Exchange","USD","1.39175","--"
"3407","ASAHI KASEI CORP","Materials","Equity","1309791.6","0.01627","1309791.6","117500","11.15","Japan","Tokyo Stock Exchange","USD","160.265","--"
"SGAFT","CASH COLLATERAL USD SGAFT","Cash and/or Derivatives","Cash Collateral and Margins","1309000","0.01626","1309000","1309000","100","United States","--","USD","1","Sep 01, 2016"
"RI","PERNOD RICARD SA","Consumer Staples","Equity","1296946.15","0.01611","1296946.15","18068","71.78","France","Nyse Euronext - Euronext Paris","USD","0.86513","--"
"S32","SOUTH32 LTD","Materials","Equity","1297405.27","0.01611","1297405.27","395731","3.28","Australia","Asx - All Markets","USD","1.41223","--"
"EQT","EQT","Financials","Equity","1293822.95","0.01607","1293822.95","41489","31.18","Sweden","Nasdaq Omx Nordic","USD","9.4309","--"
"CSGP","COSTAR GROUP INC","Real Estate","Equity","1292632.38","0.01606","1292632.38","38142","33.89","United States","NASDAQ","USD","1","--"
"J","JACOBS SOLUTIONS INC","Industrials","Equity","1293147.6","0.01606","1293147.6","10552","122.55","United States","NYSE","USD","1","--"
"REG","REGENCY CENTERS REIT CORP","Real Estate","Equity","1290773.76","0.01603","1290773.76","16608","77.72","United States","NASDAQ","USD","1","--"
"TRU","TRANSUNION","Industrials","Equity","1289756.98","0.01602","1289756.98","18253","70.66","United States","NYSE","USD","1","--"
"RPM","RPM INTERNATIONAL INC","Materials","Equity","1286284.8","0.01598","1286284.8","12255","104.96","United States","NYSE","USD","1","--"
"4661","ORIENTAL LAND LTD","Consumer Discretionary","Equity","1285728.32","0.01597","1285728.32","94500","13.61","Japan","Tokyo Stock Exchange","USD","160.265","--"
"9503","KANSAI ELECTRIC POWER INC","Utilities","Equity","1281038.9","0.01591","1281038.9","87700","14.61","Japan","Tokyo Stock Exchange","USD","160.265","--"
"FLUT","FLUTTER ENTERTAINMENT PLC","Consumer Discretionary","Equity","1280242.6","0.0159","1280242.6","12740","100.49","United States","NYSE","USD","1","--"
"GEN","GEN DIGITAL INC","Information Technology","Equity","1278364.32","0.01588","1278364.32","48644","26.28","United States","NASDAQ","USD","1","--"
"BALL","BALL CORP","Materials","Equity","1273466.88","0.01582","1273466.88","24064","52.92","United States","NYSE","USD","1","--"
"6383","DAIFUKU LTD","Industrials","Equity","1271064.8","0.01579","1271064.8","29600","42.94","Japan","Tokyo Stock Exchange","USD","160.265","--"
"COO","COOPER INC","Health Care","Equity","1270503.78","0.01578","1270503.78","18867","67.34","United States","NASDAQ","USD","1","--"
"6988","NITTO DENKO CORP","Materials","Equity","1269709.54","0.01577","1269709.54","66500","19.09","Japan","Tokyo Stock Exchange","USD","160.265","--"
"H","HYDRO ONE LTD","Utilities","Equity","1263184.65","0.01569","1263184.65","30859","40.93","Canada","Toronto Stock Exchange","USD","1.39175","--"
"SCG","SCENTRE GROUP","Real Estate","Equity","1257549.57","0.01562","1257549.57","485232","2.59","Australia","Asx - All Markets","USD","1.41223","--"
"8601","DAIWA SECURITIES GROUP INC","Financials","Equity","1253553.18","0.01557","1253553.18","128700","9.74","Japan","Tokyo Stock Exchange","USD","160.265","--"
"9101","NIPPON YUSEN","Industrials","Equity","1252938.57","0.01556","1252938.57","35800","35","Japan","Tokyo Stock Exchange","USD","160.265","--"
"KOG","KONGSBERG GRUPPEN","Industrials","Equity","1252146","0.01555","1252146","37812","33.12","Norway","Oslo Bors Asa","USD","9.4217","--"
"STLAM","STELLANTIS NV","Consumer Discretionary","Equity","1250863.66","0.01554","1250863.66","173980","7.19","Italy","Borsa Italiana","USD","0.86513","--"
"KRX","KINGSPAN GROUP PLC","Industrials","Equity","1249336.37","0.01552","1249336.37","13197","94.67","Ireland","Irish Stock Exchange - All Market","USD","0.86513","--"
"ELE","ENDESA SA","Utilities","Equity","1249444.39","0.01552","1249444.39","29413","42.48","Spain","Bolsa De Madrid","USD","0.86513","--"
"SUN","SUNCORP GROUP LTD","Financials","Equity","1249852.1","0.01552","1249852.1","100517","12.43","Australia","Asx - All Markets","USD","1.41223","--"
"ZS","ZSCALER INC","Information Technology","Equity","1246333.4","0.01548","1246333.4","9530","130.78","United States","NASDAQ","USD","1","--"
"MONC","MONCLER","Consumer Discretionary","Equity","1243327.12","0.01544","1243327.12","19853","62.63","Italy","Borsa Italiana","USD","0.86513","--"
"SPSN","SWISS PRIME SITE AG","Real Estate","Equity","1242191.27","0.01543","1242191.27","7786","159.54","Switzerland","SIX Swiss Exchange","USD","0.79415","--"
"SRG","SNAM","Utilities","Equity","1241432.98","0.01542","1241432.98","170584","7.28","Italy","Borsa Italiana","USD","0.86513","--"
"KRZ","KERRY GROUP PLC","Consumer Staples","Equity","1240103.21","0.0154","1240103.21","14911","83.17","Ireland","Irish Stock Exchange - All Market","USD","0.86513","--"
"ORG","ORIGIN ENERGY LTD","Utilities","Equity","1238335.34","0.01538","1238335.34","160589","7.71","Australia","Asx - All Markets","USD","1.41223","--"
"GIB.A","CGI INC CLASS A","Information Technology","Equity","1234571.55","0.01533","1234571.55","18312","67.42","Canada","Toronto Stock Exchange","USD","1.39175","--"
"RCI.B","ROGERS COMMUNICATIONS NON-VOTING I","Communication","Equity","1231896.89","0.0153","1231896.89","32657","37.72","Canada","Toronto Stock Exchange","USD","1.39175","--"
"RTO","RENTOKIL INITIAL PLC","Industrials","Equity","1228119.58","0.01525","1228119.58","207376","5.92","United Kingdom","London Stock Exchange","USD","0.74702","--"
"TRI","THOMSON REUTERS CORP","Industrials","Equity","1225064.33","0.01522","1225064.33","14194","86.31","Canada","Toronto Stock Exchange","USD","1.39175","--"
"2502","ASAHI GROUP HOLDINGS LTD","Consumer Staples","Equity","1224481.33","0.01521","1224481.33","133000","9.21","Japan","Tokyo Stock Exchange","USD","160.265","--"
"2503","KIRIN HOLDINGS LTD","Consumer Staples","Equity","1216990.61","0.01512","1216990.61","74800","16.27","Japan","Tokyo Stock Exchange","USD","160.265","--"
"GPC","GENUINE PARTS","Consumer Discretionary","Equity","1217550.75","0.01512","1217550.75","12405","98.15","United States","NYSE","USD","1","--"
"S63","SINGAPORE TECHNOLOGIES ENGINEERING","Industrials","Equity","1214036.46","0.01508","1214036.46","143700","8.45","Singapore","Singapore Exchange","USD","1.289","--"
"MRU","METRO INC","Consumer Staples","Equity","1212856.79","0.01506","1212856.79","18221","66.56","Canada","Toronto Stock Exchange","USD","1.39175","--"
"ROL","ROLLINS INC","Industrials","Equity","1209951.9","0.01503","1209951.9","25689","47.1","United States","NYSE","USD","1","--"
"TIT","TELECOM ITALIA","Communication","Equity","1209115.45","0.01502","1209115.45","1422407","0.85","Italy","Borsa Italiana","USD","0.86513","--"
"1925","DAIWA HOUSE INDUSTRY LTD","Real Estate","Equity","1208150.25","0.01501","1208150.25","46200","26.15","Japan","Tokyo Stock Exchange","USD","160.265","--"
"EG","EVEREST GROUP LTD","Financials","Equity","1204879.23","0.01497","1204879.23","3603","334.41","United States","NYSE","USD","1","--"
"DSFIR","DSM FIRMENICH AG","Materials","Equity","1204914.11","0.01497","1204914.11","15343","78.53","Netherlands","Euronext Amsterdam","USD","0.86513","--"
"ENX","EURONEXT NV","Financials","Equity","1205153.36","0.01497","1205153.36","7332","164.37","France","Nyse Euronext - Euronext Paris","USD","0.86513","--"
"TYL","TYLER TECHNOLOGIES INC","Information Technology","Equity","1205214.34","0.01497","1205214.34","3862","312.07","United States","NYSE","USD","1","--"
"7012","KAWASAKI HEAVY INDUSTRIES LTD","Industrials","Equity","1202568.56","0.01494","1202568.56","66700","18.03","Japan","Tokyo Stock Exchange","USD","160.265","--"
"DAL","DELTA AIR LINES INC","Industrials","Equity","1199718.52","0.0149","1199718.52","15106","79.42","United States","NYSE","USD","1","--"
"STMN","STRAUMANN HOLDING AG","Health Care","Equity","1198432.87","0.01489","1198432.87","10127","118.34","Switzerland","SIX Swiss Exchange","USD","0.79415","--"
"6504","FUJI ELECTRIC LTD","Industrials","Equity","1195285.93","0.01485","1195285.93","12500","95.62","Japan","Tokyo Stock Exchange","USD","160.265","--"
"TRMB","TRIMBLE INC","Information Technology","Equity","1193697.32","0.01483","1193697.32","22028","54.19","United States","NASDAQ","USD","1","--"
"URW","UNIBAIL RODAMCO WE STAPLED UNITS","Real Estate","Equity","1194002.63","0.01483","1194002.63","10562","113.05","France","Nyse Euronext - Euronext Paris","USD","0.86513","--"
"UU.","UNITED UTILITIES GROUP PLC","Utilities","Equity","1187489.64","0.01475","1187489.64","67000","17.72","United Kingdom","London Stock Exchange","USD","0.74702","--"
"CCH","COCA COLA HBC AG","Consumer Staples","Equity","1186018.49","0.01473","1186018.49","20633","57.48","United Kingdom","London Stock Exchange","USD","0.74702","--"
"RO","ROCHE HOLDING AG","Health Care","Equity","1186323.99","0.01473","1186323.99","2836","418.31","Switzerland","SIX Swiss Exchange","USD","0.79415","--"
"NESTE","NESTE","Energy","Equity","1185439.29","0.01472","1185439.29","35821","33.09","Finland","Nasdaq Omx Helsinki Ltd.","USD","0.86513","--"
"GLPI","GAMING AND LEISURE PROPERTIES REIT","Real Estate","Equity","1179910.38","0.01466","1179910.38","25014","47.17","United States","NASDAQ","USD","1","--"
"5713","SUMITOMO METAL MINING LTD","Materials","Equity","1172172.34","0.01456","1172172.34","21900","53.52","Japan","Tokyo Stock Exchange","USD","160.265","--"
"TELIA","TELIA COMPANY","Communication","Equity","1172291.17","0.01456","1172291.17","229040","5.12","Sweden","Nasdaq Omx Nordic","USD","9.4309","--"
"8830","SUMITOMO REALTY & DEVELOPMENT LTD","Real Estate","Equity","1169562.91","0.01453","1169562.91","52800","22.15","Japan","Tokyo Stock Exchange","USD","160.265","--"
"DKS","DICKS SPORTING INC","Consumer Discretionary","Equity","1169104.86","0.01452","1169104.86","5442","214.83","United States","NYSE","USD","1","--"
"ARX","ARC RESOURCES LTD","Energy","Equity","1167867.86","0.01451","1167867.86","51290","22.77","Canada","Toronto Stock Exchange","USD","1.39175","Jan 01, 1970"
"PLS","PLS GROUP LTD","Materials","Equity","1165746.04","0.01448","1165746.04","278562","4.18","Australia","Asx - All Markets","USD","1.41223","--"
"RIVN","RIVIAN AUTOMOTIVE INC CLASS A","Consumer Discretionary","Equity","1164643.2","0.01447","1164643.2","71232","16.35","United States","NASDAQ","USD","1","--"
"5016","JX ADVANCED METALS CORP","Materials","Equity","1163672.67","0.01445","1163672.67","49600","23.46","Japan","Tokyo Stock Exchange","USD","160.265","--"
"WSO","WATSCO INC","Industrials","Equity","1160562.5","0.01441","1160562.5","3125","371.38","United States","NYSE","USD","1","--"
"IAG","INSURANCE AUSTRALIA GROUP LTD","Financials","Equity","1158825.7","0.01439","1158825.7","216472","5.35","Australia","Asx - All Markets","USD","1.41223","--"
"SOON","SONOVA HOLDING AG","Health Care","Equity","1151075.24","0.0143","1151075.24","4378","262.92","Switzerland","SIX Swiss Exchange","USD","0.79415","--"
"CPU","COMPUTERSHARE LTD","Industrials","Equity","1142213.03","0.01419","1142213.03","46180","24.73","Australia","Asx - All Markets","USD","1.41223","--"
"823","LINK REAL ESTATE INVESTMENT TRUST","Real Estate","Equity","1134856.7","0.0141","1134856.7","232760","4.88","Hong Kong","Hong Kong Exchanges And Clearing Ltd","USD","7.83485","--"
"ENLT","ENLIGHT RENEWABLE ENERGY LTD","Utilities","Equity","1135139.66","0.0141","1135139.66","11932","95.13","Israel","Tel Aviv Stock Exchange","USD","2.92955","--"
"LULU","LULULEMON ATHLETICA INC","Consumer Discretionary","Equity","1128135.48","0.01401","1128135.48","9876","114.23","United States","NASDAQ","USD","1","--"
"9532","OSAKA GAS LTD","Utilities","Equity","1126809.35","0.014","1126809.35","32900","34.25","Japan","Tokyo Stock Exchange","USD","160.265","--"
"EN","BOUYGUES SA","Industrials","Equity","1125042.83","0.01397","1125042.83","19404","57.98","France","Nyse Euronext - Euronext Paris","USD","0.86513","--"
"ALA","ALTAGAS LTD","Utilities","Equity","1123773.84","0.01396","1123773.84","28049","40.06","Canada","Toronto Stock Exchange","USD","1.39175","--"
"9104","MITSUI OSK LINES LTD","Industrials","Equity","1122085.3","0.01394","1122085.3","31000","36.2","Japan","Tokyo Stock Exchange","USD","160.265","--"
"7733","OLYMPUS CORP","Health Care","Equity","1120375","0.01392","1120375","97400","11.5","Japan","Tokyo Stock Exchange","USD","160.265","--"
"TFII","TFI INTERNATIONAL INC","Industrials","Equity","1119239.7","0.0139","1119239.7","7005","159.78","Canada","Toronto Stock Exchange","USD","1.39175","--"
"TIH","TOROMONT INDUSTRIES LTD","Industrials","Equity","1116551.28","0.01387","1116551.28","6975","160.08","Canada","Toronto Stock Exchange","USD","1.39175","--"
"SN.","SMITH AND NEPHEW PLC","Health Care","Equity","1115245.35","0.01385","1115245.35","72634","15.35","United Kingdom","London Stock Exchange","USD","0.74702","--"
"TW","TRADEWEB MARKETS INC CLASS A","Financials","Equity","1114090.98","0.01384","1114090.98","10866","102.53","United States","NASDAQ","USD","1","--"
"KNIN","KUEHNE UND NAGEL INTERNATIONAL AG","Industrials","Equity","1112713.09","0.01382","1112713.09","4606","241.58","Switzerland","SIX Swiss Exchange","USD","0.79415","--"
"8697","JAPAN EXCHANGE GROUP INC","Financials","Equity","1109130.5","0.01378","1109130.5","88700","12.5","Japan","Tokyo Stock Exchange","USD","160.265","--"
"FPH","FISHER AND PAYKEL HEALTHCARE CORPO","Health Care","Equity","1108539.98","0.01377","1108539.98","51181","21.66","New Zealand","New Zealand Exchange Ltd","USD","1.71659","--"
"1113","CK ASSET HOLDINGS LTD","Real Estate","Equity","1108585.36","0.01377","1108585.36","188000","5.9","Hong Kong","Hong Kong Exchanges And Clearing Ltd","USD","7.83485","--"
"CNA","CENTRICA PLC","Utilities","Equity","1105888.26","0.01374","1105888.26","436986","2.53","United Kingdom","London Stock Exchange","USD","0.74702","--"
"BG","BAWAG GROUP AG","Financials","Equity","1105472.24","0.01373","1105472.24","6342","174.31","Austria","Wiener Boerse Ag","USD","0.86513","--"
"MKC","MCCORMICK & CO NON-VOTING INC","Consumer Staples","Equity","1102817.8","0.0137","1102817.8","23345","47.24","United States","NYSE","USD","1","--"
"AVY","AVERY DENNISON CORP","Materials","Equity","1103019.44","0.0137","1103019.44","7108","155.18","United States","NYSE","USD","1","--"
"DSCT","ISRAEL DISCOUNT BANK LTD","Financials","Equity","1103228.78","0.0137","1103228.78","108201","10.2","Israel","Tel Aviv Stock Exchange","USD","2.92955","--"
"GGG","GRACO INC","Industrials","Equity","1102610.88","0.01369","1102610.88","14832","74.34","United States","NYSE","USD","1","--"
"SMIN","SMITHS GROUP PLC","Industrials","Equity","1099354.61","0.01365","1099354.61","32771","33.55","United Kingdom","London Stock Exchange","USD","0.74702","--"
"WN","GEORGE WESTON LTD","Consumer Staples","Equity","1097187.18","0.01363","1097187.18","14758","74.35","Canada","Toronto Stock Exchange","USD","1.39175","--"
"9502","CHUBU ELECTRIC POWER INC","Utilities","Equity","1095419.46","0.01361","1095419.46","62800","17.44","Japan","Tokyo Stock Exchange","USD","160.265","--"
"SGRO","SEGRO REIT PLC","Real Estate","Equity","1094780.03","0.0136","1094780.03","114734","9.54","United Kingdom","London Stock Exchange","USD","0.74702","--"
"9766","KONAMI GROUP CORP","Communication","Equity","1094000.56","0.01359","1094000.56","8900","122.92","Japan","Tokyo Stock Exchange","USD","160.265","--"
"MDLN","MEDLINE INC CLASS A","Health Care","Equity","1092795.54","0.01357","1092795.54","32514","33.61","United States","NASDAQ","USD","1","--"
"FOXA","FOX CORP CLASS A","Communication","Equity","1086828.72","0.0135","1086828.72","16248","66.89","United States","NASDAQ","USD","1","--"
"IOT","SAMSARA INC CLASS A","Information Technology","Equity","1087256.4","0.0135","1087256.4","31243","34.8","United States","NYSE","USD","1","--"
"CRCL","CIRCLE INTERNET GROUP INC CLASS A","Information Technology","Equity","1085867.28","0.01349","1085867.28","13526","80.28","United States","NYSE","USD","1","--"
"LISP","CHOCOLADEFABRIKEN LINDT & SPRUENGL","Consumer Staples","Equity","1072165.21","0.01332","1072165.21","92","11653.97","Switzerland","SIX Swiss Exchange","USD","0.79415","--"
"4307","NOMURA RESEARCH INSTITUTE LTD","Information Technology","Equity","1072264.06","0.01332","1072264.06","35200","30.46","Japan","Tokyo Stock Exchange","USD","160.265","--"
"SY1","SYMRISE AG","Materials","Equity","1072341.7","0.01332","1072341.7","12146","88.29","Germany","Xetra","USD","0.86513","--"
"SIG","SIGMA HEALTHCARE LTD","Health Care","Equity","1071355.95","0.01331","1071355.95","518151","2.07","Australia","Asx - All Markets","USD","1.41223","--"
"MZTF","MIZRAHI TEFAHOT BANK LTD","Financials","Equity","1070072.13","0.01329","1070072.13","15473","69.16","Israel","Tel Aviv Stock Exchange","USD","2.92955","--"
"1801","TAISEI CORP","Industrials","Equity","1068527.13","0.01327","1068527.13","12900","82.83","Japan","Tokyo Stock Exchange","USD","160.265","--"
"ORSTED","ORSTED A/S","Utilities","Equity","1067751.83","0.01326","1067751.83","43058","24.8","Denmark","Omx Nordic Exchange Copenhagen A/S","USD","6.46625","--"
"7453","RYOHIN KEIKAKU LTD","Consumer Discretionary","Equity","1065678.1","0.01324","1065678.1","48700","21.88","Japan","Tokyo Stock Exchange","USD","160.265","--"
"LYC","LYNAS RARE EARTHS LTD","Materials","Equity","1064848.88","0.01323","1064848.88","82809","12.86","Australia","Asx - All Markets","USD","1.41223","--"
"ITRK","INTERTEK GROUP PLC","Industrials","Equity","1063877.3","0.01321","1063877.3","14569","73.02","United Kingdom","London Stock Exchange","USD","0.74702","--"
"AGN","AEGON LTD","Financials","Equity","1062878.67","0.0132","1062878.67","127358","8.35","Netherlands","Euronext Amsterdam","USD","0.86513","--"
"FNF","FIDELITY NATIONAL FINANCIAL INC","Financials","Equity","1061665.2","0.01319","1061665.2","22398","47.4","United States","NYSE","USD","1","--"
"SGE","THE SAGE GROUP PLC","Information Technology","Equity","1061765.78","0.01319","1061765.78","91168","11.65","United Kingdom","London Stock Exchange","USD","0.74702","--"
"BN4","KEPPEL LTD","Industrials","Equity","1061464.7","0.01318","1061464.7","129200","8.22","Singapore","Singapore Exchange","USD","1.289","--"
"TEN","TENARIS SA","Energy","Equity","1060441.5","0.01317","1060441.5","33853","31.32","Italy","Borsa Italiana","USD","0.86513","--"
"CARL B","CARLSBERG AS CL B","Consumer Staples","Equity","1055135.05","0.01311","1055135.05","8351","126.35","Denmark","Omx Nordic Exchange Copenhagen A/S","USD","6.46625","--"
"METSO","METSO CORPORATION","Industrials","Equity","1054663.09","0.0131","1054663.09","57169","18.45","Finland","Nasdaq Omx Helsinki Ltd.","USD","0.86513","--"
"CHKP","CHECK POINT SOFTWARE TECHNOLOGIES","Information Technology","Equity","1053012.46","0.01308","1053012.46","7753","135.82","Israel","NASDAQ","USD","1","Jun 28, 1996"
"IAG","IA FINANCIAL INC","Financials","Equity","1052342.02","0.01307","1052342.02","8298","126.82","Canada","Toronto Stock Exchange","USD","1.39175","--"
"7832","BANDAI NAMCO HOLDINGS INC","Consumer Discretionary","Equity","1050883.85","0.01305","1050883.85","44900","23.4","Japan","Tokyo Stock Exchange","USD","160.265","--"
"6","POWER ASSETS HOLDINGS LTD","Utilities","Equity","1050996.51","0.01305","1050996.51","146000","7.2","Hong Kong","Hong Kong Exchanges And Clearing Ltd","USD","7.83485","--"
"HEN3","HENKEL & KGAA PREF AG","Consumer Staples","Equity","1049088.6","0.01303","1049088.6","13526","77.56","Germany","Xetra","USD","0.86513","--"
"RKT","ROCKET COMPANIES INC CLASS A","Financials","Equity","1046661","0.013","1046661","82740","12.65","United States","NYSE","USD","1","--"
"SOL","WASHINGTON H SOUL PATTINSON & COMP","Financials","Equity","1040550.02","0.01292","1040550.02","34246","30.38","Australia","Asx - All Markets","USD","1.41223","--"
"AKZA","AKZO NOBEL NV","Materials","Equity","1034722.89","0.01285","1034722.89","15617","66.26","Netherlands","Euronext Amsterdam","USD","0.86513","--"
"FORTUM","FORTUM","Utilities","Equity","1030138.09","0.01279","1030138.09","42177","24.42","Finland","Nasdaq Omx Helsinki Ltd.","USD","0.86513","--"
"SVT","SEVERN TRENT PLC","Utilities","Equity","1028998.52","0.01278","1028998.52","25934","39.68","United Kingdom","London Stock Exchange","USD","0.74702","--"
"KEY","KEYERA CORP","Energy","Equity","1027541.4","0.01276","1027541.4","24858","41.34","Canada","Toronto Stock Exchange","USD","1.39175","--"
"CG","CARLYLE GROUP INC","Financials","Equity","1024301.84","0.01272","1024301.84","23558","43.48","United States","NASDAQ","USD","1","--"
"9531","TOKYO GAS LTD","Utilities","Equity","1023523.54","0.01271","1023523.54","26500","38.62","Japan","Tokyo Stock Exchange","USD","160.265","--"
"8795","T&D HOLDINGS INC","Financials","Equity","1018987.3","0.01266","1018987.3","37200","27.39","Japan","Tokyo Stock Exchange","USD","160.265","--"
"7735","SCREEN HOLDINGS LTD","Information Technology","Equity","1016609.99","0.01263","1016609.99","12900","78.81","Japan","Tokyo Stock Exchange","USD","160.265","--"
"PNR","PENTAIR","Industrials","Equity","1015248.85","0.01261","1015248.85","13879","73.15","United States","NYSE","USD","1","--"
"1802","OBAYASHI CORP","Industrials","Equity","1013938.79","0.01259","1013938.79","51900","19.54","Japan","Tokyo Stock Exchange","USD","160.265","--"
"7532","PAN PACIFIC INTERNATIONAL HOLDINGS","Consumer Discretionary","Equity","1004934.58","0.01248","1004934.58","193600","5.19","Japan","Tokyo Stock Exchange","USD","160.265","--"
"TOST","TOAST INC CLASS A","Financials","Equity","1002010.24","0.01245","1002010.24","40666","24.64","United States","NYSE","USD","1","--"
"ASRNL","ASR NEDERLAND NV","Financials","Equity","998948.89","0.01241","998948.89","13670","73.08","Netherlands","Euronext Amsterdam","USD","0.86513","--"
"CLX","CLOROX","Consumer Staples","Equity","997319.16","0.01239","997319.16","10594","94.14","United States","NYSE","USD","1","--"
"CHTR","CHARTER COMMUNICATIONS INC CLASS A","Communication","Equity","996449.04","0.01238","996449.04","7542","132.12","United States","NASDAQ","USD","1","--"
"CICT","CAPITALAND INTEGRATED COMMERCIAL T","Real Estate","Equity","994867.56","0.01236","994867.56","564927","1.76","Singapore","Singapore Exchange","USD","1.289","--"
"FGR","EIFFAGE SA","Industrials","Equity","990065.63","0.0123","990065.63","6855","144.43","France","Nyse Euronext - Euronext Paris","USD","0.86513","--"
"AKRBP","AKER BP","Energy","Equity","989568.81","0.01229","989568.81","26753","36.99","Norway","Oslo Bors Asa","USD","9.4217","--"
"ALLE","ALLEGION PLC","Industrials","Equity","989606.48","0.01229","989606.48","7603","130.16","United States","NYSE","USD","1","--"
"NWSA","NEWS CORP CLASS A","Communication","Equity","987002.82","0.01226","987002.82","36207","27.26","United States","NASDAQ","USD","1","--"
"ADM","ADMIRAL GROUP PLC","Financials","Equity","985482.08","0.01224","985482.08","22349","44.1","United Kingdom","London Stock Exchange","USD","0.74702","--"
"BKT","BANKINTER SA","Financials","Equity","984489.88","0.01223","984489.88","60663","16.23","Spain","Bolsa De Madrid","USD","0.86513","--"
"BEAN","BELIMO N AG","Industrials","Equity","981880","0.0122","981880","864","1136.44","Switzerland","SIX Swiss Exchange","USD","0.79415","--"
"3","HONG KONG AND CHINA GAS LTD","Utilities","Equity","980661.66","0.01218","980661.66","1126589","0.87","Hong Kong","Hong Kong Exchanges And Clearing Ltd","USD","7.83485","--"
"AGS","AGEAS SA","Financials","Equity","980839.52","0.01218","980839.52","13363","73.4","Belgium","Nyse Euronext - Euronext Brussels","USD","0.86513","--"
"J36","JARDINE MATHESON HOLDINGS LTD","Industrials","Equity","978432","0.01215","978432","15600","62.72","Hong Kong","Singapore Exchange","USD","1","--"
"6479","MINEBEA MITSUMI INC","Industrials","Equity","978451.94","0.01215","978451.94","31400","31.16","Japan","Tokyo Stock Exchange","USD","160.265","--"
"DPZ","DOMINOS PIZZA INC","Consumer Discretionary","Equity","973996.98","0.0121","973996.98","3102","313.99","United States","NASDAQ","USD","1","--"
"LISN","CHOCOLADEFABRIKEN LINDT & SPRUENGL","Consumer Staples","Equity","963042.25","0.01196","963042.25","8","120380.28","Switzerland","SIX Swiss Exchange","USD","0.79415","--"
"1928","SEKISUI HOUSE LTD","Consumer Discretionary","Equity","963308.27","0.01196","963308.27","48200","19.99","Japan","Tokyo Stock Exchange","USD","160.265","--"
"PODD","INSULET CORP","Health Care","Equity","961455.5","0.01194","961455.5","6275","153.22","United States","NASDAQ","USD","1","--"
"EDV","ENDEAVOUR MINING","Materials","Equity","936679.17","0.01163","936679.17","17603","53.21","United Kingdom","London Stock Exchange","USD","0.74702","--"
"8473","SBI HOLDINGS INC","Financials","Equity","929357","0.01154","929357","51600","18.01","Japan","Tokyo Stock Exchange","USD","160.265","--"
"X","TMX GROUP LTD","Financials","Equity","927743.26","0.01152","927743.26","26053","35.61","Canada","Toronto Stock Exchange","USD","1.39175","--"
"BNZL","BUNZL","Industrials","Equity","920486.93","0.01143","920486.93","27839","33.06","United Kingdom","London Stock Exchange","USD","0.74702","--"
"CA","CARREFOUR SA","Consumer Staples","Equity","913363.4","0.01134","913363.4","48477","18.84","France","Nyse Euronext - Euronext Paris","USD","0.86513","--"
"GIL","GILDAN ACTIVEWEAR INC","Consumer Discretionary","Equity","911203.09","0.01132","911203.09","15785","57.73","Canada","Toronto Stock Exchange","USD","1.39175","--"
"OMV","OMV AG","Energy","Equity","910920.87","0.01131","910920.87","12430","73.28","Austria","Wiener Boerse Ag","USD","0.86513","--"
"AC","ACCOR SA","Consumer Discretionary","Equity","908978.66","0.01129","908978.66","17325","52.47","France","Nyse Euronext - Euronext Paris","USD","0.86513","--"
"TEL2 B","TELE2 B","Communication","Equity","906586.3","0.01126","906586.3","49067","18.48","Sweden","Nasdaq Omx Nordic","USD","9.4309","--"
"MPL","MEDIBANK PRIVATE LTD","Financials","Equity","902981.84","0.01122","902981.84","266782","3.38","Australia","Asx - All Markets","USD","1.41223","--"
"MNG","M&G PLC","Financials","Equity","896776.76","0.01114","896776.76","214784","4.18","United Kingdom","London Stock Exchange","USD","0.74702","--"
"SN","SHARKNINJA INC","Consumer Discretionary","Equity","894815.76","0.01111","894815.76","7468","119.82","United States","NYSE","USD","1","--"
"3402","TORAY INDUSTRIES INC","Materials","Equity","888718.68","0.01104","888718.68","127000","7","Japan","Tokyo Stock Exchange","USD","160.265","--"
"288","WH GROUP LTD","Consumer Staples","Equity","886395.4","0.01101","886395.4","772500","1.15","Hong Kong","Hong Kong Exchanges And Clearing Ltd","USD","7.83485","--"
"FOX","FOX CORP CLASS B","Communication","Equity","880355.76","0.01093","880355.76","14702","59.88","United States","NASDAQ","USD","1","--"
"APA","APA GROUP UNITS","Utilities","Equity","874619.06","0.01086","874619.06","118880","7.36","Australia","Asx - All Markets","USD","1.41223","--"
"MOWI","MOWI","Consumer Staples","Equity","869998.43","0.01081","869998.43","42938","20.26","Norway","Oslo Bors Asa","USD","9.4217","--"
"MKS","MARKS AND SPENCER GROUP PLC","Consumer Staples","Equity","861904.73","0.01071","861904.73","176352","4.89","United Kingdom","London Stock Exchange","USD","0.74702","--"
"TEL","TELENOR","Communication","Equity","855650.93","0.01063","855650.93","54178","15.79","Norway","Oslo Bors Asa","USD","9.4217","--"
"PSON","PEARSON PLC","Consumer Discretionary","Equity","856049.86","0.01063","856049.86","55152","15.52","United Kingdom","London Stock Exchange","USD","0.74702","Jan 02, 1985"
"BVI","BUREAU VERITAS SA","Industrials","Equity","855116.7","0.01062","855116.7","28864","29.63","France","Nyse Euronext - Euronext Paris","USD","0.86513","--"
"ATRL","ATKINSREALIS GROUP INC","Industrials","Equity","855309.88","0.01062","855309.88","14876","57.5","Canada","Toronto Stock Exchange","USD","1.39175","--"
"SKF B","SKF B","Industrials","Equity","854571.8","0.01061","854571.8","32682","26.15","Sweden","Nasdaq Omx Nordic","USD","9.4309","--"
"GALP","GALP ENERGIA SGPS SA CLASS B","Energy","Equity","845980.09","0.01051","845980.09","38000","22.26","Portugal","Nyse Euronext - Euronext Lisbon","USD","0.86513","--"
"RXL","REXEL SA","Industrials","Equity","840175.16","0.01044","840175.16","19800","42.43","France","Nyse Euronext - Euronext Paris","USD","0.86513","--"
"C6L","SINGAPORE AIRLINES LTD","Industrials","Equity","839752.52","0.01043","839752.52","155300","5.41","Singapore","Singapore Exchange","USD","1.289","--"
"EVO","EVOLUTION","Consumer Discretionary","Equity","837409.96","0.0104","837409.96","11321","73.97","Sweden","Nasdaq Omx Nordic","USD","9.4309","--"
"7186","YOKOHAMA FINANCIAL GROUP INC","Financials","Equity","837553.43","0.0104","837553.43","81500","10.28","Japan","Tokyo Stock Exchange","USD","160.265","--"
"4684","OBIC LTD","Information Technology","Equity","834651.98","0.01037","834651.98","33500","24.91","Japan","Tokyo Stock Exchange","USD","160.265","--"
"H","HYATT HOTELS CORP CLASS A","Consumer Discretionary","Equity","834212.26","0.01036","834212.26","4321","193.06","United States","NYSE","USD","1","--"
"EPI B","EPIROC CLASS B","Industrials","Equity","829938.39","0.01031","829938.39","33449","24.81","Sweden","Nasdaq Omx Nordic","USD","9.4309","--"
"XRO","XERO LTD","Information Technology","Equity","824790.19","0.01024","824790.19","14694","56.13","Australia","Asx - All Markets","USD","1.41223","--"
"HOT","HOCHTIEF AG","Industrials","Equity","823870.04","0.01023","823870.04","1437","573.32","Germany","Xetra","USD","0.86513","--"
"CNH","CNH INDUSTRIAL N.V. NV","Industrials","Equity","818892","0.01017","818892","76176","10.75","United States","NYSE","USD","1","--"
"G1A","GEA GROUP AG","Industrials","Equity","816039.97","0.01014","816039.97","12930","63.11","Germany","Xetra","USD","0.86513","--"
"HEIO","HEINEKEN HOLDING NV","Consumer Staples","Equity","814882.91","0.01012","814882.91","11557","70.51","Netherlands","Euronext Amsterdam","USD","0.86513","--"
"UNI","UNIPOL ASSICURAZIONI SPA","Financials","Equity","813424.78","0.0101","813424.78","33719","24.12","Italy","Borsa Italiana","USD","0.86513","--"
"H78","HONGKONG LAND HOLDINGS LTD","Real Estate","Equity","812174","0.01009","812174","110200","7.37","Hong Kong","Singapore Exchange","USD","1","--"
"UAL","UNITED AIRLINES HOLDINGS INC","Industrials","Equity","807777.2","0.01003","807777.2","7640","105.73","United States","NASDAQ","USD","1","--"
"BCP","BANCO COMERCIAL PORTUGUES SA","Financials","Equity","803084.71","0.00997","803084.71","749159","1.07","Portugal","Nyse Euronext - Euronext Lisbon","USD","0.86513","--"
"STN","STANTEC INC","Industrials","Equity","801856.25","0.00996","801856.25","10839","73.98","Canada","Toronto Stock Exchange","USD","1.39175","--"
"NTGY","NATURGY ENERGY GROUP SA","Utilities","Equity","801303.12","0.00995","801303.12","23954","33.45","Spain","Bolsa De Madrid","USD","0.86513","--"
"ADDT B","ADDTECH CLASS B","Industrials","Equity","798112.08","0.00991","798112.08","23174","34.44","Sweden","Nasdaq Omx Nordic","USD","9.4309","--"
"SOBI","SWEDISH ORPHAN BIOVITRUM","Health Care","Equity","794379.65","0.00987","794379.65","16775","47.35","Sweden","Nasdaq Omx Nordic","USD","9.4309","--"
"FRES","FRESNILLO PLC","Materials","Equity","790607.95","0.00982","790607.95","19779","39.97","United Kingdom","London Stock Exchange","USD","0.74702","--"
"HKD","HKD CASH","Cash and/or Derivatives","Cash","788015.39","0.00979","788015.39","6173982","12.76","Hong Kong","--","USD","7.83485","--"
"UHR","THE SWATCH GROUP AG","Consumer Discretionary","Equity","783094.76","0.00973","783094.76","3059","256","Switzerland","SIX Swiss Exchange","USD","0.79415","--"
"CCL.B","CCL INDUSTRIES INC CLASS B","Materials","Equity","777133.47","0.00965","777133.47","12953","60","Canada","Toronto Stock Exchange","USD","1.39175","--"
"AUD","AUD CASH","Cash and/or Derivatives","Cash","773698.05","0.00961","773698.05","1092640","70.81","Australia","--","USD","1.41223","--"
"4188","MITSUBISHI CHEMICAL GROUP CORP","Materials","Equity","766747.57","0.00952","766747.57","115600","6.63","Japan","Tokyo Stock Exchange","USD","160.265","--"
"GRAB","GRAB HOLDINGS LTD CLASS A","Industrials","Equity","765638.22","0.00951","765638.22","229233","3.34","Singapore","NASDAQ","USD","1","--"
"ERF","EUROFINS SCIENTIFIC","Health Care","Equity","763467.42","0.00948","763467.42","10174","75.04","France","Nyse Euronext - Euronext Paris","USD","0.86513","--"
"FME","FRESENIUS MEDICAL CARE AG","Health Care","Equity","762120.03","0.00947","762120.03","17269","44.13","Germany","Xetra","USD","0.86513","--"
"EFN","ELEMENT FLEET MANAGEMENT CORP","Industrials","Equity","762285.46","0.00947","762285.46","39601","19.25","Canada","Toronto Stock Exchange","USD","1.39175","--"
"GFL","GFL ENVIRONMENTAL SUBORDINATE VOTI","Industrials","Equity","761424.14","0.00946","761424.14","21404","35.57","Canada","Toronto Stock Exchange","USD","1.39175","--"
"SKA B","SKANSKA B","Industrials","Equity","757915.49","0.00941","757915.49","29151","26","Sweden","Nasdaq Omx Nordic","USD","9.4309","--"
"MAERSK B","A P MOLLER MAERSK B","Industrials","Equity","752135.32","0.00934","752135.32","273","2755.07","Denmark","Omx Nordic Exchange Copenhagen A/S","USD","6.46625","--"
"YAR","YARA INTERNATIONAL","Materials","Equity","742459.99","0.00922","742459.99","14169","52.4","Norway","Oslo Bors Asa","USD","9.4217","--"
"AIA","AUCKLAND INTERNATIONAL AIRPORT LTD","Industrials","Equity","737582.1","0.00916","737582.1","151996","4.85","New Zealand","New Zealand Exchange Ltd","USD","1.71659","--"
"TREL B","TRELLEBORG B","Industrials","Equity","735760.11","0.00914","735760.11","16680","44.11","Sweden","Nasdaq Omx Nordic","USD","9.4309","--"
"MICC","MAGNUM ICE CREAM NV","Consumer Staples","Equity","734751.51","0.00913","734751.51","42828","17.16","Netherlands","Euronext Amsterdam","USD","0.86513","--"
"ABF","ASSOCIATED BRITISH FOODS PLC","Consumer Staples","Equity","733776.29","0.00911","733776.29","29407","24.95","United Kingdom","London Stock Exchange","USD","0.74702","--"
"ORNBV","ORION CLASS B","Health Care","Equity","731581.65","0.00909","731581.65","9061","80.74","Finland","Nasdaq Omx Helsinki Ltd.","USD","0.86513","--"
"7270","SUBARU CORP","Consumer Discretionary","Equity","732069.39","0.00909","732069.39","47800","15.32","Japan","Tokyo Stock Exchange","USD","160.265","--"
"INDU C","INDUSTRIVARDEN SERIES","Financials","Equity","729233.65","0.00906","729233.65","13821","52.76","Sweden","Nasdaq Omx Nordic","USD","9.4309","--"
"LI","KLEPIERRE REIT SA","Real Estate","Equity","729235","0.00906","729235","18181","40.11","France","Nyse Euronext - Euronext Paris","USD","0.86513","--"
"BNR","BRENNTAG","Industrials","Equity","725226.46","0.00901","725226.46","11046","65.65","Germany","Xetra","USD","0.86513","--"
"CON","CONTINENTAL AG","Consumer Discretionary","Equity","721947.31","0.00897","721947.31","9094","79.39","Germany","Xetra","USD","0.86513","--"
"MRO","MELROSE INDUSTRIES PLC","Industrials","Equity","717666.96","0.00891","717666.96","114701","6.26","United Kingdom","London Stock Exchange","USD","0.74702","--"
"MAERSK A","A P MOLLER MAERSK","Industrials","Equity","713309.88","0.00886","713309.88","266","2681.62","Denmark","Omx Nordic Exchange Copenhagen A/S","USD","6.46625","--"
"4523","EISAI LTD","Health Care","Equity","708997.6","0.00881","708997.6","30100","23.55","Japan","Tokyo Stock Exchange","USD","160.265","--"
"6586","MAKITA CORP","Industrials","Equity","708382.99","0.0088","708382.99","20500","34.56","Japan","Tokyo Stock Exchange","USD","160.265","--"
"CLAR","CAPITALAND ASCENDAS REIT","Real Estate","Equity","707585.06","0.00879","707585.06","369262","1.92","Singapore","Singapore Exchange","USD","1.289","--"
"5019","IDEMITSU KOSAN LTD","Energy","Equity","706592.21","0.00878","706592.21","82000","8.62","Japan","Tokyo Stock Exchange","USD","160.265","--"
"KBX","KNORR BREMSE AG","Industrials","Equity","707003.92","0.00878","707003.92","6080","116.28","Germany","Xetra","USD","0.86513","--"
"SECU B","SECURITAS B","Industrials","Equity","703339.02","0.00874","703339.02","42520","16.54","Sweden","Nasdaq Omx Nordic","USD","9.4309","--"
"TLC","THE LOTTERY CORPORATION LTD","Consumer Discretionary","Equity","703395.07","0.00874","703395.07","190298","3.7","Australia","Asx - All Markets","USD","1.41223","--"
"IFT","INFRATIL LTD","Financials","Equity","700551.06","0.0087","700551.06","77987","8.98","New Zealand","New Zealand Exchange Ltd","USD","1.71659","--"
"TRYG","TRYG","Financials","Equity","700633.72","0.0087","700633.72","30632","22.87","Denmark","Omx Nordic Exchange Copenhagen A/S","USD","6.46625","--"
"1803","SHIMIZU CORP","Industrials","Equity","699757.9","0.00869","699757.9","44600","15.69","Japan","Tokyo Stock Exchange","USD","160.265","--"
"EQX","EQUINOX GOLD CORP","Materials","Equity","697818.77","0.00867","697818.77","64488","10.82","Canada","Toronto Stock Exchange","USD","1.39175","--"
"9042","HANKYU HANSHIN HOLDINGS INC","Industrials","Equity","697829.22","0.00867","697829.22","25200","27.69","Japan","Tokyo Stock Exchange","USD","160.265","--"
"CAE","CAE INC","Industrials","Equity","697597.79","0.00866","697597.79","27318","25.54","Canada","Toronto Stock Exchange","USD","1.39175","--"
"DHER","DELIVERY HERO","Consumer Discretionary","Equity","696460.67","0.00865","696460.67","15351","45.37","Germany","Xetra","USD","0.86513","--"
"AM","DASSAULT AVIATION SA","Industrials","Equity","694650.13","0.00863","694650.13","2018","344.23","France","Nyse Euronext - Euronext Paris","USD","0.86513","--"
"COLO B","COLOPLAST B","Health Care","Equity","692069.3","0.0086","692069.3","11663","59.34","Denmark","Omx Nordic Exchange Copenhagen A/S","USD","6.46625","--"
"ELI","ELIA GROUP SA","Utilities","Equity","691340.32","0.00859","691340.32","4414","156.62","Belgium","Nyse Euronext - Euronext Brussels","USD","0.86513","--"
"66","MTR CORPORATION CORP LTD","Industrials","Equity","690647.56","0.00858","690647.56","172000","4.02","Hong Kong","Hong Kong Exchanges And Clearing Ltd","USD","7.83485","--"
"RBI","RAIFFEISEN BANK INTERNATIONAL AG","Financials","Equity","687551.51","0.00854","687551.51","12080","56.92","Austria","Wiener Boerse Ag","USD","0.86513","--"
"9021","WEST JAPAN RAILWAY","Industrials","Equity","685566.41","0.00852","685566.41","43800","15.65","Japan","Tokyo Stock Exchange","USD","160.265","--"
"6841","YOKOGAWA ELECTRIC CORP","Information Technology","Equity","684778.34","0.00851","684778.34","21000","32.61","Japan","Tokyo Stock Exchange","USD","160.265","--"
"BS6","YANGZIJIANG SHIPBUILDING (HOLDINGS","Industrials","Equity","679163.69","0.00844","679163.69","247300","2.75","Singapore","Singapore Exchange","USD","1.289","--"
"BEI","BEIERSDORF AG","Consumer Staples","Equity","675785.38","0.00839","675785.38","8352","80.91","Germany","Xetra","USD","0.86513","--"
"HM B","HENNES & MAURITZ","Consumer Discretionary","Equity","672401.53","0.00835","672401.53","38132","17.63","Sweden","Nasdaq Omx Nordic","USD","9.4309","--"
"ORK","ORKLA","Consumer Staples","Equity","670109.53","0.00832","670109.53","64490","10.39","Norway","Oslo Bors Asa","USD","9.4217","--"
"SAP","SAPUTO INC","Consumer Staples","Equity","668048.51","0.0083","668048.51","21703","30.78","Canada","Toronto Stock Exchange","USD","1.39175","--"
"IG","ITALGAS","Utilities","Equity","656308.55","0.00815","656308.55","54912","11.95","Italy","Borsa Italiana","USD","0.86513","--"
"5201","AGC INC","Industrials","Equity","656387.86","0.00815","656387.86","13600","48.26","Japan","Tokyo Stock Exchange","USD","160.265","--"
"7272","YAMAHA MOTOR LTD","Consumer Discretionary","Equity","655284.68","0.00814","655284.68","85800","7.64","Japan","Tokyo Stock Exchange","USD","160.265","--"
"27","GALAXY ENTERTAINMENT GROUP LTD","Consumer Discretionary","Equity","653082.06","0.00811","653082.06","164000","3.98","Hong Kong","Hong Kong Exchanges And Clearing Ltd","USD","7.83485","--"
"TIGO","MILLICOM INTERNATIONAL CELLULAR SA","Communication","Equity","652352.72","0.0081","652352.72","7892","82.66","Sweden","NASDAQ","USD","1","--"
"GBLB","GROUPE BRUXELLES LAMBERT NV","Financials","Equity","651195.57","0.00809","651195.57","6981","93.28","Belgium","Nyse Euronext - Euronext Brussels","USD","0.86513","--"
"KGF","KINGFISHER PLC","Consumer Discretionary","Equity","650882.35","0.00808","650882.35","171145","3.8","United Kingdom","London Stock Exchange","USD","0.74702","--"
"LIFCO B","LIFCO CLASS B","Industrials","Equity","643388.78","0.00799","643388.78","20052","32.09","Sweden","Nasdaq Omx Nordic","USD","9.4309","--"
"ANA","ACCIONA SA","Utilities","Equity","642872.05","0.00798","642872.05","2259","284.58","Spain","Bolsa De Madrid","USD","0.86513","--"
"QIA","QIAGEN NV","Health Care","Equity","640261.98","0.00795","640261.98","17353","36.9","Germany","Deutsche Boerse Xetra","USD","0.86513","--"
"ALO","ALSTOM SA","Industrials","Equity","639068","0.00794","639068","32247","19.82","France","Nyse Euronext - Euronext Paris","USD","0.86513","--"
"SCHN","SCHINDLER HOLDING AG","Industrials","Equity","634446.89","0.00788","634446.89","1972","321.73","Switzerland","SIX Swiss Exchange","USD","0.79415","--"
"IAG","INTERNATIONAL AIRLINES GROUP SA","Industrials","Equity","632067.17","0.00785","632067.17","112283","5.63","Spain","Bolsa De Madrid","USD","0.86513","--"
"HEN","HENKEL AG","Consumer Staples","Equity","630039.02","0.00783","630039.02","8728","72.19","Germany","Xetra","USD","0.86513","--"
"BCE","BCE INC","Communication","Equity","629706.37","0.00782","629706.37","25746","24.46","Canada","Toronto Stock Exchange","USD","1.39175","--"
"4689","LY CORP","Communication","Equity","628553.96","0.00781","628553.96","246900","2.55","Japan","Tokyo Stock Exchange","USD","160.265","--"
"PNDORA","PANDORA","Consumer Discretionary","Equity","627994.77","0.0078","627994.77","7011","89.57","Denmark","Omx Nordic Exchange Copenhagen A/S","USD","6.46625","--"
"SRT3","SARTORIUS PREF AG","Health Care","Equity","626000.3","0.00778","626000.3","2288","273.6","Germany","Xetra","USD","0.86513","--"
"TLX","TALANX AG","Financials","Equity","625717.8","0.00777","625717.8","5479","114.2","Germany","Xetra","USD","0.86513","--"
"DSG","DESCARTES SYSTEMS GROUP INC","Information Technology","Equity","624801.44","0.00776","624801.44","8258","75.66","Canada","Toronto Stock Exchange","USD","1.39175","--"
"AZRG","AZRIELI GROUP LTD","Real Estate","Equity","619572.29","0.0077","619572.29","4163","148.83","Israel","Tel Aviv Stock Exchange","USD","2.92955","--"
"EXO","EXOR NV","Financials","Equity","609059.89","0.00756","609059.89","8020","75.94","Netherlands","Euronext Amsterdam","USD","0.86513","--"
"8331","CHIBA BANK LTD","Financials","Equity","606023.77","0.00753","606023.77","40800","14.85","Japan","Tokyo Stock Exchange","USD","160.265","--"
"9107","KAWASAKI KISEN LTD","Industrials","Equity","603461.14","0.0075","603461.14","35800","16.86","Japan","Tokyo Stock Exchange","USD","160.265","--"
"8593","MITSUBISHI HC CAPITAL INC","Financials","Equity","599468.07","0.00745","599468.07","75500","7.94","Japan","Tokyo Stock Exchange","USD","160.265","--"
"PME","PRO MEDICUS LTD","Health Care","Equity","597121.78","0.00742","597121.78","5091","117.29","Australia","Asx - All Markets","USD","1.41223","--"
"4911","SHISEIDO LTD","Consumer Staples","Equity","597132.56","0.00742","597132.56","37100","16.1","Japan","Tokyo Stock Exchange","USD","160.265","--"
"8113","UNICHARM CORP","Consumer Staples","Equity","595616.01","0.0074","595616.01","105500","5.65","Japan","Tokyo Stock Exchange","USD","160.265","--"
"7912","DAI NIPPON PRINTING LTD","Industrials","Equity","593827.72","0.00738","593827.72","36200","16.4","Japan","Tokyo Stock Exchange","USD","160.265","--"
"SDLF","STANDARD LIFE PLC","Financials","Equity","587664.69","0.0073","587664.69","57839","10.16","United Kingdom","London Stock Exchange","USD","0.74702","--"
"CAR","CAR GROUP LTD","Communication","Equity","585135.46","0.00727","585135.46","31230","18.74","Australia","Asx - All Markets","USD","1.41223","--"
"SGP","STOCKLAND STAPLED UNITS LTD","Real Estate","Equity","580945.16","0.00722","580945.16","214211","2.71","Australia","Asx - All Markets","USD","1.41223","--"
"VCX","VICINITY CENTRES","Real Estate","Equity","580587.7","0.00721","580587.7","337417","1.72","Australia","Asx - All Markets","USD","1.41223","--"
"SBRY","SAINSBURY(J) PLC","Consumer Staples","Equity","580785.21","0.00721","580785.21","144379","4.02","United Kingdom","London Stock Exchange","USD","0.74702","Jan 02, 1985"
"STERV","STORA ENSO CLASS R","Materials","Equity","579315.6","0.0072","579315.6","49844","11.62","Finland","Nasdaq Omx Helsinki Ltd.","USD","0.86513","--"
"7911","TOPPAN HOLDINGS INC","Industrials","Equity","579674.91","0.0072","579674.91","21600","26.84","Japan","Tokyo Stock Exchange","USD","160.265","--"
"IPN","IPSEN SA","Health Care","Equity","578758.44","0.00719","578758.44","3173","182.4","France","Nyse Euronext - Euronext Paris","USD","0.86513","--"
"WISE","WISE PLC CLASS A","Financials","Equity","578172.49","0.00718","578172.49","52289","11.06","United Kingdom","London Stock Exchange","USD","0.74702","--"
"DKK","DKK CASH","Cash and/or Derivatives","Cash","576207.06","0.00716","576207.06","3725899","15.46","Denmark","--","USD","6.46625","--"
"7202","ISUZU MOTORS LTD","Consumer Discretionary","Equity","575951.08","0.00715","575951.08","42400","13.58","Japan","Tokyo Stock Exchange","USD","160.265","--"
"4755","RAKUTEN GROUP INC","Consumer Discretionary","Equity","568280.91","0.00706","568280.91","120200","4.73","Japan","Tokyo Stock Exchange","USD","160.265","--"
"7309","SHIMANO INC","Consumer Discretionary","Equity","566917.29","0.00704","566917.29","5800","97.74","Japan","Tokyo Stock Exchange","USD","160.265","--"
"G24","SCOUT24 N","Communication","Equity","566403.02","0.00703","566403.02","6456","87.73","Germany","Xetra","USD","0.86513","--"
"GET","GETLINK","Industrials","Equity","563213.94","0.007","563213.94","26728","21.07","France","Nyse Euronext - Euronext Paris","USD","0.86513","--"
"CRBG","COREBRIDGE FINANCIAL INC","Financials","Equity","563361.64","0.007","563361.64","20974","26.86","United States","NYSE","USD","1","--"
"T","TELUS","Communication","Equity","563536.09","0.007","563536.09","45652","12.34","Canada","Toronto Stock Exchange","USD","1.39175","--"
"9843","NITORI HOLDINGS LTD","Consumer Discretionary","Equity","556942.56","0.00692","556942.56","33600","16.58","Japan","Tokyo Stock Exchange","USD","160.265","--"
"6823","HKT TRUST AND HKT UNITS LTD","Communication","Equity","556115.31","0.00691","556115.31","364000","1.53","Hong Kong","Hong Kong Exchanges And Clearing Ltd","USD","7.83485","--"
"ASX","ASX LTD","Financials","Equity","552957.44","0.00687","552957.44","16378","33.76","Australia","Asx - All Markets","USD","1.41223","--"
"LHA","DEUTSCHE LUFTHANSA AG","Industrials","Equity","553125.5","0.00687","553125.5","56724","9.75","Germany","Xetra","USD","0.86513","--"
"KESKOB","KESKO CLASS B","Consumer Staples","Equity","552275.13","0.00686","552275.13","22817","24.2","Finland","Nasdaq Omx Helsinki Ltd.","USD","0.86513","--"
"ELISA","ELISA","Communication","Equity","550622.67","0.00684","550622.67","12005","45.87","Finland","Nasdaq Omx Helsinki Ltd.","USD","0.86513","--"
"SPX","SPIRAX GROUP PLC","Industrials","Equity","547775.58","0.0068","547775.58","6000","91.3","United Kingdom","London Stock Exchange","USD","0.74702","--"
"SCA B","SVENSKA CELLULOSA B","Materials","Equity","547833.85","0.0068","547833.85","50603","10.83","Sweden","Nasdaq Omx Nordic","USD","9.4309","--"
"12","HENDERSON LAND DEVELOPMENT LTD","Real Estate","Equity","544053.81","0.00676","544053.81","153000","3.56","Hong Kong","Hong Kong Exchanges And Clearing Ltd","USD","7.83485","--"
"BEIJ B","BEIJER REF CLASS B","Industrials","Equity","539928.03","0.00671","539928.03","40063","13.48","Sweden","Nasdaq Omx Nordic","USD","9.4309","--"
"INDU A","INDUSTRIVARDEN A","Financials","Equity","539519.4","0.0067","539519.4","9967","54.13","Sweden","Nasdaq Omx Nordic","USD","9.4309","--"
"ZAL","ZALANDO","Consumer Discretionary","Equity","536247.35","0.00666","536247.35","18828","28.48","Germany","Xetra","USD","0.86513","--"
"IVN","IVANHOE MINES LTD CLASS A","Materials","Equity","535183.98","0.00665","535183.98","66802","8.01","Canada","Toronto Stock Exchange","USD","1.39175","--"
"1308","SITC INTERNATIONAL HOLDINGS LTD","Industrials","Equity","535760.1","0.00665","535760.1","120000","4.46","Hong Kong","Hong Kong Exchanges And Clearing Ltd","USD","7.83485","--"
"7259","AISIN CORP","Consumer Discretionary","Equity","534325.02","0.00664","534325.02","35800","14.93","Japan","Tokyo Stock Exchange","USD","160.265","--"
"2801","KIKKOMAN CORP","Consumer Staples","Equity","534397.4","0.00664","534397.4","59600","8.97","Japan","Tokyo Stock Exchange","USD","160.265","--"
"HARL","HAREL INSURANCE INVESTMENTS & FINA","Financials","Equity","532924.85","0.00662","532924.85","9405","56.66","Israel","Tel Aviv Stock Exchange","USD","2.92955","--"
"SHL","SONIC HEALTHCARE LTD","Health Care","Equity","531188.24","0.0066","531188.24","38788","13.69","Australia","Asx - All Markets","USD","1.41223","--"
"QAN","QANTAS AIRWAYS LTD","Industrials","Equity","531364.93","0.0066","531364.93","81655","6.51","Australia","Asx - All Markets","USD","1.41223","--"
"EMSN","EMS-CHEMIE HOLDING AG","Materials","Equity","530722.16","0.00659","530722.16","606","875.78","Switzerland","SIX Swiss Exchange","USD","0.79415","--"
"CTC.A","CANADIAN TIRE LTD CLASS A","Consumer Discretionary","Equity","528512.42","0.00656","528512.42","4118","128.34","Canada","Toronto Stock Exchange","USD","1.39175","--"
"ERIE","ERIE INDEMNITY CLASS A","Financials","Equity","523969.32","0.00651","523969.32","2306","227.22","United States","NASDAQ","USD","1","--"
"SGH","SGH LTD","Industrials","Equity","523410.07","0.0065","523410.07","17633","29.68","Australia","Asx - All Markets","USD","1.41223","--"
"P911","DR ING HC F PORSCHE PRF AG","Consumer Discretionary","Equity","523563.47","0.0065","523563.47","9666","54.17","Germany","Xetra","USD","0.86513","--"
"REC","RECORDATI INDUSTRIA CHIMICA E FARM","Health Care","Equity","521459.55","0.00648","521459.55","8898","58.6","Italy","Borsa Italiana","USD","0.86513","--"
"8951","NIPPON BUILDING FUND REIT INC","Real Estate","Equity","521511.25","0.00648","521511.25","700","745.02","Japan","Tokyo Stock Exchange","USD","160.265","--"
"WTC","WISETECH GLOBAL LTD","Information Technology","Equity","520715.72","0.00647","520715.72","18472","28.19","Australia","Asx - All Markets","USD","1.41223","--"
"HAG","HENSOLDT AG","Industrials","Equity","521237.75","0.00647","521237.75","5724","91.06","Germany","Xetra","USD","0.86513","--"
"4612","NIPPON PAINT HOLDINGS LTD","Materials","Equity","512496.18","0.00637","512496.18","84000","6.1","Japan","Tokyo Stock Exchange","USD","160.265","--"
"BARN","BARRY CALLEBAUT AG","Consumer Staples","Equity","512555.56","0.00637","512555.56","358","1431.72","Switzerland","SIX Swiss Exchange","USD","0.79415","--"
"AMUN","AMUNDI SA","Financials","Equity","511710.98","0.00636","511710.98","5199","98.42","France","Nyse Euronext - Euronext Paris","USD","0.86513","--"
"RNO","RENAULT SA","Consumer Discretionary","Equity","511639.6","0.00635","511639.6","16510","30.99","France","Nyse Euronext - Euronext Paris","USD","0.86513","--"
"CEN","CONTACT ENERGY LTD","Utilities","Equity","502366.89","0.00624","502366.89","89829","5.59","New Zealand","New Zealand Exchange Ltd","USD","1.71659","--"
"JMT","JERONIMO MARTINS SA","Consumer Staples","Equity","498094.6","0.00619","498094.6","24318","20.48","Portugal","Nyse Euronext - Euronext Lisbon","USD","0.86513","--"
"REA","REA GROUP LTD","Communication","Equity","496256.68","0.00616","496256.68","4413","112.45","Australia","Asx - All Markets","USD","1.41223","--"
"1038","CHEUNG KONG INFRASTRUCTURE HOLDING","Utilities","Equity","491675.02","0.00611","491675.02","68000","7.23","Hong Kong","Hong Kong Exchanges And Clearing Ltd","USD","7.83485","--"
"9697","CAPCOM LTD","Communication","Equity","491439.18","0.0061","491439.18","27300","18","Japan","Tokyo Stock Exchange","USD","160.265","--"
"SYENS","SYENSQO NV","Materials","Equity","490107.26","0.00609","490107.26","6319","77.56","Belgium","Nyse Euronext - Euronext Brussels","USD","0.86513","--"
"BOL","BOLLORE","Energy","Equity","488703.41","0.00607","488703.41","77011","6.35","France","Nyse Euronext - Euronext Paris","USD","0.86513","--"
"LAND","LAND SECURITIES GROUP REIT PLC","Real Estate","Equity","488873.27","0.00607","488873.27","58199","8.4","United Kingdom","London Stock Exchange","USD","0.74702","--"
"LOTB","LOTUS BAKERIES NV","Consumer Staples","Equity","484923.17","0.00602","484923.17","38","12761.09","Belgium","Nyse Euronext - Euronext Brussels","USD","0.86513","--"
"TUB","FINANCIERE DE TUBIZE SA","Health Care","Equity","482917.91","0.006","482917.91","1834","263.31","Belgium","Nyse Euronext - Euronext Brussels","USD","0.86513","--"
"NIBE B","NIBE INDUSTRIER CLASS B","Industrials","Equity","482644.02","0.00599","482644.02","123054","3.92","Sweden","Nasdaq Omx Nordic","USD","9.4309","--"
"FSV","FIRSTSERVICE SUBORDINATE VOTING CO","Real Estate","Equity","478323.41","0.00594","478323.41","3393","140.97","Canada","Toronto Stock Exchange","USD","1.39175","--"
"83","SINO LAND LTD","Real Estate","Equity","478385.67","0.00594","478385.67","322000","1.49","Hong Kong","Hong Kong Exchanges And Clearing Ltd","USD","7.83485","--"
"DIM","SARTORIUS STEDIM BIOTECH SA","Health Care","Equity","478513.24","0.00594","478513.24","2314","206.79","France","Nyse Euronext - Euronext Paris","USD","0.86513","--"
"BEPC","BROOKFIELD RENEWABLE SUBORDINATE V","Utilities","Equity","475342.32","0.0059","475342.32","12242","38.83","Canada","Toronto Stock Exchange","USD","1.39175","--"
"7201","NISSAN MOTOR LTD","Consumer Discretionary","Equity","472659.91","0.00587","472659.91","217800","2.17","Japan","Tokyo Stock Exchange","USD","160.265","--"
"AVOL","AVOLTA AG","Consumer Discretionary","Equity","470562.24","0.00584","470562.24","7951","59.18","Switzerland","SIX Swiss Exchange","USD","0.79415","--"
"5411","JFE HOLDINGS INC","Materials","Equity","468293.14","0.00582","468293.14","46500","10.07","Japan","Tokyo Stock Exchange","USD","160.265","--"
"ICL","ICL GROUP LTD","Materials","Equity","468122.92","0.00581","468122.92","81874","5.72","Israel","Tel Aviv Stock Exchange","USD","2.92955","--"
"INDT","INDUTRADE","Industrials","Equity","464739.36","0.00577","464739.36","22639","20.53","Sweden","Nasdaq Omx Nordic","USD","9.4309","--"
"ABVX","ABIVAX SA","Health Care","Equity","464064.37","0.00576","464064.37","4570","101.55","France","Nyse Euronext - Euronext Paris","USD","0.86513","--"
"NOK","NOK CASH","Cash and/or Derivatives","Cash","461215.81","0.00573","461215.81","4345437","10.61","Norway","--","USD","9.4217","--"
"GJF","GJENSIDIGE FORSIKRING","Financials","Equity","460249.76","0.00572","460249.76","17429","26.41","Norway","Oslo Bors Asa","USD","9.4217","--"
"9CI","CAPITALAND INVESTMENT LTD","Real Estate","Equity","460403.41","0.00572","460403.41","235500","1.96","Singapore","Singapore Exchange","USD","1.289","--"
"SDR","SCHRODERS PLC","Financials","Equity","459566.68","0.00571","459566.68","58735","7.82","United Kingdom","London Stock Exchange","USD","0.74702","--"
"BMED","BANCA MEDIOLANUM","Financials","Equity","458532.87","0.0057","458532.87","20291","22.6","Italy","Borsa Italiana","USD","0.86513","--"
"IDR","INDRA SISTEMAS SA","Information Technology","Equity","459155.38","0.0057","459155.38","7165","64.08","Spain","Bolsa De Madrid","USD","0.86513","--"
"PAH3","PORSCHE AUTOMOBIL HOLDING PREF","Consumer Discretionary","Equity","456221.33","0.00567","456221.33","12911","35.34","Germany","Xetra","USD","0.86513","Jan 02, 1990"
"4091","NIPPON SANSO HOLDINGS CORP","Materials","Equity","456597.51","0.00567","456597.51","13100","34.85","Japan","Tokyo Stock Exchange","USD","160.265","--"
"1997","WHARF REAL ESTATE INVESTMENT COMPA","Real Estate","Equity","448937.76","0.00558","448937.76","154000","2.92","Hong Kong","Hong Kong Exchanges And Clearing Ltd","USD","7.83485","--"
"LUG","LUNDIN GOLD INC","Materials","Equity","448021.51","0.00556","448021.51","7993","56.05","Canada","Toronto Stock Exchange","USD","1.39175","--"
"COH","COCHLEAR LTD","Health Care","Equity","444056.13","0.00552","444056.13","6243","71.13","Australia","Asx - All Markets","USD","1.41223","--"
"IGM","IGM FINANCIAL INC","Financials","Equity","444680.18","0.00552","444680.18","7633","58.26","Canada","Toronto Stock Exchange","USD","1.39175","--"
"OPCE","OPC ENERGY LTD","Utilities","Equity","442438.94","0.0055","442438.94","11677","37.89","Israel","Tel Aviv Stock Exchange","USD","2.92955","--"
"1928","SANDS CHINA LTD","Consumer Discretionary","Equity","436410.14","0.00542","436410.14","224800","1.94","Hong Kong","Hong Kong Exchanges And Clearing Ltd","USD","7.83485","--"
"F34","WILMAR INTERNATIONAL LTD","Consumer Staples","Equity","431876.65","0.00536","431876.65","162300","2.66","Singapore","Singapore Exchange","USD","1.289","--"
"INPST","INPOST SA","Industrials","Equity","428365.81","0.00532","428365.81","24127","17.75","Netherlands","Euronext Amsterdam","USD","0.86513","--"
"CU","CANADIAN UTILITIES LTD CLASS A","Utilities","Equity","421797.1","0.00524","421797.1","11506","36.66","Canada","Toronto Stock Exchange","USD","1.39175","--"
"SW","SODEXO SA","Consumer Discretionary","Equity","420016.22","0.00522","420016.22","7323","57.36","France","Nyse Euronext - Euronext Paris","USD","0.86513","--"
"EVK","EVONIK INDUSTRIES AG","Materials","Equity","418931.96","0.0052","418931.96","22823","18.36","Germany","Xetra","USD","0.86513","--"
"EMP.A","EMPIRE LTD CLASS A","Consumer Staples","Equity","416379.74","0.00517","416379.74","11707","35.57","Canada","Toronto Stock Exchange","USD","1.39175","--"
"3659","NEXON LTD","Communication","Equity","415561.73","0.00516","415561.73","29600","14.04","Japan","Tokyo Stock Exchange","USD","160.265","--"
"EDPR","EDP RENEWABLES SA","Utilities","Equity","412989.18","0.00513","412989.18","25466","16.22","Portugal","Nyse Euronext - Euronext Lisbon","USD","0.86513","--"
"BCVN","BC VAUD N","Financials","Equity","413314.36","0.00513","413314.36","2784","148.46","Switzerland","SIX Swiss Exchange","USD","0.79415","--"
"CAD","CAD CASH","Cash and/or Derivatives","Cash","406955.45","0.00505","406955.45","566380","71.85","Canada","--","USD","1.39175","--"
"4768","OTSUKA CORP","Information Technology","Equity","406121.11","0.00504","406121.11","22000","18.46","Japan","Tokyo Stock Exchange","USD","160.265","--"
"RAA","RATIONAL AG","Industrials","Equity","406150.89","0.00504","406150.89","534","760.58","Germany","Xetra","USD","0.86513","--"
"BKW","BKW N AG","Utilities","Equity","401420.01","0.00499","401420.01","2179","184.22","Switzerland","SIX Swiss Exchange","USD","0.79415","--"
"BMW3","BMW PREF AG","Consumer Discretionary","Equity","401825.98","0.00499","401825.98","4952","81.14","Germany","Xetra","USD","0.86513","--"
"7181","JAPAN POST INSURANCE LTD","Financials","Equity","397641.41","0.00494","397641.41","44800","8.88","Japan","Tokyo Stock Exchange","USD","160.265","--"
"VER","VERBUND AG","Utilities","Equity","397758.25","0.00494","397758.25","5798","68.6","Austria","Wiener Boerse Ag","USD","0.86513","--"
"CPR","DAVIDE CAMPARI MILANO NV","Consumer Staples","Equity","396616.18","0.00493","396616.18","62115","6.39","Italy","Borsa Italiana","USD","0.86513","--"
"9435","HIKARI TSUSHIN INC","Industrials","Equity","391308.15","0.00486","391308.15","1700","230.18","Japan","Tokyo Stock Exchange","USD","160.265","--"
"MEL","MERIDIAN ENERGY LTD","Utilities","Equity","389354.22","0.00484","389354.22","113090","3.44","New Zealand","New Zealand Exchange Ltd","USD","1.71659","--"
"FUTU","FUTU HOLDINGS ADR LTD","Financials","Equity","387601.34","0.00481","387601.34","4198","92.33","Hong Kong","NASDAQ","USD","1","--"
"MAP","MAPFRE SA","Financials","Equity","384510.08","0.00478","384510.08","84903","4.53","Spain","Bolsa De Madrid","USD","0.86513","--"
"4151","KYOWA KIRIN LTD","Health Care","Equity","379917.01","0.00472","379917.01","26600","14.28","Japan","Tokyo Stock Exchange","USD","160.265","--"
"LUND B","LUNDBERGFORETAGEN CLASS B","Financials","Equity","378841.57","0.00471","378841.57","6598","57.42","Sweden","Nasdaq Omx Nordic","USD","9.4309","--"
"3003","HULIC LTD","Real Estate","Equity","377150.34","0.00468","377150.34","36500","10.33","Japan","Tokyo Stock Exchange","USD","160.265","--"
"DIE","DIETEREN (D) SA","Consumer Discretionary","Equity","373267.39","0.00464","373267.39","1986","187.95","Belgium","Nyse Euronext - Euronext Brussels","USD","0.86513","--"
"AAF","AIRTEL AFRICA PLC","Communication","Equity","372353.76","0.00462","372353.76","81907","4.55","United Kingdom","London Stock Exchange","USD","0.74702","--"
"SAGA B","SAGAX CLASS B","Real Estate","Equity","366965.04","0.00456","366965.04","21821","16.82","Sweden","Nasdaq Omx Nordic","USD","9.4309","--"
"DEMANT","DEMANT","Health Care","Equity","366233.6","0.00455","366233.6","9390","39","Denmark","Omx Nordic Exchange Copenhagen A/S","USD","6.46625","--"
"BZU","BUZZI","Materials","Equity","362336.27","0.0045","362336.27","7076","51.21","Italy","Borsa Italiana","USD","0.86513","--"
"NEM","NEMETSCHEK","Information Technology","Equity","355801.28","0.00442","355801.28","4776","74.5","Germany","Xetra","USD","0.86513","--"
"9602","TOHO (TOKYO) LTD","Communication","Equity","356112.69","0.00442","356112.69","47600","7.48","Japan","Tokyo Stock Exchange","USD","160.265","--"
"VAR","VAR ENERGI","Energy","Equity","346666.79","0.00431","346666.79","68074","5.09","Norway","Oslo Bors Asa","USD","9.4217","--"
"EVD","CTS EVENTIM AG","Communication","Equity","344832.94","0.00428","344832.94","5494","62.77","Germany","Xetra","USD","0.86513","--"
"SALM","SALMAR","Consumer Staples","Equity","343920.1","0.00427","343920.1","6068","56.68","Norway","Oslo Bors Asa","USD","9.4217","--"
"7550","ZENSHO HOLDINGS LTD","Consumer Discretionary","Equity","338559.26","0.00421","338559.26","7200","47.02","Japan","Tokyo Stock Exchange","USD","160.265","--"
"8136","SANRIO LTD","Consumer Discretionary","Equity","335425.7","0.00417","335425.7","59400","5.65","Japan","Tokyo Stock Exchange","USD","160.265","--"
"OCTV SDB","OCTAVE INTELLIGENCE SDR PLC","Information Technology","Equity","319094.04","0.00396","319094.04","18085","17.64","Sweden","Nasdaq Omx Nordic","USD","9.4309","--"
"GFC","GECINA SA","Real Estate","Equity","317311.19","0.00394","317311.19","3834","82.76","France","Nyse Euronext - Euronext Paris","USD","0.86513","--"
"CSG","CSG CLASS A NV","Industrials","Equity","308430.59","0.00383","308430.59","17925","17.21","Netherlands","Euronext Amsterdam","USD","0.86513","--"
"19","SWIRE PACIFIC LTD A","Industrials","Equity","303011.54","0.00376","303011.54","28500","10.63","Hong Kong","Hong Kong Exchanges And Clearing Ltd","USD","7.83485","--"
"SOF","SOFINA SA","Financials","Equity","297753.37","0.0037","297753.37","1197","248.75","Belgium","Nyse Euronext - Euronext Brussels","USD","0.86513","--"
"VSURE","VERISURE PLC","Industrials","Equity","296200.81","0.00368","296200.81","23338","12.69","Sweden","Nasdaq Omx Nordic","USD","0.86513","--"
"BALD B","FASTIGHETS BALDER CLASS B","Real Estate","Equity","294427.15","0.00366","294427.15","55225","5.33","Sweden","Nasdaq Omx Nordic","USD","9.4309","--"
"ADP","AEROPORTS DE PARIS SA","Industrials","Equity","292011.55","0.00363","292011.55","2361","123.68","France","Nyse Euronext - Euronext Paris","USD","0.86513","--"
"AYV","AYVENS SA","Industrials","Equity","292233.63","0.00363","292233.63","22553","12.96","France","Nyse Euronext - Euronext Paris","USD","0.86513","--"
"BIM","BIOMERIEUX SA","Health Care","Equity","290767.86","0.00361","290767.86","3453","84.21","France","Nyse Euronext - Euronext Paris","USD","0.86513","--"
"1878","DAITO TRUST CONSTRUCTION LTD","Real Estate","Equity","283471.13","0.00352","283471.13","15500","18.29","Japan","Tokyo Stock Exchange","USD","160.265","--"
"9024","SEIBU HOLDINGS INC","Industrials","Equity","281733.38","0.0035","281733.38","17000","16.57","Japan","Tokyo Stock Exchange","USD","160.265","--"
"2587","SUNTORY BEVERAGE & FOOD LTD","Consumer Staples","Equity","280744.39","0.00349","280744.39","10700","26.24","Japan","Tokyo Stock Exchange","USD","160.265","--"
"COV","COVIVIO SA","Real Estate","Equity","280185.25","0.00348","280185.25","4535","61.78","France","Nyse Euronext - Euronext Paris","USD","0.86513","--"
"LATO B","LATOUR INVESTMENT CLASS B","Industrials","Equity","272906.25","0.00339","272906.25","13118","20.8","Sweden","Nasdaq Omx Nordic","USD","9.4309","--"
"CVC","CVC CAPITAL PARTNERS PLC","Financials","Equity","272261.43","0.00338","272261.43","18416","14.78","Netherlands","Euronext Amsterdam","USD","0.86513","--"
"SGD","SGD CASH","Cash and/or Derivatives","Cash","259506.56","0.00322","259506.56","334504","77.58","Singapore","--","USD","1.289","--"
"ILS","ILS CASH","Cash and/or Derivatives","Cash","250007.81","0.00311","250007.81","732410","34.13","Israel","--","USD","2.92955","--"
"ROCK B","ROCKWOOL CLASS B","Industrials","Equity","231901.52","0.00288","231901.52","7524","30.82","Denmark","Omx Nordic Exchange Copenhagen A/S","USD","6.46625","--"
"SEK","SEK CASH","Cash and/or Derivatives","Cash","187854.87","0.00233","187854.87","1771640","10.6","Sweden","--","USD","9.4309","--"
"--","CYBERARK SOFTWARE CONTRA","Information Technology","Equity","183870","0.00228","183870","4086","45","Israel","NO MARKET (E.G. UNLISTED)","USD","1","--"
"SGAFT","CASH COLLATERAL EUR SGAFT","Cash and/or Derivatives","Cash Collateral and Margins","161826","0.00201","161826","140000","115.59","European Union","--","USD","0.86513","Aug 02, 2016"
"SGAFT","CASH COLLATERAL GBP SGAFT","Cash and/or Derivatives","Cash Collateral and Margins","125833.1","0.00156","125833.1","94000","133.87","United Kingdom","--","USD","0.74702","Aug 02, 2016"
"NZD","NZD CASH","Cash and/or Derivatives","Cash","122398.65","0.00152","122398.65","210108","58.26","New Zealand","--","USD","1.71659","--"
"SGAFT","CASH COLLATERAL JPY SGAFT","Cash and/or Derivatives","Cash Collateral and Margins","100614.61","0.00125","100614.61","16125000","0.62","Japan","--","USD","160.265","Aug 02, 2016"
"RED","REDEIA CORPORACION SA","Utilities","Equity","99006.35","0.00123","99006.35","5764","17.18","Spain","Bolsa De Madrid","USD","0.86513","--"
"9202","ANA HOLDINGS INC","Industrials","Equity","85059.12","0.00106","85059.12","4800","17.72","Japan","Tokyo Stock Exchange","USD","160.265","--"
"LUNR","LUNR ROYALTIES CORP","Materials","Equity","18057.65","0.00022","18057.65","1261","14.32","Canada","TSX Venture Exchange","USD","1.39175","--"
"EUR","EUR/USD","Cash and/or Derivatives","FX","5761.48","0.000070","5761.48","-800985","1","United States","--","USD","0.86517","--"
"--","HOLOGIC INC","Health Care","Equity","226.7","0","226.7","22670","0.01","United States","NO MARKET (E.G. UNLISTED)","USD","1","--"
"2299955D","CONSTELLATION SOFTWARE INC","Information Technology","Equity","0.01","0","0.01","989","0","Canada","Toronto Stock Exchange","USD","1.39175","--"
"LEGGR","LEG IMMOBILIEN COUPON","Real Estate","Equity","0.07","0","0.07","6046","0","Germany","Xetra","USD","0.86513","--"
"TPM6","TOPIX INDEX JUN 26","Cash and/or Derivatives","Futures","0","0","1727233.02","7","24.67","--","Osaka Securities Exchange","USD","160.265","--"
"Z M6","FTSE 100 INDEX JUN 26","Cash and/or Derivatives","Futures","0","0","2224622.12","16","13903.91","--","IFLL","USD","0.74702","--"
"VGM6","EURO STOXX 50 JUN 26","Cash and/or Derivatives","Futures","0","0","2314238.95","33","7012.82","European Union","Eurex Deutschland","USD","0.86513","--"
"ESM6","S&P500 EMINI JUN 26","Cash and/or Derivatives","Futures","0","0","18131225","49","7400.5","--","Index And Options Market","USD","1","--"
